zh-CN,zh-TW,en,ja,ko,fr,de,it,es,pt,ru,th,vi,id
“谈剑”,「談劍」,"""A Dialog of Swords""",「談剣」,'검을 논하리라',« Les épées ont parlé »,„Ein Dialog der Schwerter“,"""Dialogo di spade""",“Un diálogo entre espadas”,"""Um Diálogo de Espadas""",«Диалог мечей»,"""บทสนทนา​แห่ง​คม​ดาบ​""","""Lời Đối Đáp Của Kiếm""",“Dialog Pedang”
“以拳问心”,「以拳問心」,"""A Fistful of Reflections""",「心映す一拳」,"'주먹, 부딪히는 마음'",« Une poignée de reflets »,„Für eine Handvoll Reflexionen“,"""Una serie di riflessioni""",“Un puñado de reflexiones”,"""Um Punhado de Reflexões""",Кулак отражений,"""ภาพสะท้อน​ใน​กำมือ​""","""Một Thoáng Suy Ngẫm""",“Segenggam Refleksi”
“启封”,「啟封」,"""A Seal Lifted""",「開封」,'봉인 해제',« Le sceau levé »,„Ein gebrochenes Siegel“,"""Un sigillo sospeso""",“Un sello liberado”,"""Um Selo Rompido""",Снятая печать,"""ผนึก​ที่​ถูก​ปลด​""","""Khi Phong Ấn Được Khai Mở""",“Segel yang Terbuka”
“熄灭火炬”,「熄滅火炬」,"""A Torch Extinguished""",「炬火消ゆ」,'꺼져버린 불씨',« Torche étouffée »,„Eine gelöschte Fackel“,"""Una fiamma estinta""",“Una antorcha apagada”,"""Uma Tocha Extinta""",«Погасший факел»,"""คบเพลิง​ที่​ดับ​แสง​""","""Ngọn Đuốc Lụi Tàn""",“Obor Padam”
“道具赛？”,「道具賽？」,"""Arms Race?""",「アイテムバトル？」,'아이템전?',« Course aux armements ? »,„Wettrüsten“?,"""Corsa agli armamenti?""",“¿Carrera armamentística?”,"""Corrida de Braços?""",Гонка вооружений?,การแข่งขัน​สะสม​อาวุธ​?,"""Cuộc Chạy Đua Vũ Trang?""",“Lomba Senjata?”
“六方巧境”,「六方巧境」,"""Artful Realm of Six Cardinals""",「六方密境」,'여섯 방향의 기묘한 구역',« Royaume artistique des Six Cardinaux »,„Kunstvolles Reich der Sechs Kardinäle“,"""Regno artistico dei sei cardinali""",“El ingenioso reino de los seis cardenales”,"""Reino Artístico dos Seis Cardeais""",«Обитель шести искусных измерений»,"""แดน​ศิลป์​แห่ง​หก​ทิศ​""","""Cõi Tinh Diệu Lục Phương""",“Dunia Seni Enam Kardinal”
“正在抓捕验收人员”,「正在抓捕驗收人員」,"""Auditors Trapped""",「落とし穴チェック係」,'누가 이거 검수했니?',« Auditeurs pris au piège »,„Prüfer in der Falle“,"""Ispezione trappola""",“Auditores atrapados”,"""Auditores Aprisionados""",Ревизоры в западне,"""ผู้ตรวจสอบ​ที่​ติดกับดัก​""","""Kiểm Soát Bị Sa Lưới""",“Auditor Terjebak”
“苏醒”,「甦醒」,"""Awaken""",「復活」,'각성',« Éveil »,„Erwache“,"""Risveglio""",“Despertar”,"""Despertar""",Пробуждение,"""การตื่น​รู้​""","""Thức Tỉnh""",“Bangkit”
“四皇会战”,「四皇會戰」,"""Battle of the Four Emperors""",「四皇会戦」,'사황 결전',« La bataille des quatre empereurs »,„Kampf der vier Kaiser“,"""Battaglia dei quattro imperatori""",“Batalla de los Cuatro Emperadores”,"""Batalha dos Quatro Imperadores""",Битва четырех императоров,"""ศึก​สี่​จักรพรรดิ​""","""Đại Chiến Tứ Hoàng""",“Pertempuran Empat Kaisar”
“小兽的赠礼”,「小獸的贈禮」,"""Beastie's Tribute""",「獣の贈り物」,'작은 야수의 선물',« Don de bestiole »,„Tribut des Fellknäuels“,"""Tributo dell'animaletto""",“Tributo de la pequeña bestia”,"""Tributo Bestial""",Подношение зверька,"""เครื่องบรรณาการ​แห่ง​อสูร​""","""Cống Phẩm Từ Thú Cưng""",“Persembahan si Buas”
“悬顶之剑”,「懸頂之劍」,"""Blade Hanging by a Thread""",「頭上の剣」,'단두대의 칼날',« La lame suspendue »,„Schwebende Gefahr“,"""La lama della ghigliottina""",“Espada pendiendo de un hilo”,"""Lâmina Suspensa Por um Fio""","«Клинок, висящий на волоске»","""คม​ดาบ​ที่​แขวน​อยู่​บน​เส้นด้าย​""","""Kiếm Treo Chỉ Mành""",“Pedang di Ujung Benang”
“雷噪止息”,「雷噪止息」,"""Blitzcrash's Silent Passing""",「噪雷の弔い」,'전뢰가 잦아든 자리',« Le trépas silencieux de Fracas »,„Blitzcrashs leiser Abgesang“,"""Il silenzio del Bottoblitz""",“El paso silencioso de Blitzcrash”,"""A Morte Silenciosa de Blitzcrash""",Молчание Молнии,"""การ​จากไป​อย่าง​เงีย​บๆ​ ของ​บ​ลิตซ์​แค​ร​ช​""","""Bước Qua Trong Lặng Im Của Blitzcrash""",“Blitzcrash Pergi dalam Sunyi”
“星体的残肢”,「星體的殘肢」,"""Broken Remains of Astarron""",「アスタロンの残骸」,'별체의 잔해',« Les restes brisés d'Astarron »,„Zerbrochene Reste von Astarron“,"""Resti spezzati di Astarron""",“Restos Rotos de Astarron”,"""Restos Quebrados de Astarron""",Осколки Астаррона,"""ซากปรักหักพัง​ของ​แอส​ตาร์​รอน​""","""Tàn Tích Vỡ Nát Của Astarron""",“Serpihan-serpihan Astarron”
“希望的孩子”,「希望的孩子」,"""Child of Hope""",「希望の子」,'희망의 아이',« Enfant de l'espoir »,„Kind der Hoffnung“,"""Figlio della speranza""",“Hijo de la esperanza”,"""Filha da Esperança""",«Дитя надежды»,"""บุตร​แห่ง​ความหวัง​""","""Mầm Non Hy Vọng""",“Anak Harapan”
“苍白的溃灭”,「蒼白的潰滅」,"""Collapse of Her Pale Image""",「白亜・潰滅」,'창백한 궤멸',« L'effondrement de son image pâle »,„Zusammenbruch ihres bleichen Ebenbildes“,"""Il collasso del suo compagno marmoreo""",“Colapso de Su Pálida Imagen”,"""Colapso de Sua Imagem Pálida""",Крах бледного облика,"""รูปภาพ​ซี​ดๆ​ ของ​เธอ​ที่​ผุพัง​""","""Tan Vỡ Bóng Hình Phai Tàn""",“Runtuhnya Citra Pucat”
“连接过去”,「連接過去」,"""Connection to the Past""",「過去へ繋ぐ」,'과거와 이어지다',« Écho du passé »,„Verbindung zur Vergangenheit“,"""Legame col passato""",“Conexión con el pasado”,"""Conexão com o Passado""",«Связь с прошлым»,"""ความเชื่อ​ม​โยง​สู่​อดีต​""","""Sợi Dây Nối Về Quá Khứ""",“Hubungan dengan Masa Lalu”
“征服者之死”,「征服者之死」,"""Conqueror's Fall""",「征服者の死」,'정복자의 최후',« La chute de la conquérante »,„Fall der Eroberin“,"""La caduta della conquistatrice""",“La caída del conquistador”,"""A Queda da Conquistadora""",Падение завоевательницы,"""ความพ่ายแพ้​ของ​ผู้พิชิต​""","""Sự Sụp Đổ Của Kẻ Chinh Phạt""",“Tumbangnya sang Penakluk”
“征服者的遗恨”,「征服者的遺恨」,"""Conqueror's Grief""",「征服を望みし者の怨嗟」,'정복자의 미련',« Le chagrin de la conquérante »,„Trauer der Eroberin“,"""Il dolore della conquistatrice""",“La aflicción del conquistador”,"""A Dor da Conquistadora""",Печаль завоевательницы,"""ความ​โศกเศร้า​ของ​ผู้พิชิต​""","""Nỗi Hận Kẻ Chinh Phạt""",“Kesedihan Penakluk”
“死寂争鸣”,「死寂爭鳴」,"""Contention of Deathly Silences""",「死の争鳴」,'적막 속의 외침',« Discorde des silences mortels »,„Streitgespräche in tödlicher Stille“,"""Contesa dei silenzi tombali""",“Contienda de silencios mortales”,"""Disputa dos Silêncios Mortais""",Отпор смертельному безмолвию,"""การ​ห้ำหั่น​แห่ง​ความ​เงียบ​มรณะ​""","""Sóng Ngầm Nơi Biển Lặng Tăm Tối""",“Pertikaian Hening Mematikan”
“核心降落”,「核心降落」,"""Core ex Machina""",「核心設置」,'코어 낙하',« Noyau ex Machina »,„Core ex Machina“,"""Nucleus ex machina""",“Núcleo ex Machina”,"""Núcleo ex Machina""",Ядро из машины,"""คอร์​ เอ็กซ์​ มา​คิ​นา​""","""Lõi Cơ Giới""",“Core ex Machina”
“碾碎拳骨”,「碾碎拳骨」,"""Crushed the Bony Fist""",「骨拳粉砕」,'뼈 분쇄 주먹',« Broyer le poing d'os »,„Von der Knochenbrecher-Faust zermalmt“,"""La fine del Pugno spaccaossa""",“Puño esquelético eliminado”,"""Punho Esmagador de Ossos""",Сокрушение Костоломного Кулака,"""บดขยี้​หมัด​กระดูก​""","""Nghiền Nắm Đấm Xương""",“Menghancurkan Tinju Bonekrusher”
“亡者之舞”,「亡者之舞」,"""Danse Macabre""",「死の舞踏」,'망자의 춤',« Danse macabre »,„Totentanz“,"""Ballata macabra""",“Danza macabra”,"""Dança Macabra""",Пляска смерти,"""ระบำ​มรณะ​""","""Vũ Điệu Tử Thần""",“Danse Macabre”
“Delta救星”,「Delta救星」,"""DELTA Savior""",「Deltaを救う者」,'델타의 구세주',« Sauvetage de DELTA »,„DELTA-Retter“,"""Salvezza dei DELTA""",“Salvador DELTA”,"""Salvador DELTA""",Дельта-спасение,"""ผู้พิทักษ์​เดล​ต้า​""","""Người Cứu DELTA""",“Penyelamat DELTA”
“平步险窟”,「平步險窟」,"""Delver of the Grottoes""",「危地悠々」,'위험 돌파',« Exploration des grottes »,„Höhlenforscher“,"""Speleologia""",“Exploración de cuevas”,"""Explorador das Grutas""",Исследование гротов,"""นัก​สำรวจ​ถ้ำ​""","""Nhà Thám Hiểm Động Sâu""",“Penggali Groto”
“溺水”,「溺水」,"""Drowning in Water""",「溺水」,'숨 막히는 물살',« Noyade aquatique »,„Wasser im Überfluss“,"""Affogamento""",“Bajo el agua”,"""Afogando na Água""",Погружение в воду,"""จมดิ่ง​ใต้​ผืนน้ำ​""","""Chìm Trong Nước""",“Tenggelam di Air”
“寓于枯荣”,「寓於枯榮」,"""Dwelling Upon Wilted Glory""",「栄枯の中に在り」,'시들고 피는 순환',« Nostalgie d'une gloire flétrie »,„Sinnieren über vergängliche Pracht“,"""Indugiare sulla gloria sfiorita""",“Habitando la gloria marchita”,"""Vivendo de Glórias Passadas""",Думы о прошедшей славе,"""ถวิลหา​เกียรติยศ​ที่​ร่วงโรย​""","""Ngự Trú Trong Vinh Quang Tàn Lụi""",“Meratapi Kemegahan yang Memudar”
“熵减”,「熵減」,"""Entropic Reduction""",「エントロピー減少」,'엔트로피 감소',« Réduction entropique »,„Entropische Reduktion“,"""Riduzione entropica""",“Reducción entrópica”,"""Redução Entrópica""",Снижение энтропии,"""การ​ลด​เอน​โทร​ปี​""","""Giảm Entropy""",“Pengurangan Entropi”
“生存专家”,「生存專家」,"""Expert Survivor""",「サバイバルエキスパート」,'생존 전문가',« Expertise en survie »,„Überlebensexperte“,"""Specialista della sopravvivenza""",“Especialista en supervivencia”,"""Sobrevivente Especialista""",Эксперт по выживанию,"""ผู้เชี่ยวชาญ​การ​เอาชีวิต​รอด​""","""Bậc Thầy Sinh Tồn""",“Penyintas Ahli”
“奇境探索者”,「奇境探索者」,"""Explorer of the Realm""",「奇景探検家」,'미지의 구역 탐험가',« Exploration du royaume »,„Entdecker des Reichs“,"""Esploratore del regno""",“Explorador del Reino”,"""Explorador do Reino""",Исследование царства,"""นัก​สำรวจ​แห่ง​ดินแดน​""","""Nhà Thám Hiểm Kỳ Giới""",“Penjelajah Buana”
“同行”,「同行」,"""Fellow Travelers""",「一緒に進もう」,'동행',« Compagnons de voyage »,„Reisebegleiter“,"""Compagni di viaggio""",“Compañeros de viaje”,"""Companheiros de Viagem""",«Вместе в путь»,"""เพื่อนร่วมทาง​""","""Lữ Khách Đồng Hành""",“Sesama Pengelana”
“相庆”,「相慶」,"""Festive Companions""",「共に祝おう」,'경축',« Compagnons festifs »,„Festbegleiter“,"""Compagni di festa""",“Compañeros festivos”,"""Parceiros de Festa""",«Веселые товарищи»,"""สหาย​เทศกาล​""","""Bạn Đồng Hành Lễ Hội""",“Rekan Jamuan”
“初至武陵城”,「初至武陵城」,"""First Visit to Wuling""",「初めての武陵城」,'무릉성을 향한 첫 번째 발걸음',« Première visite à Wuling »,„Erster Besuch in Wuling“,"""Prima visita a Wuling""",“Primera visita a Wuling”,"""Primeira Visita a Wuling""",Первый визит в Улин,"""การเยือน​อู่​หลิง​ครั้งแรก​""","""Đến Võ Lăng Lần Đầu""",“Kunjungan Pertama ke Wuling”
“羽兽三抄水·其之二”,「羽獸三抄水·其之二」,"""Fowlbeast Water Prancer Ⅱ""",「パタパタ羽獣・その2」,'재빠르게 세 번 뛰어넘는 파울비스트(2)',« L'Eau altière des aviliaires II »,„Im Wasser tanzende Vogelbestie II“,"""Danza del crestalone acquatico Ⅱ""",“Saltos acuáticos con bestias voladoras II”,"""Prancha d'Água da Ave-fera II""",Водный танец крылатого зверя II,"""วิหค​พเนจร​แห่ง​สายน้ำ​ II""","""Thú Lông Vũ Nhảy Nước II""",“Fowlbeast Penari Air II”
“羽兽三抄水”,「羽獸三抄水」,"""Fowlbeast Water Prancer""",「パタパタ羽獣」,'재빠르게 세 번 뛰어넘는 파울비스트',« L'Eau altière des aviliaires »,„Im Wasser tanzende Vogelbestie“,"""Danza del crestalone acquatico""",“Saltos acuáticos con bestias voladoras”,"""Prancha d'Água da Ave-fera""",Водный танец крылатого зверя,"""วิหค​พเนจร​แห่ง​สายน้ำ​""","""Thú Lông Vũ Nhảy Nước""",“Fowlbeast Penari Air”
“全位显现”,「全位顯現」,"""Fully Revealed""",「全方位顕現」,'전위 현현',« Révélation totale »,„Komplett aufgedeckt“,"""Senza più segreti""",“Completamente revelado”,"""Totalmente Revelado""",Проявление,"""เปิดเผย​หมดสิ้น​""","""Toàn Diện Hiển Lộ""",“Terungkap Sepenuhnya”
“穿风以行”,「穿風以行」,"""Gale Weaver""",「風を裂いて進む者」,'바람을 가르며',« Tisse-tempête »,„Sturmweber“,"""Burrasca domata""",“Tejedor de vendavales”,"""Tecelão de Tempestades""",Ткач урагана,"""ผู้​ถัก​ทอ​พายุ​""","""Chúa Tể Cuồng Phong""",“Perajut Angin”
“轻舟已过”,「輕舟已過」,"""Gently Down the Stream""",「風波を越えて」,'고생 끝에 얻은 평온',« Paisiblement dans le courant »,„Sanft den Strom hinab“,"""Seguendo la corrente""",“Suavemente corriente abajo”,"""Ligeiramente Rio Abaixo""",По течению,"""ล่องลอย​ตาม​สายน้ำ​""","""Thuyền Nhẹ Xuôi Dòng""",“Perlahan Mengikuti Arus”
“王国的圣剑”,「王國的聖劍」,"""Holy Sword of the Kingdom""",「王国の聖剣」,'왕국의 성검',« L'épée sacrée du royaume »,„Heiliges Schwert des Königreichs“,"""Spada sacra del regno""",“Espada sagrada del Reino”,"""Espada Sagrada do Reino""",«Священный меч королевства»,"""ดาบ​ศักดิ​สิทธิ์​แห่ง​อาณาจักร​""","""Kiếm Thánh của Vương Quốc""",“Pedang Suci Kerajaan”
“山中见犼”,「山中見犼」,"""Howlers of the Crag""",「山の獣吼」,'산을 울리는 외침',« Hurleurs du pic »,„Heuler der Klippe“,"""Ulularocce della rupe""",“Aulladores del peñasco”,"""Uivantes do Penhasco""",«Ревуны скал»,"""ผู้​โหยหวน​แห่ง​ผา​หิน​""","""Thú Gầm Vách Đá""",“Peraung Tebing”
“于谷地的密境中”,「於谷地的密境中」,"""In the Cryptics of the Valley""",「谷地踏破」,'협곡의 숨겨진 구역에서',« Vallée cryptique »,„In den Apokryphen des Tals“,"""Fra gli enigmi della Valle""",“En lo Críptico del Valle”,"""Nos Enigmas do Vale""",Тайны Долины,"""ใน​ความลึกลับ​แห่ง​หุบเขา​""","""Bí Ẩn Nơi Thung Lũng""",“Di Dalam Teka-Teki Lembah”
“无机造物”,「無機造物」,"""Inorganic Construct""",「無機的造物」,'무기물',« Construction non organique »,„Anorganisches Konstrukt“,"""Costrutto inorganico""",“Constructo inorgánico”,"""Construção Inorgânica""",Неорганическая постройка,"""โครงสร้าง​อนินทรีย์​""","""Thực Thể Vô Cơ""",“Konstruksi Anorganik”
“截雷”,「截雷」,"""Interceptor of Thunder""",「雷断」,'뇌격 차단',« Intercepter le tonnerre »,„Donnerfänger“,"""Intercettazione del tuono""",“Interrupción del trueno”,"""Interceptador do Trovão""",Громовержец,"""ผู้​ขวาง​อัสนี​""","""Chiến Thần Cản Sấm""",“Penangkap Petir”
“燃尽记忆之灰”,「燃盡記憶之灰」,"""Let Fire Consume the Ashen Past""",「灰となれ、記憶の残骸よ」,'기억을 태운 재',« Que le feu consume le passé cendré »,„Möge Feuer die aschfahle Vergangenheit verzehren“,"""Che il fuoco consumi il passato cinereo""",“Que el fuego consuma las cenizas del pasado”,"""Deixe o Fogo Consumir o Passado Cinzento""",Да поглотит пламя пепел прошлого,"""ให้​เปลวไฟ​เผาผลาญ​อดีต​ที่​มอดไหม้​""","""Để Lửa Thiêu Rụi Quá Khứ Tro Tàn""",“Biarkan Api Membakar Abu Masa Lalu”
“信使的信”,「信使的信」,"""Letter From a Messenger""",「トランスポーターからの手紙」,'전달자의 편지',« Lettre d'une messagère »,„Brief von einer Botin“,"""Lettera da una messaggera""",“Carta de la mensajera”,"""Carta de Uma Mensageira""",Письмо от гонца,"""จดหมาย​จาก​ผู้ส่งสาร​""",Thư Từ Một Liên Lạc Viên,“Surat dari Seorang Kurir”
“离群之狼”,「離群之狼」,"""Lone Wolf""",「離群の狼」,'무리를 떠난 늑대',« Loup solitaire »,„Einsamer Wolf“,"""Lupo solitario""",“Lobo solitario”,"""Lobo Solitário""",Одинокий волк,"""หมาป่า​เดียวดาย​""","""Sói Cô Độc""",“Serigala Penyendiri”
“爱，呐喊和原型机”,「愛，吶喊和原型機」,"""Love, Scream & The Prototype""",「ラブ、スクリーム&試作モデル」,"'러브, 스크림 & 프로토타입'","« Amour, cri et prototype »","„Liebe, Kreischen und der Prototyp“","""Amore, urla e il prototipo""","“Amor, grito y el prototipo”","""Amor, Gritos e o Protótipo""","Любовь, вопли и прототип","""ความรัก​ เสียง​กรีดร้อง​ และ​ต้นแบบ​""","Tình Yêu, Tiếng Thét Và Nguyên Mẫu","“Cinta, Jeritan & Prototipe”"
“造主的盛势”,「造主的盛勢」,"""Maker's Domination""",「造主の覇気」,'창조주의 위세',« Domination du Créateur »,„Herrschaft des Schöpfers“,"""Il dominio del creatore""",“El dominio del Creador”,"""Dominação do Criador""",«Господство Творца»,"""การครอบ​งำ​ของ​ผู้สร้าง​""","""Quyền Uy Đấng Kiến Tạo""",“Dominasi Pencipta”
“兽王降伏”,「獸王降伏」,"""Mega-Beast Subdued""",「獣王の降伏」,'비스트의 왕 제압',« Méga-bête vaincue »,„Mega-Bestie bezwungen“,"""Mega bestia sconfitta""",“Megabestia sometida”,"""Megafera Subjugada""",Укрощение мегазверя,"""ปราบ​อสูร​ยักษ์​สำเร็จ​""","""Khuất Phục Cự Thú""",“Megamonster Ditaklukkan”
“禁止绑票！”,「禁止綁票！」,"""NO MORE KIDNAPPING!""",「誘拐禁止！」,'못 데려간다!',"« ÇA SUFFIT, LES KIDNAPPINGS ! »",„KEINE ENTFÜHRUNGEN MEHR!“,"""BASTA RAPIMENTI!""",“¡NO MÁS SECUESTROS!”,"""CHEGA DE SEQUESTROS!""",НИКАКИХ ПОХИЩЕНИЙ!,"""NO MORE KIDNAPPING!""","""ĐỪNG HÒNG BẮT CÓC NỮA!""",“JANGAN ADA LAGI PENCULIKAN!”
“暗夜战术”,「暗夜戰術」,"""Nocturnal Tactics""",「闇夜の戦術」,'어둠의 전술',« Tactiques nocturnes »,„Nächtliche Taktiken“,"""Strategie notturne""",“Tácticas nocturnas”,"""Táticas Noturnas""",«Ночная тактика»,"""กลยุทธ์​ยาม​รัตติกาล​""","""Chiến Thuật Dạ Hành""",“Taktik Nokturnal”
“掌中大救星”,「掌中大救星」,"""Palm Top Deliverer""",「大きな救いの星」,'내 손안의 구세주',« Remède de poche »,„Handheld-Lieferung“,"""Corriere portatile""",“Minialma guardiana”,"""Entregador Portátil""",Карманная доставка,"""ผู้​กอบกู้​ใน​อุ้งมือ​""","""Cứu Tinh Trong Lòng Tay""",“Pembuat Perangkat Mini”
“协议ε·20.00m”,「協議ε·20.00m」,"""Protocol ε 20.00m""",「協約ε·20.00m」,'프로토콜ε · 20.00m',"« Protocole ε 20,00 m »","Protokoll ε: 20,00 m","""Protocollo ε: 20,00 m""",“Protocolo ε 20.00 m”,"""Protocolo ε 20.00 m""","Протокол ε 20,00 м","""โปร​โต​คอล​ ε 20.00m""","""Giao Thức ε 20.00m""",“Protocol ε 20.00m”
“涤荡浊流”,「滌蕩濁流」,"""Purger of the Turbid""",「濁流浄化」,'탁류 정화',« Purification de la souillure »,„Verbannung des Trüben“,"""Lo sporco non ha scampo""",“Exterminio de lo turbio”,"""Purificador do Turvo""",Очищение мути,"""นัก​กำจัด​เรื่อง​วุ่นวาย​""","""Người Tẩy Uế Đục Ngầu""",“Pemurni Kekeruhan”
“碎片的重聚”·Ⅰ,「碎片的重聚」·I,"""Re-Congregated Fragments"" Ⅰ",「欠片の再集結」Ⅰ,'조각의 재집결' I,« Fragments rassemblés » I,„Wiederversammelte Fragmente“ I,"""Frammenti riassemblati"" I",“Fragmentos reagrupados” Ⅰ,"""Fragmentos Recongregados"" I",Объединение фрагментов I,"""เศษ​เสี้ยว​ที่รวม​ตัว​กัน​ใหม่​"" I","""Mảnh Tái Hợp"" I",“Fragmen Bersatu Kembali” Ⅰ
“碎片的重聚”·Ⅱ,「碎片的重聚」·II,"""Re-Congregated Fragments"" Ⅱ",「欠片の再集結」Ⅱ,'조각의 재집결' II,« Fragments rassemblés II »,„Wiederversammelte Fragmente“ II,"""Frammenti riassemblati"" Ⅱ",“Fragmentos reagrupados” II,"""Fragmentos Recongregados"" II",Объединение фрагментов II,"""เศษ​เสี้ยว​ที่รวม​ตัว​กัน​ใหม่​"" II","""Mảnh Tái Hợp"" II",“Fragmen Bersatu Kembali” ⅠI
“再度燃烧”,「再度燃燒」,"""Re-Ignition""",「再度燃焼」,'재연소',« Remise à feu »,„Rückzündung“,"""Riaccensione""",“Reignición”,"""Reignição""",Повторное воспламенение,"""การ​ปะทุ​ซ้ำ​""","""Tái Kích Hoạt""",“Pengapian Ulang”
“回归的噩兆”,「回歸的噩兆」,"""Returning Signs of Ill Omen""",「氷山の一角」,'돌아온 재앙',« Résurgences de mauvais augure »,„Wiederkehrende böse Vorzeichen“,"""Segni ricorrenti di un cattivo presagio""",“Señales recurrentes de mala suerte”,"""Retorno dos Sinais de Mau Agouro""",Возвращение зловещих знамений,"""ลางร้าย​ของ​การ​หวนคืน​""","""Điềm Xấu Tái Hiện""",“Kembalinya Pertanda Petaka”
“碎片的再会”,「碎片的再會」,"""Reunited Fragments""",「欠片の再会」,'조각과의 재회',« Fragments réunis »,„Wiedervereinte Fragmente“,"""Frammenti ricomposti""",“Fragmentos reunidos”,"""Fragmentos Reunidos""",Воссоединение фрагментов,"""เศษ​เสี้ยว​ที่​กลับมา​รวมกัน​""","""Mảnh Vỡ Tái Hợp""",“Fragmen Terkumpul Kembali”
“关闭裂隙”,「關閉裂隙」,"""Rift Sealing""",「裂け目、封ず」,'균열 봉쇄',« Scellement de faille »,„Riss-Versiegelung“,"""Spaccature sigillate""",“Sellado de grietas”,"""Vedação da Fenda""",Закрытие разлома,"""การ​ผนึก​รอยแยก​""","""Phong Ấn Khe Nứt""",“Menutup Celah”
“灼痛疤痕”,「灼痛疤痕」,"""Searing Scars""",「灼ける傷跡」,'작열의 흉터',« Cicatrices brûlantes »,Brennende Narben,"""Cicatrici roventi""",“Marcas de calcinación”,"""Cicatrizes Ardentes""",Жгучие шрамы,"""แผลเก่า​ปะทุ​""","""Sẹo Bỏng Rát""",“Luka Panas”
“碾碎星辰的残片”,「碾碎星辰的殘片」,"""Shards of the Crushed Star""",「砕かれし星辰の残片」,'부서진 별빛의 파편',« Fragments de l'étoile brisée »,„Splitter des zerbrochenen Sterns“,"""Frammenti della stella distrutta""",“Fragmentos de la estrella aplastada”,"""Fragmentos da Estrela Esmagada""",Осколки разрушенной звезды,"""เศษ​เสี้ยว​แห่ง​ดวงดาว​ที่​ถูก​บดขยี้​""","""Mảnh Tàn Tinh""",“Serpihan Bintang yang Hancur”
“比肩传送”,「比肩傳送」,"""Shoulder to Shoulder Delivery""",「谷地疾走」,'동행 전송',« Livraison main dans la main »,„Lieferheld“,"""Atletica nel sangue""",“Entrega de hombro a hombro”,"""Entrega Ombro a Ombro""",Доставка плечом к плечу,"""การจัดส่ง​เคียงบ่าเคียงไหล่​""","""Chuyển Giao Vai Kề Vai""",“Bahu-membahu Mengantar”
“偃旗息鼓”,「偃旗息鼓」,"""Silencing the Drum""",「停戦」,'전투 중지',« Le silence des tambours »,„Trommeldämpfer“,"""Fermare il battito""",“Silenciando el tambor”,"""Silenciando o Tambor""",И смолкли барабаны,"""สยบ​เสียง​กลอง​""","""Dập Tắt Chiến Cổ""",“Meredam Genderang”
“起点”,「起點」,"""Starting Point""",「起点」,'시작점',« Point de départ »,„Startpunkt“,"""Punto d'origine""",“Punto inicial”,"""Ponto de Partida""",Стартовая точка,"""จุดเริ่มต้น​""","""Điểm Bắt Đầu""",“Titik Awal”
“王国的坚盾”,「王國的堅盾」,"""Strong Shield of the Kingdom""",「王国の盾」,'왕국의 방패',« Puissant bouclier du royaume »,„Starker Schild des Königreichs“,"""Scudo possente del regno""",“Escudo poderoso del Reino”,"""Escudo Forte do Reino""",«Крепкий щит королевства»,"""โล่​สุด​แกร่ง​แห่ง​อาณาจักร​""","""Khiên Kiên Cố của Vương Quốc""",“Perisai Tangguh Kerajaan”
“击股传虫·其之二”,「擊股傳蟲·其之二」,"""Swat the Lanky and Pass the Bug Ⅱ""",「長脚獣配達・その2」,'재빠르고 날렵한 랭키비스트(2)',« Écraser les grêlins et faire passer l'insecte II »,„Schlag die Schlacksbestie und gib den Käfer weiter II“,"""Tocca la bestia, passa l'insetto Ⅱ""",“Golpea a la bestia y pasa el insecto II”,"""Golpeie o Fíbio e Passe o Inseto II""",Передайте жука II,"""ฟาด​เจ้า​แลง​กี้​และ​ส่ง​แมลง​ II""","""Đập Ếch Đuôi Dài, Diệt Trừ Bọ II""","“Tepuk Lanky, Oper Serangganya II”"
“击股传虫”,「擊股傳蟲」,"""Swat the Lanky and Pass the Bug""",「長脚獣配達」,'재빠르고 날렵한 랭키비스트',« Écraser les grêlins et faire passer l'insecte »,„Schlag die Schlacksbestie und gib den Käfer weiter“,"""Tocca la bestia, passa l'insetto""",“Golpea a la bestia y pasa el insecto”,"""Golpeie o Fíbio e Passe o Inseto""",Передайте жука,"""ฟาด​เจ้า​แลง​กี้​และ​ส่ง​แมลง​""","""Đập Ếch Đuôi Dài, Diệt Trừ Bọ""","“Tepuk Lanky, Oper Serangganya”"
“汤汤券”,「湯湯券」,"""Tangtang Cert""",「タンタン券」,'탕탕의 죽패',« Certif de Tangtang »,„Tangtang-Zerti“,"""Certificato di Tangtang""",“Certificado Tangtang”,"""Certificado de Tangtang""",«Сертификат Тантан»,"""ใบรับรอง​ถัง​ถัง​""","""Chứng Nhận Tangtang""",“Sertifikat Tangtang”
“我最后侍奉的王”,「我最後侍奉的王」,"""The Final Lord I Served""",「僕が最後に仕えた王」,'마지막으로 섬긴 왕',« L'ultime seigneur que j'ai servi »,"„Der letzte Herrscher, dem ich diente“","""L'ultimo signore che ho servito""",“El último señor al que serví”,"""O Derradeiro Senhor que Servi""",Последний из моих владык,"""นาย​คน​สุดท้าย​ของ​ข้า​""","""Vị Quân Chủ Cuối Cùng""",“Dewa Terakhir yang Kusembah”
“重拳落空”,「重拳落空」,"""The Fist Misses""",「拳、落つ」,'빗나간 주먹',« Échec du poing »,„Die Faust schlägt daneben“,"""Il Pugno manca il bersaglio""",“El puño falla”,"""Os Primeiros Erros""",Промах кулака,"""หมัด​หนัก​พลาด​เป้า​""","""Nắm Đấm Hụt""",“Tinju Meleset”
“红骑士”,「紅騎士」,"""The Red Knight""",「赤騎士」,'적기사',« La chevalière vermeille »,„Die Rote Ritterin“,"""La cavaliera rossa""",“La caballera roja”,"""A Cavaleira Vermelha""",Красный рыцарь,"""อัศวิน​สีชา​ด​""","""Kỵ Sĩ Đỏ""",“Kesatria Merah”
“易守‘难’攻？”,「易守『難』攻？」,"""The Refugees Strike Back?!""",「難攻不落？」,"'지키는 건 쉬워도, 공격하긴 어렵다?'",« Les réfugiés contre-attaquent ?! »,„Die Flüchtlinge schlagen zurück?!“,"""I rifugiati si ribellano?!""",“¡¿Los Refugiados contraatacan?!”,"""Os Refugiados Contra-Atacam?!""",Ответный удар беженцев,"""ผู้ลี้ภัย​โต้กลับ​งั้น​หรือ​?!""","""Người Tị Nạn Nổi Dậy?!""",“Pengungsi Melawan?!”
“大地的弃子”,「大地的棄子」,"""Those Forsaken by the Land""",「大地に見捨てられし者」,'대지에게 버림받은 존재',« Les oubliés des Terres »,„Die vom Land Verstoßenen“,"""Rinnegati da Terra""",“Los abandonados por la tierra”,"""Os Abandonados pela Terra""",Отвергнутые землей,"""ผู้​ถูก​ทอดทิ้ง​โดย​แผ่นดิน​""","""Kẻ Bị Vùng Đất Ruồng Bỏ""",“Yang Ditelantarkan Negeri”
“裂伤于此终结”,「裂傷於此終結」,"""Thus Ends the Weeping Gash""",「裂け目の終焉」,'상처의 끝',« Ainsi se referme la plaie béante »,„So schließt sich die triefende Wunde“,"""La chiusura della ferita sanguinante""",“Así termina la herida sangrante”,"""Assim Termina a Ferida Supurada""",«Так затянется кровоточащая рана»,"""จุดจบ​ของ​บาดแผล​ที่​คร่ำครวญ​""","""Vết Thương Than Khóc Đến Đây Khép Lại""",“Berakhirnya Luka yang Meratap”
“枯枝忿怒，复归凋零”,「枯枝忿怒，復歸凋零」,"""Thus Withers the Branch of Fury""",「怒れる枝、再び朽ちる」,'끝내 저물어 버린 마른 가지의 분노',« Ainsi se fane la branche de la fureur »,„Und so verdorrt der Zweig des Zorns“,"""Furia avvizzita""",“Así se marchita la rama de la furia”,"""Assim Definha o Ramo da Fúria""",Увядание ветви ярости,"""กิ่งก้าน​แห่ง​ความ​พิโรธ​จึง​โรยรา​""","""Và nhành Cuồng Nộ đã khô héo""",“Layulah Cabang Amarah”
“诸尘皆净”,「諸塵皆淨」,"""Totally Cleansed and Rinsed""",「清浄無垢」,'티끌 하나 없이',"« Tout propre, tout neuf »",„Gereinigt und gespült“,"""Pulito pulitissimo""",“Limpieza total y reluciente”,"""Totalmente Limpo e Enxaguado""",Абсолютная очистка,"""ชำระล้าง​จน​บริสุทธิ์​""","""Thanh Tẩy Hoàn Toàn""",“Dibasuh dan Dibilas Bersih”
“轨道激流”,「軌道激流」,"""Track Sprayer""",「軌道激流」,'궤도 격류',« Vaporisateur de voies »,„Spurensprüher“,"""Spruzzabinari""",“Rociador de pista”,"""Borrifador de Trilhas""",Направление потока,"""กระแส​ชำระ​เส้นทาง​""","""Dẫn Lưu Phun Trào""",“Penyemprot Jalur”
“死域游身”,「死域遊身」,"""Traveler of the Deathly Realms""",「死地彷徨う者」,'죽음의 영역을 넘나드는 자',« Voyage au royaume des morts »,„Reise in die tödlichen Reiche“,"""Viandante dei reami della morte""",“Viajante de los reinos mortales”,"""Viajante dos Reinos Mortais""",Странствие по царствам смерти,"""นักเดินทาง​แห่ง​แดน​มรณะ​""","""Lữ Khách Cõi Tử""",“Pengelana Alam Mematikan”
“浊流具现”,「濁流具現」,"""Turbidity Manifest""",「濁流具現」,'탁류 구현',« Manifeste de la Turbidité »,„Trübungsverzeichnis“,"""Manifesto di torbidità""",“Manifestación de turbiedad”,"""Manifesto de Turbidez""",Образ помутнения,"""ภูต​สำแดง​สับสน​""","""Sương Đục Hiện Thể""",“Manifestasi Kekeruhan”
“友情扭扭”,「友情扭扭」,"""Twisty Friendship""",「仲良しグルグル」,'우정의 매듭',Amitié sinueuse,„Verworrene Freundschaft“,"""Amicizia elettrica""",“Vínculo enredado”,"""Amizade Sinuosa""",Заряженная дружба,"""มิตรภาพ​บิด​เกลียว​""","""Bước Ngoặt Tình Bạn""",“Pertemanan Berliku”
“非正常移动”,「非正常移動」,"""Unconventional Movement""",「異常移動」,'위상 일탈',« Mouvement inhabituel »,„Auffällige Bewegungen“,"""Trasporto non convenzionale""",“Movimiento poco convencional”,"""Movimento Não Convencional""",Необычный ход,"""การ​เคลื่อนที่​แบบ​ไม่​ปกติ​""","""Chuyển Động Bất Thường""",“Pindah Tak Nyaman”
“不稳定表象”,「不穩定表象」,"""Unstable Æthillu""",「不安定なイーサルー」,'불안정한 잔영',« Æthillu instable »,„Instabile Æthillu“,"""Æthillu instabile""",“Éthillu inestable”,"""Æthillu Instável""",Нестабильные эфирлюзии,"""เงา​มายา​ที่​ไม่​เสถียร​""","""Æthillu Bất Ổn""",“Æthillu Tidak Stabil”
“水自天流”,「水自天流」,"""Water Flows from the Sky""",「水は天より流る」,'물은 하늘로부터 스스로 흘러내린다',« Les eaux tombées du ciel »,„Wasser strömt vom Himmel“,"""L'acqua scorre dal cielo""",“El agua fluye desde los cielos”,"""A Água Flui do Céu""",Небесный поток,"""สายน้ำ​ไหลริน​จาก​ฟากฟ้า​""","""Nước Trên Trời""",“Air Mengalir dari Langit”
“人造南墙”,「人造南牆」,"""We Built the Southern Bastion""",「人造の厚壁」,'인공적으로 만들어진 남쪽 방벽',« Bâtisseurs du bastion sud »,„Erbauer der südlichen Bastion“,"""Abbiamo costruito il bastione meridionale""",“Nosotros construimos el bastión sureño”,"""Construímos o Bastião do Sul""",Мы построили южный бастион,"""พวกเรา​สร้าง​ป้อมปราการ​ใต้​""","""Chúng Ta Dựng Nên Thành Lũy Phương Nam""",“Kami Membangun Baluarti Selatan”
“演武巅峰”,「演武巔峰」,"""Zenith of the Trials""",「演武頂点」,'연무의 정점',« Épreuve ultime »,„Höhepunkt der Prüfungen“,"""Apice delle prove""",“Cenit de las pruebas”,"""Zênite dos Desafios""",Вершина испытаний,"""จุดสูงสุด​แห่ง​บท​ทดสอบ​""","""Đỉnh Cao Khảo Nghiệm""",“Puncak Ujian”
1538°C,1538°C,1538°C,1538°C,"1,538°C",1538°C,1538°C,1538°C,1538°C,1538°C,1538°C,1538°C,1538°C,1538°C
一大筐汤汤券,一大筐湯湯券,A Basket of Tangtang Certs,大量のタンタン券,탕탕의 죽패 더미,Un panier de certificats de Tangtang,Ein Korb mit Tangtang-Zertis,Cesto di certificati di Tangtang,Una canasta de certificados Tangtang,Um Cesto de Certificados de Tangtang,Корзина с сертификатами Тантан,ตะกร้า​ใบรับรอง​ถัง​ถัง,Một Giỏ Chứng Nhận Tangtang,Sekeranjang Sertifikat Tangtang
一条关于邮费的抱怨,一則關於郵費的抱怨,A Complaint About Delivery Fees,送料に関する不満,우편 요금에 대한 불만,Plainte au sujet des frais de livraison,Beschwerde über Liefergebühren,Un reclamo relativo ai costi di spedizione,Una queja sobre las tarifas de entrega,Uma Reclamação sobre Taxas de Entrega,Жалоба на стоимость доставки,ข้อ​ร้องเรียน​เรื่อง​ค่า​จัดส่ง,Một Lời Phàn Nàn Về Phí Giao Hàng,Keluhan tentang Ongkos Pengantaran
善意的告示,善意的告示,A Kind Warning,善意の貼り紙,호의 어린 공지,Avertissement bienveillant,Kleine Vorwarnung,Un avvertimento gentile,Una advertencia amable,Um Aviso Amigável,Объявление,คำเตือน​ด้วย​ความหวังดี,Lời Cảnh Báo Nhẹ Nhàng,Peringatan yang Ramah
给科研者的家信,給科研者的家信,A Letter Home for the Researcher,家族から研究者への手紙,과학 연구원에게 준 편지,Lettre pour le chercheur,Ein Brief an den Forscher,Una lettera per il ricercatore dalla sua famiglia,Una carta a casa para el investigador,Uma Carta de Casa para o Pesquisador,Письмо домой для исследователя,จดหมาย​ถึง​นักวิจัย​จาก​บ้าน,Một Lá Thư Gửi Về Nhà Cho Nhà Nghiên Cứu,Surat Keluarga untuk Peneliti
造极,造極,A New Zenith,極みに至る,극치,Nouveau zénith,Ein neuer Zenit,Un nuovo zenit,Un nuevo cenit,Um Novo Zênite,Новый зенит,จุดสูงสุด​ใหม่,Một Đỉnh Cao Mới,Zenit Baru
云端驻足,雲端駐足,A Pause Atop the Clouds,雲上で、ふと,하늘 끝에 발을 디딘 순간,Une pause au-dessus des nuages,Eine Pause über den Wolken,Una pausa tra le nuvole,Una pausa sobre las nubes,Uma Pausa no Topo das Nuvens,Отдых за облаками,หยุดพัก​เหนือ​ก้อน​เมฆ,Một Khoảng Dừng Trên Đỉnh,Sejenak di Atas Awan
一张残破的纸片,一張殘破的紙片,A Piece of Scrap Paper,破れたメモ,찢어진 쪽지 조각,Un bout de papier,Ein Stück Schmierpapier,Un pezzo di carta straccia,A Trozo de papel desechado,Um Pedaço de Papel de Rascunho,Бумажка,เศษกระดาษ​ชิ้น​หนึ่ง,Mảnh Giấy Vụn,Lembaran Kertas Bekas
仰视开端,仰視開端,A Proud Start,仰ぎ見るその先に,고개를 들고,Des débuts majestueux,Ein stolzer Anfang,Un fiero inizio,Un comienzo orgulloso,Um Início Orgulhoso,Гордое начало,เริ่มต้น​ภาคภูมิ,Khởi Đầu Kiêu Hãnh,Awal yang Membanggakan
笔尖的世界,筆尖的世界,A World at the Tip of the Pen,ペン先の世界,글로 그린 세계,Un monde à la pointe du pinceau,Eine Welt in Worten,Un mondo sulla punta della penna,Un mundo en la punta de la pluma,Um Mundo na Ponta da Caneta,Мир на кончике пера,โลก​ทั้ง​ใบ​จรด​ปลาย​ปากกา,Thế Giới Nơi Đầu Ngòi Bút,Dunia di Ujung Pena
废弃偏楼,廢棄偏樓,Abandoned Side Building,廃別棟,폐기된 별관,Annexe abandonnée,Verlassenes Nebengebäude,Edificio laterale abbandonato,Anexo abandonado,Anexo Abandonado,Заброшенное вспомогательное здание,ตึกแถว​ร้าง,Tòa Nhà Phụ Bị Bỏ Hoang,Bangunan Samping Terbengkalai
废弃小径,廢棄小徑,Abandoned Trail,廃道,버려진 오솔길,Sentier abandonné,Vergessener Pfad,Sentiero abbandonato,Sendero abandonado,Trilha Abandonada,Забытая тропа,เส้นทาง​รกร้าง,Đường Mòn Bỏ Quên,Jalur Telantar
像差雾火残块,像差霧火殘塊,Aberrant Hazefyre Fragment,歪の霧火の欠片,수차 안갯불 조각,Fragment d'ignibrume d'anomalie,Anomales Nebelfeuer-Fragment,Frammento di Aberrazione della brumafiamma,Fragmento de Bruma Ardiente Aberrante,Fragmento de Névoa Ardente Aberrante,Фрагмент Отклонения тенепламени,เศษ​เฮ​ซ​ไฟร์​ผิดเพี้ยน,Mảnh Hỏa Sương Dị Thể,Fragmen Hazefyre Aberan
委托,委託,Aberrants: Commissions,依頼,의뢰,Anomalies : commissions,Anomalien: Beauftragungen,Aberrazioni: richieste,Aberrantes: comisiones,Aberrantes: Comissões,Отклонения: заказы,ความผิด​เพี้ยน​: งาน​มอบหมาย,Dị Thể: Ủy Thác,Aberan: Komisi
天赋阵列,天賦陣列,Ability Matrix,素質・配属スキル,재능 배열,Matrice de capacités,Fähigkeitsmatrix,Matrice delle abilità,Matriz de habilidades,Matriz de Capacidade,Матрица умений,เมทริกซ์​ความสามารถ,Ma Trận Năng Lực,Matriks Kemampuan
阿伯莉侦听芯片,阿伯莉偵聽晶片,Aburrey Auditory Chip,アブリー聴覚チップ,아부레이 도청 칩,Puce auditive d'Aburrey,Aburrey-Hörchip,Chip uditivo Aburrey,Chip auditivo de Aburrey,Chip Auditivo de Aburrey,Слуховой чип «Эберрей»,ชิป​ระบบ​เสียง​อ​เบอร์​เรย์,Chip Âm Thanh Aburrey,Chip Auditori Aburrey
阿伯莉侦听芯片·壹型,阿伯莉偵聽晶片·I,Aburrey Auditory Chip T1,アブリー聴覚チップⅠ,아부레이 도청 칩 · I,Puce auditive d'Aburrey G1,Aburrey-Hörchip S1,Chip uditivo Aburrey O1,Chip auditivo de Aburrey T1,Chip Auditivo de Aburrey T1,Слуховой чип «Эберрей» К1,ชิป​ระบบ​เสียง​อ​เบอร์​เรย์​ T1,Chip Âm Thanh Aburrey T1,Chip Auditori Aburrey T1
阿伯莉照明器,阿伯莉照明器,Aburrey Flashlight,アブリーライト,아부레이 조명 장치,Lampe torche d'Aburrey,Aburrey-Taschenlampe,Torcia Aburrey,Linterna de Aburrey,Lanterna de Aburrey,Фонарик «Эберрей»,ไฟฉาย​อ​เบอร์​เรย์,Đèn Pin Aburrey,Senter Aburrey
阿伯莉手甲,阿伯莉手甲,Aburrey Gauntlets,アブリーガントレット,아부레이 금속 장갑,Gantelets d'Aburrey,Aburrey-Fingerhandschuhe,Coprimani Aburrey,Guanteletes de Aburrey,Manoplas de Aburrey,Рукавицы «Эберрей»,ถุงมือ​เกราะ​อ​เบอร์​เรย์,Giáp Tay Aburrey,Gauntlet Aburrey
阿伯莉重甲,阿伯莉重甲,Aburrey Heavy Armor,アブリー重防具,아부레이 중갑,Armure lourde d'Aburrey,Schwere Aburrey-Rüstung,Armatura pesante Aburrey,Armadura pesada de Aburrey,Armadura Pesada de Aburrey,Тяжелая броня «Эберрей»,เกราะ​หนัก​อ​เบอร์​เรย์,Giáp Hạng Nặng Aburrey,Armor Berat Aburrey
阿伯莉重甲·壹型,阿伯莉重甲·I,Aburrey Heavy Armor T1,アブリー重防具Ⅰ,아부레이 중갑 · I,Armure lourde d'Aburrey G1,Schwere Aburrey-Rüstung S1,Armatura pesante Aburrey O1,Armadura pesada de Aburrey T1,Armadura Pesada de Aburrey T1,Тяжелая броня «Эберрей» К1,เกราะ​หนัก​อ​เบอร์​เรย์​ T1,Giáp Hạng Nặng Aburrey T1,Armor Berat Aburrey T1
阿伯莉轻甲,阿伯莉輕甲,Aburrey Light Armor,アブリー軽防具,아부레이 경갑,Armure légère d'Aburrey,Leichte Aburrey-Rüstung,Armatura leggera Aburrey,Armadura ligera de Aburrey,Armadura Leve de Aburrey,Легкая броня «Эберрей»,เกราะ​เบา​อ​เบอร์​เรย์,Giáp Aburrey Nhẹ,Armor Ringan Aburrey
阿伯莉轻甲·壹型,阿伯莉輕甲·I,Aburrey Light Armor T1,アブリー軽防具Ⅰ,아부레이 경갑 · I,Armure légère d'Aburrey G1,Leichte Aburrey-Rüstung S1,Armatura leggera Aburrey O1,Armadura ligera de Aburrey T1,Armadura Leve de Aburrey T1,Легкая броня «Эберрей» К1,เกราะ​เบา​อ​เบอร์​เรย์​ T1,Giáp Aburrey Nhẹ T1,Armor Ringan Aburrey T1
阿伯莉采石场,阿伯莉採石場,Aburrey Quarry,アブリー採石場,아부레이 채석장,Carrière d'Aburrey,Aburrey-Steinbruch,Cava di Aburrey,Cantera Aburrey,Pedreira de Aburrey,Карьер Эберрей,เหมือง​หิน​อ​เบอร์​เรย์,Mỏ Đá Aburrey,Tambang Batu Aburrey
阿伯莉传感芯片,阿伯莉感測晶片,Aburrey Sensor Chip,アブリーセンサーチップ,아부레이 센서 칩,Puce de capteur d'Aburrey,Aburrey-Sensorchip,Chip sensore Aburrey,Chip sensor de Aburrey,Chip do Sensor de Aburrey,Сенсорный чип «Эберрей»,ชิป​เซ็นเซอร์​อ​เบอร์​เรย์,Chip Cảm Biến Aburrey,Chip Sensor Aburrey
阿伯莉传感芯片·壹型,阿伯莉感測晶片·I,Aburrey Sensor Chip T1,アブリーセンサーチップⅠ,아부레이 센서 칩 · I,Puce de capteur d'Aburrey G1,Aburrey-Sensorchip S1,Chip sensore Aburrey O1,Chip sensor de Aburrey T1,Chip do Sensor de Aburrey T1,Сенсорный чип «Эберрей» К1,ชิป​เซ็นเซอร์​อ​เบอร์​เรย์​ T1,Chip Cảm Biến Aburrey T1,Chip Sensor Aburrey T1
阿伯莉紫光灯,阿伯莉紫光燈,Aburrey UV Lamp,アブリーUVランプ,아부레이 UV 램프,Lampe à UV d'Aburrey,Aburrey-UV-Lampe,Lampada UV Aburrey,Lámpara UV de Aburrey,Lâmpada UV de Aburrey,УФ-лампа «Эберрей»,โคมไฟ​ยูวี​อ​เบอร์​เรย์,Đèn UV Aburrey,Lampu UV Aburrey
意外启动的录音,意外啟動的錄音,Accidentally Activated Recording,意図せず起動した録音,의도치 않게 플레이한 녹음,Enregistrement activé par erreur,Versehentlich aktivierte Aufzeichnung,Registrazione avviata per sbaglio,Grabación activada accidentalmente,Gravação Ativada Acidentalmente,Случайно запущенная запись,เสียง​บันทึก​ที่​เปิด​โดย​ไม่ได้ตั้งใจ,Bản Ghi Vô Tình Được Kích Hoạt,Rekaman yang Tidak Sengaja Diaktifkan
酸液源石虫,酸液源石蟲,Acid Originium Slug,酸液オリジムシ,산성원석충,Limace d'originium acide,Säure-Originium-Schnecke,Origilumaca acida,Babosa de Originio ácida,Lesma do Originium Ácida,Едкий ориджиниевый слизень,ทาก​กรด​ออ​ริ​จิ​เนียม,Sên Originium Axit,Siput Originium Asam
酸液源石虫·α,酸液源石蟲·α,Acid Originium Slug α,酸液オリジムシα,산성원석충 · α,Limace d'originium acide α,Säure-Originium-Schnecke α,Origilumaca acida α,Babosa de Originio ácida α,Lesma do Originium Ácida α,Едкий ориджиниевый слизень α,ทาก​กรด​ออ​ริ​จิ​เนียม​ α,Sên Originium Axit α,Siput Originium Asam α
二型耐酸水泵,耐酸水泵II,Acid Resistant Pump Mk II,耐酸性液体ポンプⅡ,내산성 양수기 II,Pompe résistante à l'acide V2,Säurefeste Pumpe Mk II,Pompa anti-corrosione v2,Bomba resistente al ácido Mk II,Bomba Resistente a Ácido Mk II,Кислотостойкий насос Mk II,ปั๊ม​ทน​กรด​ Mk II,Máy Bơm Chống Ăn Mòn Mk II,Pompa Tahan Asam Mk II
二型耐酸水泵模板,耐酸水泵II模板,Acid Resistant Pump Mk II Template,耐酸性液体ポンプⅡの設計図,내산성 양수기 II 템플릿,Modèle de pompe résistante à l'acide V2,Vorlage: Säurefeste Pumpe Mk II,Schema: pompa anti-corrosione v2,Molde de bomba resistente al ácido Mk II,Gabarito de Bomba Resistente a Ácido Mk II,Шаблон кислотостойкого насоса Mk II,เทม​เพล​ต​ปั๊ม​ทน​กรด​ Mk II,Mẫu Máy Bơm Chống Ăn Mòn Mk II,Templat Pompa Tahan Asam Mk II
“酸洗”MK-Ⅰ,「酸洗」MK-I,Acid Soaker Mk I,酸液MK-Ⅰ,'피클링' MK-I,Trempe-acide V1,Säuretränker Mk I,Torretta ad acido v1,Lanzador de ácido Mk I,Lançador de Ácido Mk I,Кислотная камера Mk I,เครื่อง​พ่น​กรด​ Mk I,Bình Axit Mk I,Perendam Asam Mk I
“酸洗”MK-Ⅰ模板,「酸洗」MK-I模板,Acid Soaker Mk I Template,酸液MK-Ⅰの設計図,'피클링' MK-I 템플릿,Modèle de trempe-acide V1,Vorlage: Säuretränker Mk I,Schema: torretta ad acido v1,Molde de Lanzador de ácido Mk I,Gabarito de Lançador de Ácido Mk I,Шаблон кислотной камеры Mk I,เทม​เพล​ต​เครื่อง​พ่น​กรด​ Mk I,Mẫu Bình Axit Mk I,Templat Perendam Asam Mk I
酸气,酸氣,Acridgen,酸性ガス,산성 기체,Âcrigène,Acridgen,Acridogeno,Acridgen,Acridgênio,Акридген,แอค​ริด​เจน,Khí Axit,Acridgen
酸气矿点,酸氣礦點,Acridgen Vent,酸性ガス採集スポット,산성 기체 광산 지점,Poche d'âcrigène,Acridgen-Lüftung,Presa d'aria per acridogeno,Respiradero de Acridgen,Saída de Acridgênio,Точка выброса акридгена,ท่อ​แอค​ริด​เจน,Lỗ Thông Hơi Khí Axit,Ventilasi Acridgen
行动派,行動派,Action Oriented,行動派,행동파,L'action avant tout,Handlungsorientiert,Pronta all'azione,Orientada a la acción,Orientada Para a Ação,Напористость,มุ่งมั่น​ลงมือ,Thiên Hướng Hành Động,Berorientasi Aksi
气体盛装,氣體盛裝,Action: Fill Gas,ガス充填,기체 담기,Action : remplir de gaz,Aktion: Gas einfüllen,Azione: riempi di gas,Acción: Llenar con gas,Ação: Encher de Gás,Действие: наполнить газом,แอ็ก​ชัน​: เติม​ก๊าซ,Hành Động: Rót Khí,Tindakan: Isi Gas
活性醚质,活性醚質,Active Aurylene,活性オーリレン,활성 오리렌,Aurylène active,Aktives Aurylen,Aurylene attivo,Aurileno activo,Aurileno Ativo,Активный аурилен,ออ​ริ​ลีน​แอค​ทีฟ,Aurylene Động,Aurylene Aktif
动态侵蚀,動態侵蝕,Active Blight,動的侵蝕,동적 침식,Gangrène active,Aktive Verderbnis,Contaminazione attiva,Plaga activa,Praga Ativa,Активный мор,ไบ​ล​ท์​แอค​ทีฟ,Nhiễm Khuẩn Động,Hawar Aktif
动态侵蚀的影响,動態侵蝕的影響,Active Blight and its Effects,動的侵蝕の影響,동적 침식의 영향,La Gangrène active et ses effets,Aktive Verderbnis und ihre Effekte,Contaminazione attiva e relativi effetti,Plaga activa y sus efectos,Praga Ativa e seus Efeitos,Активный мор и его эффекты,ไบ​ล​ท์​แอค​ทีฟ​และ​เอฟเฟกต์,Nhiễm Khuẩn Động và Hiệu Ứng,Hawar Aktif dan Efeknya
武陵地区的动态侵蚀 - 大规模,武陵地區的動態侵蝕 - 大規模,Active Blight in Wuling: Large,"<p=""ぶりょう"" padding=0>武陵</p>の動的侵蝕 - 大規模",무릉 지역의 동적 침식 - 대규모,Gangrène active à Wuling : grosses masses,Aktive Verderbnis in Wuling: Groß,Grande Contaminazione attiva a Wuling,Plaga activa en Wuling: grande,Praga Ativa em Wuling: Grande,Активный мор в Улине: большие скопления,ไบ​ล​ท์​แอค​ทีฟ​ใน​อู่​หลิง​: ใหญ่,Nhiễm Khuẩn Động ở Võ Lăng: Lớn,Hawar Aktif di Wuling: Besar
武陵动态侵蚀 - 小规模,武陵動態侵蝕 - 小規模,Active Blight in Wuling: Smaller Masses,"<p=""ぶりょう"" padding=0>武陵</p>動的侵蝕 - 小規模",무릉 동적 침식 - 소규모,Gangrène active à Wuling : petites masses,Aktive Verderbnis in Wuling: Kleinere Massen,Contaminazione attiva a Wuling: masse più piccole,Plaga activa en Wuling: Masas más pequeñas,Praga Ativa em Wuling: Massas Menores,Активный мор в Улине: небольшие скопления,ไบ​ล​ท์​แอค​ทีฟ​ใน​อู่​หลิง​: มวล​ขนาดเล็ก​กว่า,Nhiễm Khuẩn Động ở Võ Lăng: Khối Nhỏ,Hawar Aktif di Wuling: Massa yang Lebih Kecil
使用扫描功能解析动态侵蚀,使用掃描功能解析動態侵蝕,Active Blight: Scan & Decryption,スキャンで動的侵蝕を解析,스캔을 사용해 동적 침식을 해석하기,Gangrène active : analyse et décryptage,Aktive Verderbnis: Scannen und Entschlüsselung,Contaminazione attiva: scansione e decrittazione,Plaga activa: escaneo y descifrado,Praga Ativa: Varredura e Descriptografia,Активный мор: сканирование и расшифровка,ไบ​ล​ท์​แอค​ทีฟ​: การ​สแกน​และ​ถอดรหัส,Nhiễm Khuẩn Động: Quét Và Giải Mã,Hawar Aktif: Pemindaian & Dekripsi
进阶敌人,進階敵人,Advanced,上級クラス,강화,Avancé,Fortgeschritten,Avanzato,Avanzado,Avançado,Улучш.,ชั้นสูง,Cao cấp,Tingkat Lanjut
高级认知载体,高級認知載體,Advanced Cognitive Carrier,上級認識媒体,고급 인지 매개체,Support cognitif de niveau avancé,Fortschrittlicher kognitiver Datenträger,Vettore cognitivo avanzato,Portador cognitivo avanzado,Portador Cognitivo Avançado,Улучшенный когнитивный носитель,บันทึก​ประสาท​การรับรู้​ระดับสูง,Vật Chứa Nhận Thức Cao Cấp,Unit Kognitif Tingkat Lanjut
高级作战记录,高級作戰紀錄,Advanced Combat Record,上級作戦記録,고급 작전 기록,Archives de combat de niveau avancé,Fortgeschrittene Kampfaufzeichnung,Registrazione di combattimenti avanzata,Registro de Combate Avanzado,Registro de Combate Avançado,Подробные записи боя,บันทึก​การต่อสู้​ขั้นสูง,Hồ Sơ Chiến Đấu Cao Cấp,Rekaman Pertarungan Tingkat Lanjut
高阶培养奖章,高階培養獎章,Advanced Progression,上級育成強化勲章,고급 육성 훈장,Progression avancée,Erweiterter Fortschritt,Sviluppo avanzato,Progresión avanzada,Progressão Avançada,Ускоренное развитие,ความก้าวหน้า​ขั้นสูง,Cấp Tiến Nâng Cao,Progresi Tingkat Lanjut
高阶培养自选箱Ⅰ,高階培養自選箱I,Advanced Progression Selection Crate Ⅰ,上級育成強化ボックスⅠ,고급 육성 선택 상자 I,Caisse de sélection de progression avancée I,Erweiterter-Fortschritt-Auswahlkiste I,Cassa a scelta di sviluppo avanzato Ⅰ,Caja de Selección de Progresión Avanzada Ⅰ,Caixote de Seleção de Progressão Avançada Ⅰ,Ящик с выбором улучшенного развития I,ลัง​เลือก​ความก้าวหน้า​ขั้นสูง​ Ⅰ,Thùng Lựa Chọn Cấp Tiến Nâng Cao I,Kerat Pilihan Progresi Tingkat Lanjut Ⅰ
飞天迎宾员货组,飛天迎賓員貨組,Aerial Receptionists [pkg],空飛ぶ迎賓係セット,비행 안내원 상품군,Réceptionnistes volants [colis],Aero-Empfänger [Paket],Receptionist volanti (pacco),Recepcionistas aéreos [paq.],Recepcionistas Aéreos [pct],Дрон-официант [упак.],พนักงานต้อนรับ​บน​เครื่องบิน​ [แพ็ก​],Lễ Tân Bay Lượn [bộ],Resepsionis Terbang [pkt]
浮空回收,浮空回收,Aero-Salvage,空中回収,부유 회수,Aéro-récupération,Aero-Bergung,Aerorecupera,Aerorrecuperación,Recuperação Aérea,Аэроэвакуация,กู้​ซาก​ทางอากาศ,Thiết Bị Thu Hồi Trên Không,Pengangkutan Layang
浮空回收奖章,浮空回收獎章,Aero-Salvager,空中回収勲章,부유 회수 훈장,Aéro-récupérateur,Aero-Bergungsmodul,Aerorecuperatore,Aerorrecuperador,Aerorrecuperador,Аэроэвакуатор,เครื่อง​กู้​ซาก​ทางอากาศ,Thiết Bị Thu Hồi Trên Không,Pengangkut Layang
浮空回收器Ⅰ,浮空回收器I,Aero-Salvager Ⅰ,空中回収装置Ⅰ,부유식 회수기 I,Aéro-récupérateur Ⅰ,Aero-Bergungsmodul I,Aero-Salvager I,Aerorrecuperador I,Aerorrecuperador I,Аэроэвакуатор I,เครื่อง​กู้​ซาก​ทางอากาศ​ I,Thiết Bị Thu Hồi Trên Không I,Pengangkut Layang I
浮空回收器Ⅱ,浮空回收器II,Aero-Salvager Ⅱ,空中回収装置Ⅱ,부유식 회수기 II,Aéro-récupérateur II,Aero-Bergungsmodul II,Aero-Salvager II,Aerorrecuperador II,Aerorrecuperador II,Аэроэвакуатор II,เครื่อง​กู้​ซาก​ทางอากาศ​ Ⅱ,Thiết Bị Thu Hồi Trên Không II,Pengangkut Layang II
浮空回收器Ⅲ,浮空回收器III,Aero-Salvager Ⅲ,空中回収装置Ⅲ,부유식 회수기 III,Aéro-récupérateur III,Aero-Bergungsmodul III,Aero-Salvager III,Aerorrecuperador III,Aerorrecuperador III,Аэроэвакуатор III,เครื่อง​กู้​ซาก​ทางอากาศ​ III,Thiết Bị Thu Hồi Trên Không III,Pengangkut Layang III
浮空回收,浮空回收,Aero-Salvager: Salvaging,空中回収,부유 회수,Aéro-récupérateur : récupération,Aero-Bergungsmodul: Bergen,Aerorecuperatore: recupero,Aerorrecuperador: Recuperación,Aerorrecuperador: Recuperação,Аэроэвакуатор: эвакуация,เครื่อง​กู้​ซาก​ทางอากาศ​: การกู้​ซาก,Thiết Bị Thu Hồi Trên Không: Thu Hồi,Pengangkut Layang: Pengambilan
航天建材,航太建材,Aerospace Material,宇宙建材,우주 건축 재료,Matériau aérospatial,Luftfahrtmaterial,Materiale aerospaziale,Material aeroespacial,Material Aeroespacial,Аэрокосмические материалы,วัสดุ​อวกาศ,Vật Liệu Hàng Không Vũ Trụ,Material Antariksa
基础航天建材,基礎航太建材,Aerospace Material I,基礎宇宙建材,기초 우주 건축 재료,Matériau aérospatial I,Luftfahrtmaterial I,Materiale aerospaziale I,Material aeroespacial I,Material Aeroespacial I,Аэрокосмический материал I,วัสดุ​อวกาศ​ I,Vật Liệu Hàng Không Vũ Trụ I,Material Antariksa I
高级航天建材,高級航太建材,Aerospace Material II,高級宇宙建材,고급 우주 건축 재료,Matériau aérospatial II,Luftfahrtmaterial II,Materiali aerospaziali II,Material aeroespacial II,Material Aeroespacial II,Аэрокосмический материал II,วัสดุ​อวกาศ​ II,Vật Liệu Hàng Không Vũ Trụ II,Material Antariksa II
AF1“熔甲者”,AF1「熔甲者」,AF1 Armor Fragger,AF1装甲融解,AF1 '아머 멜터',Brise-armures AF1,AF1-Rüstungsschrotter,Frantuma-corazza FC1,Fragmentador de armadura FA1,Fragmentador de Armadura AF1,Бронедробитель AF1,ชุด​ทำลาย​เกราะ​ AF1,Phá Giáp AF1,Penghancur Armor AF1
AF1“熔甲者”模板,AF1「熔甲者」模板,AF1 Armor Fragger Template,AF1装甲融解の設計図,AF1 '아머 멜터' 템플릿,Modèle de brise-armures AF1,Vorlage: AF1-Rüstungsschrotter,Schema: frantuma-corazza FC1,Molde de Fragmentador de armadura FA1,Gabarito de Fragmentador de Armadura AF1,Шаблон бронедробителя AF1,เทม​เพล​ต​ชุด​ทำลาย​เกราะ​ AF1,Mẫu Phá Giáp AF1,Templat Penghancur Armor AF1
天使,天使,Aggeloi,アンゲロス,아겔로스,Aggeloi,Aggeloi,Aggeloi,Aggeloi,Aggeloi,Аггелы,แอง​เกลอ​ย,Aggeloi,Aggelos
天使罐头货组,天使罐頭貨組,Aggeloi War Tins [pkg],アンゲロスの缶詰セット,아겔로스 통조림 상품군,Boîtes de conserve de la Guerre des Aggeloi [colis],Dosen aus dem Aggeloi-Krieg [Paket],Provviste della Guerra degli Aggeloi (pacco),Latas de Guerra de Aggeloi [paq.],Latas da Guerra dos Aggeloi [pct],Консервы времен войны с аггелами [упак.],กระป๋อง​สงคราม​แอง​เกลอ​ย​ [แพ็ก​],Đồ Hộp Aggeloi [bộ],Kaleng Perang Aggelos [pkt]
天使杀手,天使殺手,Aggeloslayer,アンゲロス・スレイヤー,아겔로스 사냥꾼,Tueuse d'Aggeloi,Aggelo-Bezwinger,Ammazza Aggeloi,Asesino de Aggelos,Matadora de Aggeloi,Аггелоубийца,ผู้​สังหาร​แอก​เก​โล,Sát Thủ Diệt Aggeloi,Aggeloslayer
农学研究者的探讨,農學研究者的探討,Agricultural Researcher's Discussion,農学研究者の思案,농학 연구원의 토론,Discussion de l'agronome,Diskussion unter Agrarforschern,Discussione di un ricercatore agricolo,Debate del investigador agrícola,Discussão do Pesquisador Agrícola,Дискуссии агронома,การ​สนทนา​ของ​นักวิจัย​การเกษตร,Cuộc Thảo Luận Của Nhà Nghiên Cứu Nông Nghiệp,Diskusi Peneliti Agrikultur
实验作物试点区,實驗作物測試區,Agricultural Test Site,実験栽培試行区,실험 작물 시범 구역,Site d'essais agricoles,Landwirtschaftl. Testgelände,Area test agricola,Zona de pruebas agrícolas,Local de Teste Agrícola,С.-х. лаборатория,พื้นที่​ทดสอบ​การเกษตร,Khu Thử Nghiệm Nông Nghiệp,Lokasi Uji Agrikultur
集成化合金板,整合化合金板,AIC Alloy Plate,集成合金板,통합형 합금판,Blindage en alliage du GIA,AIK-Legierungsplatte,Armatura a piastre in lega del SIA,Placa de aleación del CAI,Placa Metálica do CAI,Литая пластина АПК,เพลท​อัลลอย​ AIC,Đĩa Khu Phức Hợp Hợp Kim,Pelat Campuran AIC
集成化陶瓷板,整合化陶瓷板,AIC Ceramic Plate,集成セラミック板,통합형 세라믹판,Blindage en céramique du GIA,AIK-Keramikplatte,Armatura a piastre in ceramica del SIA,Placa de cerámica del CAI,Placa Cerâmica do CAI,Керамическая пластина АПК,เพลท​เซรามิก​ AIC,Đĩa Khu Phức Hợp Gốm Sứ,Pelat Keramik AIC
设备列表,設備列表,AIC Facility List,設備一覧,설비 목록,Liste des installations du GIA,Liste der AIK-Anlagen,Elenco delle strutture del SIA,Lista de instalaciones del CAI,Lista de Instalações do CAI,Список сооружений АПК,รายการ​สิ่งปลูกสร้าง​ใน​ AIC,Danh Sách Công Trình Khu Phức Hợp,Daftar Fasilitas AIC
设备制造,設備製造,AIC Facility: Construction,設備製造,설비 제작,Installation du GIA : construction,AIK-Anlage: Bau,Struttura del SIA: costruzione,Instalación del CAI: construcción,Instalação do CAI: Construção,Сооружение АПК: строительство,สิ่งปลูกสร้าง​ AIC: การ​ก่อสร้าง,Công Trình Khu Phức Hợp: Xây Dựng,Fasilitas AIC: Konstruksi
设备的移动,設備的移動,AIC Facility: Moving,設備の移動,설비의 이동,Installation du GIA : déplacement,AIK-Anlagen: Bewegen,Struttura del SIA: spostamento,Instalación del CAI: Mover,Instalação do CAI: Movimento,Сооружение АПК: перемещение,สิ่งปลูกสร้าง​ AIC: การ​เคลื่อนย้าย,Công Trình Khu Phức Hợp: Di Chuyển,Fasilitas AIC: Memindahkan
设备放置,設備擺放,AIC Facility: Placement,設備の設置,설비 배치,Installation du GIA : placement,AIK-Anlagen: Platzierung,Struttura del SIA: posizionamento,Instalación del CAI: colocación,Instalação do CAI: Colocação,Сооружение АПК: размещение,สิ่งปลูกสร้าง​ AIC: การ​จัดวาง,Công Trình Khu Phức Hợp: Đặt,Fasilitas AIC: Penempatan
收取产物,收取產物,AIC Facility: Retrieving Products,製品の受取,생산품 수령,Installation du GIA : retrouver des produits,AIK-Anlagen: Produkte abholen,Struttura del SIA: prelievo dei prodotti,Instalación del CAI: recoger productos,Instalação do CAI: Recuperação de Produtos,Сооружение АПК: получение изделий,สิ่งปลูกสร้าง​ AIC: การ​เรียกคืน​ผลิตภัณฑ์,Công Trình Khu Phức Hợp: Lấy sản phẩm,Fasilitas AIC: Mengambil Produk
设备的收纳,設備的收回,AIC Facility: Stashing,設備の収納,설비의 수납,Installation du GIA : mise de côté,AIK-Anlagen: Lagern,Struttura del SIA: usare la scorta,Instalación del CAI: Guardar,Instalação do CAI: Reserva,Сооружение АПК: хранение,สิ่งปลูกสร้าง​ AIC: การ​จัดเก็บ,Công Trình Khu Phức Hợp: Lưu Trữ,Fasilitas AIC: Menyimpan
工业发展规划 - 一,工業發展規劃 - 一,AIC Factory Plan (1),工業発展計画 - 1,공업 발전 계획 - 1,Plan industriel du GIA (1),AIK-Fabrikplan (1),Progetto del SIA (1),Plano de la fábrica del CAI (1),Plano da Fábrica do CAI (1),Производственный план АПК (1),แปลน​โรงงาน​ AIC (1),Sơ Đồ Nhà Máy Khu Phức Hợp (1),Bagan Pabrik AIC (1)
工业发展规划 - 二,工業發展規劃 - 二,AIC Factory Plan (2),工業発展計画 - 2,공업 발전 계획 - 2,Plan industriel du GIA (2),AIK-Fabrikplan (2),Progetto del SIA (2),Plano de la fábrica del CAI (2),Plano da Fábrica do CAI (2),Производственный план АПК (2),แปลน​โรงงาน​ AIC (2),Sơ Đồ Nhà Máy Khu Phức Hợp (2),Bagan Pabrik AIC (2)
集成实训护甲,集成實訓護甲,AIC Fieldwork Armor,集成訓練防具,통합 실전 훈련 방어구,Armure de terrain du GIA,AIK-Einsatzrüstung,Armatura per lavoro sul campo del SIA,Armadura para trabajo de campo del CAI,Armadura CAI de Campo,Броня «Полевые работы АПК»,เกราะ​ภาค​สนาม​ AIC,Giáp Thực Địa Khu Phức Hợp,Armor Misi Lapangan AIC
集成实训火种石,集成實訓火種石,AIC Fieldwork Ember,集成訓練火種石,통합 실전 훈련 점화석,Pierre à feu de terrain du GIA,AIK-Einsatzglimmer,Brace per lavoro sul campo del SIA,Brasa para trabajo de campo del CAI,Cinza CAI de Campo,Горелка «Полевые работы АПК»,ประกายไฟ​ภาค​สนาม​ AIC,Tàn Lửa Thực Địa Khu Phức Hợp,Pemantik Misi Lapangan AIC
集成实训照明器,集成實訓照明器,AIC Fieldwork Flashlight,集成訓練ライト,통합 실전 훈련 조명 장치,Lampe de poche de terrain du GIA,AIK-Einsatztaschenlampe,Torcia per lavoro sul campo del SIA,Linterna para trabajo de campo del CAI,Lanterna CAI de Campo,Фонарик «Полевые работы АПК»,ไฟฉาย​ภาค​สนาม​ AIC,Đèn Pin Thực Địa Khu Phức Hợp,Senter Misi Lapangan AIC
集成实训手套,集成實訓手套,AIC Fieldwork Gloves,集成訓練グローブ,통합 실전 훈련 장갑,Gants de terrain du GIA,AIK-Einsatzhandschuhe,Guanti per lavoro sul campo del SIA,Guantes para trabajo de campo del CAI,Luvas CAI de Campo,Перчатки «Полевые работы АПК»,ถุงมือ​ภาค​สนาม​ AIC,Găng Tay Thực Địa Khu Phức Hợp,Sarung Tangan Misi Lapangan AIC
集成实训护手,集成實訓護手,AIC Fieldwork Hands,集成訓練プロテクター,통합 실전 훈련 보호 장갑,Équipement pour mains de terrain du GIA,AIK-Einsatzhandschutz,Mani per lavoro sul campo del SIA,Manos para trabajo de campo del CAI,Mãos CAI de Campo,Краги «Полевые работы АПК»,เกราะ​มือ​ภาค​สนาม​ AIC,Tay Giáp Thực Địa Khu Phức Hợp,Pelindung Tangan Misi Lapangan AIC
集成实训排障刀,集成實訓排障刀,AIC Fieldwork Machete,集成訓練多機能ナイフ,통합 실전 훈련 정글도,Machette de terrain du GIA,AIK-Einsatzmachete,Machete per lavoro sul campo del SIA,Machete para trabajo de campo del CAI,Facão CAI de Campo,Мачете «Полевые работы АПК»,มีดพร้า​ภาค​สนาม​ AIC,Dao Rựa Thực Địa Khu Phức Hợp,Parang Misi Lapangan AIC
集成实训钢甲,集成實訓鋼甲,AIC Fieldwork Plate,集成訓練鋼製防具,통합 실전 훈련 강철 방어구,Plaque de terrain du GIA,AIK-Einsatzvollharnisch,Placca per lavoro sul campo del SIA,Placa para trabajo de campo del CAI,Placa CAI de Campo,Пластина «Полевые работы АПК»,แผ่น​เกราะ​ภาค​สนาม​ AIC,Giáp Tấm Thực Địa Khu Phức Hợp,Pelat Misi Lapangan AIC
集成实训胸甲,集成實訓胸甲,AIC Fieldwork Vest,集成訓練ベスト,통합 실전 훈련 흉갑,Veste de terrain du GIA,AIK-Einsatzweste,Gilet per lavoro sul campo del SIA,Chaleco para trabajo de campo del CAI,Vestimenta CAI de Campo,Жилет «Полевые работы АПК»,เสื้อกั๊ก​ภาค​สนาม​ AIC,Áo Giáp Thực Địa Khu Phức Hợp,Rompi Misi Lapangan AIC
集成实训缠带,集成實訓纏帶,AIC Fieldwork Wraps,集成訓練サポーター,통합 실전 훈련 붕대,Bandes pour mains de terrain du GIA,AIK-Einsatzwickel,Fasce per lavoro sul campo del SIA,Vendas para trabajo de campo del CAI,Bandagens CAI de Campo,Обмотки «Полевые работы АПК»,ผ้า​พัน​มือ​ภาค​สนาม​ AIC,Băng Quấn Thực Địa Khu Phức Hợp,Bebat Tangan Misi Lapangan AIC
集成化手甲,整合化手甲,AIC Gauntlets,集成ガントレット,통합형 금속 장갑,Gantelets du GIA,AIK-Fingerhandschuhe,Coprimani del SIA,Guanteletes del CAI,Manoplas do CAI,Рукавицы АПК,ถุงมือ​เกราะ​ AIC,Giáp Tay Khu Phức Hợp,Gauntlet AIC
集成化重甲,整合化重甲,AIC Heavy Armor,集成重防具,통합형 중갑,Armure lourde du GIA,Schwere AIK-Rüstung,Armatura pesante del SIA,Armadura pesada del CAI,Armadura Pesada do CAI,Тяжелая броня АПК,เกราะ​หนัก​ AIC,Giáp Khu Phức Hợp Nặng,Armor AIC Berat
集成化重甲片,整合化重甲片,AIC Heavy Plate,集成重量防護板,통합형 중갑판,Blindage lourd du GIA,Schwere AIK-Platte,Armatura a piastre pesante del SIA,Placa pesada del CAI,Placa Pesada do CAI,Тяжелая пластина АПК,เพลท​หนัก​ AIC,Đĩa Khu Phức Hợp Nặng,Pelat AIC Berat
集成化轻甲,整合化輕甲,AIC Light Armor,集成軽防具,통합형 경갑,Armure légère du GIA,Leichte AIK-Rüstung,Armatura leggera del SIA,Armadura ligera del CAI,Armadura Leve do CAI,Легкая броня АПК,เกราะ​เบา​ AIC,Giáp Khu Phức Hợp Nhẹ,Armor AIC Ringan
集成化轻甲片,整合化輕甲片,AIC Light Plate,集成軽量防護板,통합형 경갑판,Blindage léger du GIA,Leichte AIK-Platte,Armatura a piastre leggera del SIA,Placa ligera del CAI,Placa Leve do CAI,Легкая пластина АПК,เพลท​เบา​ AIC,Đĩa Khu Phức Hợp Nhẹ,Pelat AIC Ringan
集成配额,集成配額,AIC Quota,集成配給,통합 징표,Quota du GIA,AIK-Quote,Cedola SIA,Cuota del CAI,Cota do CAI,Талон АПК,โควต้า​ AIC,Giới Hạn KHU PHỨC HỢP,Kuota AIC
集成工业研究所,集成工業研究所,AIC Research Center,集成工業研究所,통합 공업 연구소,Centre de recherche du GIA,AIK-Forschungszentrum,Centro di ricerca del SIA,Centro de investigación del CAI,Centro de Pesquisa do CAI,Исследовательский центр АПК,ศูนย์​วิจัย​ AIC,Trung Tâm Nghiên Cứu Khu Phức Hợp,Pusat Penelitian AIC
集成管家,集成管家,AIC Steward,集成アシスタント,통합 관리 도우미,Intendant du GIA,AIK-Steward,Gestore SIA,Gerente del CAI,Administrador do CAI,Управляющий АПК,ผู้ดูแล​ AIC,Quản Lý Khu Phức Hợp,Pengurus AIC
集成化战术手套,整合化戰術手套,AIC Tactical Gloves,集成戦闘用グローブ,통합형 전술 장갑,Gants tactiques du GIA,Taktische AIK-Handschuhe,Guanti tattici del SIA,Guantes tácticos del CAI,Luvas Táticas do CAI,Тактические перчатки АПК,ถุงมือ​ยุทธวิธี​ AIC,Găng Tay Chiến Thuật Khu Phức Hợp,Sarung Tangan Taktis AIC
工业技术与相关教学,工業技術與相關教學,AIC Technology and Guides,工業技術と関連ガイド,공업 기술 및 관련 가이드,Guides et technologie du GIA,AIK-Technologie und -anleitungen,Tecnologie del SIA e relative guide,Tecnología del CAI y guías,Tecnologia do CAI e Guias,Технологии и руководства АПК,คู่มือ​และ​เทคโนโลยี​ AIC,Công nghệ Khu Phức Hợp và hướng dẫn,Teknologi dan Panduan AIC
秋栗,秋栗,Akekuri,アケクリ,아케쿠리,Akekuri,Akekuri,Akekuri,Akekuri,Akekuri,Акэкури,อา​เค​คู​ริ,Akekuri,Akekuri
秋栗的信物,秋栗的信物,Akekuri's Token,アケクリの印,아케쿠리의 증표,Jeton d'Akekuri,Akekuris Token,Gettone di Akekuri,Ficha de Akekuri,Símbolo de Akekuri,Жетон Акэкури,โท​เคน​ของ​อา​เค​คู​ริ,Tín Vật Của Akekuri,Token Akekuri
酮化灌木,酮化灌木,Aketine,アケトン樹木,아케톤,Aképine,Aketin,Achetina,Aketina,Aketina,Акетин,อะ​เค​ไทน์,Diêm Thảo,Aketin
酮化灌木田块,酮化灌木田塊,Aketine Plot,アケトン樹木畑,아케톤 논배미,Parcelle d'aképine,Aketin-Beet,Terreno per achetina,Terreno de aketina,Lote de Aketina,Участок акетина,แปลง​อะ​เค​ไทน์,Ô Đất Diêm Thảo,Petak Aketin
酮化灌木粉末,酮化灌木粉末,Aketine Powder,アケトン粉末,아케톤 가루,Poudre d'aképine,Aketin-Pulver,Polvere di achetina,Polvo de aketina,Pó de Aketina,Молотый акетин,ผง​อะ​เค​ไทน์,Bột Diêm Thảo,Bubuk Aketin
酮化树种,酮化樹種,Aketine Seed,アケトンの種,아케톤 씨앗,Graine d'aképine,Aketin-Saat,Seme di achetina,Semilla de aketina,Semente de Aketina,Семя акетина,เมล็ด​อะ​เค​ไทน์,Hạt Diêm Thảo,Benih Aketin
亚历山大的文件袋,亞歷山大的文件袋,Aleksandr's Document Holder,アレクサンドルの書類袋,알렉산더의 서류봉투,Porte-documents d'Aleksandr,Aleksandrs Ordner,Cartella di documenti di Aleksandr,Portadocumentos de Aleksandr,Porta-Documentos de Aleksandr,Держатель для документов Александра,ที่​ใส่​เอกสาร​ของ​อเล็กซานเดอร์,Túi Đựng Tài Liệu Của Aleksandr,Tempat Dokumen Aleksandr
阿列什,阿列什,Alesh,アレッシュ,알레쉬,Alesh,Alesh,Alesh,Alesh,Alesh,Алеш,อา​เลช,Alesh,Alesh
阿列什的信物,阿列什的信物,Alesh's Token,アレッシュの印,알레쉬의 증표,Jeton d'Alesh,Aleshs Token,Gettone di Alesh,Ficha de Alesh,Símbolo de Alesh,Жетон Алеша,โท​เคน​ของ​อา​เลช,Tín Vật Của Alesh,Token Alesh
扩容演算芯片,擴容演算晶片,Algorithm Expansion Chip,拡張演算チップ,확장 연산 칩,Puce d'extension algorithmique,Algorithmus-Erweiterungschip,Chip di espansione algoritmica,Chip de expansión algorítmica,Chip de Expansão do Algoritmo,Чип алгоритма расширения,ชิป​ขยาย​อัล​กอ​ริ​ธึ​ม,Chip Mở Rộng Thuật Toán,Chip Perluasan Algoritma
人间百味,人間百味,All the Tastes of Life,十人十味,인간 세상의 백 가지 맛,Les saveurs de la vie,Die Aromen des Lebens,I mille sapori della vita,Todos los sabores de la vida,Todos os Sabores da Vida,Все вкусы жизни,รสชาติ​ทั้งปวง​ของ​ชีวิต,Tất Cả Hương Vị Của Cuộc Sống,Ragam Rasa Kehidupan
阿莱克琉斯，千夫长,阿萊克琉斯，千夫長,"Alleikhreos, Chiliarch",千人隊長アレイクレウス,"알레이크레오스, 천부장","Alleikhreos, Chiliarque","Alleikhreos, Chiliarch","Alleikhreos, Chiliarch","Alleikhreos, Quiliarca","Alleikhreos, Quiliarca",Хилиарх Аллейхреос,"อัล​เล​เคร​ออส​, ผู้​บังคับ​กองพัน","Alleikhreos, Thiên Phu Trưởng","Alleikhreos, Chiliarch"
淤积清理奖章,淤積清理獎章,Alluvium Dredger,超域排除勲章,응집점 청소 훈장,Dragage des alluvions,Alluvium-Bagger,Draga dei sedimenti,Draga de aluvión,Draga do Aluvião,Ликвидация аллювиев,สุดยอด​นัก​ขุด​อัล​ลู​เวีย​ม,Đào Bới Phù Sa,Pembersih Aluvium
头目敌人,頭目敵人,Alpha,幹部クラス,두목,Alpha,Alpha,Alfa,Alfa,Alfa,Альфа,อัล​ฟ่า,Bản Alpha,Alfa
时刻坚守,時刻堅守,Always on Duty,至誠一貫,굳건한 자세,Toujours en service,Immer im Dienst,Sempre in servizio,Siempre de guardia,Sempre em Serviço,Всегда на службе,อยู่เวร​เสมอ,Luôn Sẵn Sàng Phục Vụ,Selalu Bertugas
常相伴,常相伴,Always Together,ずっと一緒だ,함께하기,Toujours ensemble,Immer zusammen,Sempre insieme,Siempre juntos,Sempre Juntos,Всегда вместе,อยู่​ด้วยกัน​เสมอ,Luôn Bên Nhau,Selalu Bersama
赤缨,赤纓,Amaranthine Tassel,赤纓,적영,Accessoire amaranthe,Amaranthfarbene Quaste,Nappa amaranto,Borla amarantina,Borla de Amarantina,Пурпурная кисточка,อมา​รัน​ไธ​น์​ ทาส​เซล,Dải Tua Bất Diệt,Amaranthine Tassel
金石稻,金石稻,Amber Rice,金石稲,금석벼,Riz ambré,Bernsteinreis,Riso ambrato,Arroz ámbar,Arroz Âmbar,Янтарный рис,ข้าว​สี​อำพัน,Gạo Hổ Phách,Padi Amber
金石稻田块,金石稻田塊,Amber Rice Plot,金石稲畑,금석벼 논배미,Parcelle de riz ambré,Bernsteinreis-Beet,Terreno per riso ambrato,Terreno de arroz ámbar,Lote de Arroz Âmbar,Участок янтарного риса,แปลง​ข้าว​สี​อำพัน,Ô Đất Gạo Hổ Phách,Petak Padi Amber
模拟金石稻田块,模擬金石稻田塊,Amber Rice Plot (SIM),金石稲模擬畑,시뮬레이션 금석벼 논배미,Parcelle de riz ambré (SIMU),Bernsteinreis-Beet (SIM),Terreno per riso ambrato (SIM),Terreno de arroz ámbar (SIM),Lote de Arroz Âmbar (SIM),Участок янтарного риса (СИМ),แปลง​ข้าว​สี​อำพัน​ (เทียม​),Ô Đất Gạo Hổ Phách (Mô Phỏng),Petak Padi Amber (SIM)
金石稻种子,金石稻種子,Amber Rice Seed,金石稲の種,금석벼 씨앗,Graine de riz ambré,Bernsteinreis-Saat,Semi di riso ambrato,Semilla de arroz ámbar,Semente de Arroz Âmbar,Семя янтарного риса,เมล็ดข้าว​สี​อำพัน,Hạt Gạo Hổ Phách,Benih Padi Amber
琥珀色岩残块,琥珀色岩殘塊,Amberite Fragment,琥珀岩の欠片,호박색 바위 조각,Fragment d'ambérite,Amberit-Fragment,Frammento di amberite,Fragmento de ambarita,Fragmento de Amberita,Фрагмент янтарита,เศษ​แอม​เบอ​ไรต์,Mảnh Hổ Phách,Fragmen Amberite
紫晶质瓶,紫晶質瓶,Amethyst Bottle,紫晶製ボトル,자수정 병,Bouteille en améthyste,Amethyst-Flasche,Bottiglia di ametista,Botella de amatista,Garrafa de Ametista,Аметистовая бутылка,ขวด​อเม​ทิส​ต์,Chai Thạch Anh Tím,Botol Ametis
紫晶装备原件,紫晶裝備原件,Amethyst Component,紫晶装備部品,자수정 장비 부품,Composant en améthyste,Amethyst-Komponente,Componente di ametista,Componente de amatista,Componente de Ametista,Аметистовый компонент,ส่วนประกอบ​อเม​ทิส​ต์,Linh Kiện Thạch Anh Tím,Komponen Ametis
紫晶纤维,紫晶纖維,Amethyst Fiber,紫晶繊維,자수정 섬유,Fibre d'améthyste,Amethyst-Fasern,Fibra di ametista,Fibra de amatista,Fibra de Ametista,Аметистовое волокно,เส้นใย​อเม​ทิส​ต์,Sợi Thạch Anh Tím,Serat Ametis
紫晶矿矿点,紫晶礦礦點,Amethyst Mining Spot,紫晶鉱物スポット,자수정 광석 광산 지점,Zone d'extraction d'améthyste,Amethyst-Erz-Abbaustelle,Punto di estrazione: ametista,Punto de minería de amatista,Ponto de Mineração de Ametista,Место разработки аметиста,จุด​ขุด​แร่​อเม​ทิส​ต์,Điểm Khai Thác Thạch Anh Tím,Titik Tambang Ametis
紫晶矿,紫晶礦,Amethyst Ore,紫晶鉱物,자수정 광석,Minerai d'améthyste,Amethyst-Erz,Minerale di ametista,Mineral de amatista,Minério de Ametista,Аметистовая руда,แร่​อเม​ทิส​ต์,Quặng Thạch Anh Tím,Bijih Ametis
紫晶零件,紫晶零件,Amethyst Part,紫晶部品,자수정 부품,Pièce en améthyste,Amethyst-Teil,Parte di ametista,Pieza de amatista,Peça de Ametista,Аметистовая деталь,ชิ้นส่วน​อเม​ทิส​ต์,Mảnh Thạch Anh Tím,Bagian Ametis
紫晶粉末,紫晶粉末,Amethyst Powder,紫晶粉末,자수정 가루,Poudre d'améthyste,Amethyst-Pulver,Polvere di ametista,Polvo de amatista,Pó de Ametista,Молотый аметист,ผง​อเม​ทิส​ต์,Bột Thạch Anh Tím,Bubuk Ametis
紫晶矿脉,紫晶礦脈,Amethyst Spot,紫晶鉱脈,자수정 광맥,Veine d'améthyste,Amethyst-Ader,Vena di ametista,vena de amatista,Veio de Ametista,аметистовая жила,สาย​แร่​อเม​ทิส​ต์,Mạch Thạch Anh Tím,Sulur Ametis
增幅,增幅,Amp,増幅,증폭,Amplification,Verstärken,Amplificazione,Amplific.,Amp,Усиление,ขยาย,Tăng ST,Amp
熔火之邀,熔火之邀,An Invite to the Melting Fire,劫火の誘い,불꽃의 초대,Invitation aux flammes ardentes,Willkommen im Schmelzfeuer,Invito nel fuoco rovente,Una invitación al fuego que derrite,Um Convite Para o Fogo Fundente,Приглашение к обжигающему огню,คำเชิญ​สู่​ไฟ​ละลาย,Lời Mời Đến Ngọn Lửa Tan Chảy,Undangan ke Leburan Api
誓言未竟,誓言未竟,An Oath Not Yet Fulfilled,未完の誓い,끝나지 않은 맹세,Serment en attente,Ein noch unerfüllter Schwur,Un giuramento da mantenere,Un juramento sin cumplir,Um Juramento Ainda Não Cumprido,Неисполненная клятва,คำสาบาน​ที่​ยัง​ไม่สำเร็จ,Lời Thề Chưa Trọn,Sumpah yang Belum Terpenuhi
有关《淬剑书》的若干分析,有關《淬劍書》的若干分析,Analysis: The Sword Quenching Book,『淬剣書』に関する若干の分析,<쉬검서>에 대한 분석,Analyse : le Livre de trempe d'épée,Analyse: Das Handbuch des Schwerttränkens,Analisi: Il libro della Tempra delle spade,Análisis: Libro de templado de espadas,Análise: O Livro da Têmpera de Espadas,Анализ: руководство по закалке меча,การ​วิเคราะห์​: ตำรา​บึง​ชุบ​ดาบ,Phân Tích: Bí Kíp Rèn Kiếm,Analisis: Buku Penelan Pedang
祖泉,祖泉,Ancestral Spring,祖泉,선조의 샘,Source ancestrale,Ahnenquelle,Fonte ancestrale,Manantial ancestral,Fonte Ancestral,Родник предков,น้ำพุ​แห่ง​บรรพบุรุษ,Suối Tiền Nhân,Mata Air Leluhur
锚定武陵奖章·Ⅰ,錨定武陵獎章·I,Anchored to Wuling Ⅰ,武陵定着勲章Ⅰ,무릉 정착자 훈장 I,Ancre de Wuling I,In Wuling verankert I,Radici a Wuling I,Wuling interminable Ⅰ,Ancorado em Wuling I,Закрепление в Улине Ⅰ,ตัว​ตึง​อู่​หลิง​ I,Neo Vào Võ Lăng I,Berpegang pada Wuling Ⅰ
锚定武陵奖章·Ⅱ,錨定武陵獎章·II,Anchored to Wuling Ⅱ,武陵定着勲章Ⅱ,무릉 정착자 훈장 II,Ancre de Wuling II,In Wuling verankert II,Radici a Wuling Ⅱ,Wuling interminable II,Ancorado em Wuling II,Закрепление в Улине II,ตัว​ตึง​อู่​หลิง​ II,Neo Vào Võ Lăng II,Berpegang pada Wuling ⅠI
锚定武陵奖章·Ⅲ,錨定武陵獎章·III,Anchored to Wuling Ⅲ,武陵定着勲章Ⅲ,무릉 정착자 훈장 III,Ancre de Wuling III,In Wuling verankert III,Radici a Wuling Ⅲ,Wuling interminable III,Ancorado em Wuling III,Закрепление в Улине III,ตัว​ตึง​อู่​หลิง​ Ⅲ,Neo Vào Võ Lăng III,Berpegang pada Wuling III
古渠,古渠,Ancient Canal,千古恒常,고대의 강줄기,Canal antique,Uralter Kanal,Antico canale,Canal antiguo,Canal Antigo,Древний канал,ธาร​โบราณ,Kênh Đào Cổ,Ancient Canal
古老合约,古老合約,Ancient Contract,古き契約,고대의 협약,Ancien contrat,Uralter Vertrag,Antico contratto,Contrato antiguo,Contrato Antigo,Древний контракт,สัญญา​โบราณ,Khế Ước Cổ Xưa,Kontrak Kuno
古旧玉简,古舊玉簡,Ancient Jade Slips,古びた玉簡,오래된 옥간,Ancienne tablette de jade,Uralte Jade-Tafeln,Antiche tavolette di giada,Tablillas de jade antiguas,Tiras de Jade Antigas,Древние нефритовые таблички,แผ่น​หยก​โบราณ,Thẻ Ngọc Cổ,Lempeng Giok Kuno
钓者狂言,釣者狂言,Angler's Ravings,釣り人の狂言,낚시꾼의 허언,Délires d'un pêcheur,Wirres Gerede des Anglers,Deliri di chi pesca,Desvaríos del pescador,Delírios do Pescador,Бредни Удильщика,การ​พร่ำเพ้อ​ของ​ชาวประมง,Lời Lảm Nhảm Của Người Câu Cá,Ocehan Pemancing
锚点与震荡波,錨點與震盪波,Ankhor and Ankhor Shockwave,アンカーとパルス波,앵커와 충격파,Ankhor et onde de choc d'Ankhor,Ankhor und Ankhor-Schockwellen,Ankhor e onda d'urto degli Ankhor,Ankhor y Onda de choque del Ankhor,Ankhors e Ondas de Choque,Анкеры и ударные волны,แอง​เคอร์​และ​คลื่น​ช็อก​แอง​เคอร์,Ankhor Và Sóng Xung Kích Ankhor,Ankhor dan Gelombang Kejut Ankhor
锚点厨具货组,錨點廚具貨組,Ankhorilling Kitchenware [pkg],アンカー製調理器具セット,앵커 주방 도구 상품군,Ustensiles de cuisine ankhoriliens [colis],Ankhor-Küchenzubehör [Paket],Ankhoreria da cucina (pacco),Utensilios de cocina Ankhorilling [paq.],Utensílios de Cozinha Ankhorilling [pct],Кухонная утварь из анкеров [упак.],เครื่องครัว​แอง​เคอ​ริล​ลิง​ [แพ็ก​],Đồ Dùng Bếp Ankhorilling [bộ],Peralatan Dapur Ankhorilling [pkt]
安塔尔,安塔爾,Antal,アンタル,안탈,Antal,Antal,Antal,Antal,Antal,Антал,แอน​ทาล,Antal,Antal
安塔尔的信物,安塔爾的信物,Antal's Token,アンタルの印,안탈의 증표,Jeton d'Antal,Antals Token,Gettone di Antal,Ficha de Antal,Símbolo de Antal,Жетон Антала,โท​เคน​ของ​แอน​ทาล,Tín Vật của Antal,Token Antal
《甚大裂隙研究综录》,《甚大裂隙研究綜錄》,Anthology of Research on the Very Large Rift,『巨大な裂け目研究総覧』,<대균열 연구 총록>,Anthologie des recherches sur la faille immense,Forschungssammlung zum Riesigen Riss,Antologia di ricerca sulla Vasta spaccatura,Antología de investigaciones sobre la Grieta gigantesca,Antologia das Pesquisas da Fenda Gigante,Антология исследований огромного разлома,รวม​ผลงานวิจัย​เกี่ยวกับ​รอยแยก​ขนาด​มหึมา,Tuyển Tập Nghiên Cứu Về Khe Nứt Cực Lớn,Antologi Penelitian Celah Raksasa
古董爱好者的惊叹,古董愛好者的驚嘆,Antique Enthusiast's Exclamation,骨董品愛好家の驚嘆,골동품 마니아의 감탄,Discours d'un fan d'antiquités,Ausruf eines Antiquitätenfans,Esclamazione di un amante dell'antiquariato,Exclamación de un aficionado a las antigüedades,Exclamação de um Entusiasta de Antiguidades,Восторг коллекционера антиквариата,เรื่อง​น่า​ตกใจ​ของ​นัก​สะสม​ของเก่า,Cảm Thán Của Người Say Mê Đồ Cổ,Seruan Penggemar Barang Antik
苹果果切,蘋果切盤,Apple Slices,カットりんご,깎은 사과,Quartiers de pomme,Apfelstücke,Spicchi di mela,Rodajas de manzana,Fatias de maçã,Яблочные дольки,ชิ้น​แอปเปิ้ล,Lát Táo,Irisan Apel
水蒸气,水蒸氣,Aquagen,水蒸気,수증기,Aquagène,Aquagen,Acquageno,Aquagen,Aquagênio,Акваген,อะ​ค​วา​เจน,Thủy Khí,Aquagen
地下暗河水源样本,地下暗河水源樣本,Aquifer Water Sample,地下水脈水源サンプル,지하 하류 수원 표본,Échantillon d'eau d'aquifère,Aquifer-Wasserprobe,Campione di acqua della falda acquifera,Muestra de agua del acuífero,Amostra de Água do Aquífero,Образец грунтовых вод,ตัวอย่าง​น้ำ​จาก​ชั้น​หิน​อุ้มน้ำ,Mẫu Nước Tầng Chứa,Sampel Air Akuifer
弧线2000模型,弧線2000模型,Arc 2000 Model,Arc2000の模型,아크 라인 2000 모델,Modèle d'Arc 2000,Arc 2000-Modell,Modellino Arc 2000,Modelo Arco 2000,Miniatura de Arc 2000,Модель «Арк 2000»,แบบจำลอง​อาร์ค​ 2000,Mô Hình Arc 2000,Model Arc 2000
诀,訣,Arcane,オクギ,결,Arcane,Arkan,Arcana,Arcane,Arcane,Премудрость,ปริศนา,Arcane,Arcane
诀的信物,訣的信物,Arcane's Token,オクギの印,결의 증표,Jeton d'Arcane,Arkans Token,Gettone di Arcana,Ficha de Arcane,Símbolo de Arcane,Жетон Премудрости,โท​เคน​ของ​ปริศนา,Tín Vật Của Arcane,Token Arcane
档案,檔案,Archives,アーカイブ,아카이브,Archives,Archive,Archivi,Archivos,Arquivos,Архив,เอกสารจดหมายเหตุ,Lưu trữ,Arsip
弧光,弧光,Arclight,アークライト,아크라이트,Arclight,Arclight,Arclight,Arclight,Arclight,Арклайт,อาร์ค​ไลท์,Arclight,Arclight
弧光的信物,弧光的信物,Arclight's Token,アークライトの印,아크라이트의 증표,Jeton d'Arclight,Arclights Token,Gettone di Arclight,Ficha de Arclight,Símbolo de Arclight,Жетон Арклайт,โท​เคน​ของ​อาร์ค​ไลท์,Tín Vật của Arclight,Token Arclight
艾尔黛拉,艾爾黛拉,Ardelia,アルデリア,아델리아,Ardelia,Ardelia,Ardelia,Ardelia,Ardelia,Арделия,อาร์​เด​เลีย,Ardelia,Ardelia
艾尔黛拉的信物,艾爾黛拉的信物,Ardelia's Token,アルデリアの印,아델리아의 증표,Jeton d'Ardelia,Ardelias Token,Gettone di Ardelia,Ficha de Ardelia,Símbolo de Ardelia,Жетон Арделии,โท​เคน​ของ​อาร์​เด​เลีย,Tín Vật của Ardelia,Token Ardelia
区域防护 - 指挥核心,區域防護 - 指揮核心,Area Defense: Command Core,"エリア防御 - <p=""しきかくしん"" padding=0>指揮核心</p>",구역 방어 - 지휘 코어,Défense de zone : centre de commandement,Gebietsverteidigung: Befehlskern,Difesa dell'area: nucleo di comando,Defensa del área: Núcleo de comando,Defesa de Área: Núcleo de Comando,Защита области: командное ядро,ป้องกัน​พื้นที่​: ศูนย์บัญชาการ,Phòng Thủ Khu Vực: Trung Tâm Chỉ Huy,Pertahanan Area: Inti Komando
区域防护 - 预警终端,區域防護 - 預警終端,Area Defense: Early Warning Terminal,エリア防御 - 警備端末,구역 방어 - 경보 단말기,Défense de zone : terminal d'alerte précoce,Gebietsverteidigung: Frühwarn-Terminal,Difesa dell'area: terminale di allarme preventivo,Defensa del área: Terminal de alerta temprana,Defesa de Área: Terminal de Alerta Antecipado,Защита области: терминал раннего оповещения,ป้องกัน​พื้นที่​: สถานี​เตือนภัย​ล่วงหน้า,Phòng Thủ Khu Vực: Trạm Cảnh Báo Sớm,Pertahanan Area: Terminal Peringatan Dini
区域防护 - 入侵路线,區域防護 - 入侵路線,Area Defense: Route of Attack,エリア防御 - 侵入ルート,구역 방어 - 침입 경로,Défense de zone : itinéraire d'attaque,Gebietsverteidigung: Angriffsroute,Difesa dell'area: schema d'attacco,Defensa del área: Ruta de ataque,Defesa de Área: Rota de Ataque,Защита области: маршрут атаки,ป้องกัน​พื้นที่​: เส้นทาง​การ​โจมตี,Phòng Thủ Khu Vực: Lộ Trình Tấn Công,Pertahanan Area: Rute Serangan
装甲镀层芯片,裝甲鍍層晶片,Armor Gilding Chip,防具加工チップ,장갑 코팅 칩,Puce de dorure d'armure,Rüstungsvergoldungs-Chip,Chip dell'armatura dorata,Chip de Dorado de armadura,Chip de Douração da Armadura,Чип золоченой брони,ชิป​การปิดทอง​เกราะ,Chip Giáp Hoàng Kim,Chip Sepuhan Armor
披甲裂兽,披甲裂獸,Armored Manglerbeast,鎧裂獣,무장 맹글러,Ours à dents de sabre cuirassé,Gepanzerte Fetzbestie,Orso dai denti a sciabola corazzato,Bestia mutiladora acorazada,Besta Mutiladora Encouraçada,Бронированный саблезубый зверь,แมง​เกลอ​ร์​บี​ส​ต์​หุ้ม​เกราะ,Gấu Nanh Dài Thiết Giáp,Manglerbeast Berarmor
重装信使手电,重裝信使手電筒,Armored MSGR Flashlight,重装トランスポーターライト,중장갑 전달자 손전등,Lampe torche de MSGR cuirassé,Gepanzerte Boten-Taschenlampe,Torcia MSGR corazzata,Linterna de MSJR blindado,Lanterna do MSGR Blindado,Фонарик гонца-воина,ไฟฉาย​เกราะ​ MSGR,Đèn Pin LLV Bọc Thép,Senter MSGR Berarmor
重装信使手电·壹型,重裝信使手電筒·I,Armored MSGR Flashlight T1,重装トランスポーターライトⅠ,중장갑 전달자 손전등 · I,Lampe torche de MSGR cuirassé G1,Gepanzerte Boten-Taschenlampe S1,Torcia MSGR corazzata O1,Linterna de MSJR blindado T1,Lanterna do MSGR Blindado T1,Фонарик гонца-воина К1,ไฟฉาย​เกราะ​ MSGR T1,Đèn Pin LLV Bọc Thép T1,Senter MSGR Berarmor T1
重装信使手套,重裝信使手套,Armored MSGR Gloves,重装トランスポーターグローブ,중장갑 전달자 장갑,Gants de MSGR cuirassé,Gepanzerte Boten-Fäustlinge,Guanti MSGR corazzati,Guantes de MSJR blindados,Luvas do MSGR Blindado,Перчатки гонца-воина,ถุงมือ​เกราะ​ MSGR,Găng Tay LLV Bọc Thép,Sarung Tangan MSGR Berarmor
重装信使手套·壹型,重裝信使手套·I,Armored MSGR Gloves T1,重装トランスポーターグローブⅠ,중장갑 전달자 장갑 · I,Gants de MSGR cuirassé G1,Gepanzerte Boten-Fäustlinge S1,Guanti MSGR corazzati O1,Guantes de MSJR blindados T1,Luvas do MSGR Blindado T1,Перчатки гонца-воина К1,ถุงมือ​เกราะ​ MSGR T1,Găng Tay LLV Bọc Thép T1,Sarung Tangan MSGR Berarmor T1
重装信使手套·贰型,重裝信使手套·II,Armored MSGR Gloves T2,重装トランスポーターグローブⅡ,중장갑 전달자 장갑 · II,Gants de MSGR cuirassé G2,Gepanzerte Boten-Fäustlinge S2,Guanti MSGR corazzati O2,Guantes de MSJR blindados T2,Luvas do MSGR Blindado T2,Перчатки гонца-воина К2,ถุงมือ​เกราะ​ MSGR T2,Găng Tay LLV Bọc Thép T2,Sarung Tangan MSGR Berarmor T2
重装信使陀螺,重裝信使陀螺,Armored MSGR Gyro,重装トランスポーターのスピナー,중장갑 전달자 팽이,Gyro de MSGR cuirassé,Gepanzerter Botenkreisel,Trottola MSGR corazzata,Giroscopio de MSJR blindado,Giro do MSGR Blindado,Спиннер гонца-воина,ไจ​โร​เกราะ​ MSGR,Con Quay LLV Bọc Thép,Giroskop MSGR Berarmor
重装信使陀螺·壹型,重裝信使陀螺·I,Armored MSGR Gyro T1,重装トランスポーターのスピナーⅠ,중장갑 전달자 팽이 · I,Gyro de MSGR cuirassé G1,Gepanzerter Botenkreisel S1,Trottola MSGR corazzata O1,Giroscopio de MSJR blindado T1,Giro do MSGR Blindado T1,Спиннер гонца-воина К1,ไจ​โร​เกราะ​ MSGR T1,Con Quay LLV Bọc Thép T1,Giroskop MSGR Berarmor T1
重装信使夹克,重裝信使夾克,Armored MSGR Jacket,重装トランスポータージャケット,중장갑 전달자 재킷,Veste de MSGR cuirassé,Boten-Schutzjacke,Giacca MSGR corazzata,Chaqueta de MSJR blindada,Casaco do MSGR Blindado,Куртка гонца-воина,แจ็คเก็ต​เกราะ​ MSGR,Áo Khoác LLV Bọc Thép,Jaket MSGR Berarmor
重装信使夹克·壹型,重裝信使夾克·I,Armored MSGR Jacket T1,重装トランスポータージャケットⅠ,중장갑 전달자 재킷 · I,Veste de MSGR cuirassé G1,Boten-Schutzjacke S1,Giacca MSGR corazzata O1,Chaqueta de MSJR blindada T1,Casaco do MSGR Blindado T1,Куртка гонца-воина К1,แจ็คเก็ต​เกราะ​ MSGR T1,Áo Khoác LLV Bọc Thép T1,Jaket MSGR Berarmor T1
武器检查装置,武器檢查裝置,Arms INSP Kit,武器検査セット,무기 점검 장치,Kit INSP d'arme,Waffen-INSP-Kit,Kit per ispezione armi,Kit de inspector de armas,Kit INSP Armas,Тест-комплект для оружия,ชุด​ตรวจสอบ​อาวุธ,Bộ Kiểm Tra Quân Dụng,Kit INSP Senjata
武器检查套组,武器檢查套組,Arms INSP Set,武器検査ボックス,무기 점검 세트,Ensemble INSP d'arme,Waffen-INSP-Set,Set per ispezione armi,Set de inspector de armas,Conjunto INSP Armas,Тест-набор для оружия,ชุด​ตรวจสอบ​อาวุธ​ครบชุด,Bộ Kiểm Tra Vũ Khí,Set INSP Senjata
武器检查单元,武器檢查單元,Arms Inspector,武器検査ユニット,무기 점검 유닛,Inspecteur d'arme,Waffeninspektor,Congegno di ispezione armi,Inspector de armas,Inspetor de Armas,Тестер оружия,ผู้ตรวจสอบ​อาวุธ,Thiết Bị Kiểm Tra Vũ Khí,Pemeriksa Senjata
补充武库箱·新芽,補充武庫箱·新芽,Arms OC: Budding Anew,補充武庫ボックス・新芽,보충 무기고 상자 · 신아,CO d'armes : bourgeonnement nouveau,Waffen-AK: Erneutes Aufblühen,CO armi: Nuovo germoglio,CO de armas: Brotar de nuevo,CO Armas: Renascer,Пополнение арсенала «Молодой побег»,OC อาวุธ​: ผลิบาน​ใหม่,Thùng Cấp VK: Chồi Non Tái Sinh,KP Senjata: Tunas Baru
补充武库箱·星声,補充武庫箱·星聲,Arms OC: Cosmic Voice,補充武庫ボックス・星声,보충 무기고 상자 · 성음,CO d'armes : voix cosmique,Waffen-AK: Kosmische Stimme,CO armi: voce cosmica,CO de armas: Voz cósmica,CO Armas: Voz Cósmica,Пополнение арсенала «Космический голос»,OC อาวุธ​: เสียง​จักรวาล,Thùng Cấp VK: Tiếng Sao,KP Senjata: Suara Kosmis
补充武库箱·染赤,補充武庫箱·染赤,Arms OC: Crimson Hued,補充武庫ボックス・染紅,보충 무기고 상자 · 적색화,CO d'armes : teinte écarlate,Waffen-AK: Blutrot,CO armi: Tinta cremisi,CO de armas: De tono carmesí,CO Armas: Tom Carmesim,Пополнение арсенала «В багровых тонах»,OC อาวุธ​: สีแดง​ชาด,Thùng Cấp VK: Nhuộm Huyết Sắc,KP Senjata: Rona Merah Darah
补充武库箱·行舟,補充武庫箱·行舟,Arms OC: Drifting Raft,補充武庫ボックス・行舟,보충 무기고 상자 · 항해,CO d'armes : radeau à la dérive,Waffen-AK: Treibendes Floß,CO armi: Zattera alla deriva,CO de armas: Balsa a la deriva,CO Armas: Jangada à Deriva,Пополнение арсенала «Дрейфующий плот»,OC อาวุธ​: แพลอย​น้ำ,Thùng Cấp VK: Chiếc Bè Trôi Dạt,KP Senjata: Rakit Mengapung
补充武库箱·迅行,補充武庫箱·迅行,Arms OC: Express Delivery,補充武庫ボックス・疾駆,보충 무기고 상자 · 순행,CO d'armes : livraison express,Waffen-AK: Expresslieferung,CO armi: consegna espressa,CO de armas: Entrega exprés,CO Armas: Entrega Expressa,Пополнение арсенала «Срочная доставка»,OC อาวุธ​: จัดส่ง​ด่วน,Thùng Cấp VK: Tốc Hành,KP Senjata: Kiriman Kilat
补充武库箱·远途,補充武庫箱·遠途,Arms OC: Far Expedition,補充武庫ボックス・遠路,보충 무기고 상자 · 원정,CO d'armes : expédition lointaine,Waffen-AK: Erkundung der Weite,CO armi: spedizione lontana,CO de armas: Expedición lejana,CO Armas: Expedição Distante,Пополнение арсенала «Дальняя экспедиция»,OC อาวุธ​: การสำรวจ​ระยะไกล,Thùng Cấp VK: Viễn Chinh,KP Senjata: Ekspedisi Jauh
补充武库箱·绘涂,補充武庫箱·繪塗,Arms OC: Graffiti,補充武庫ボックス・彩色,보충 무기고 상자 · 화도,CO d'armes : graffiti,Waffen-AK: Graffiti,CO armi: graffiti,CO de armas: Grafiti,CO Armas: Graffiti,Пополнение арсенала «Граффити»,OC อาวุธ​: กราฟ​ฟิ​ตี,Thùng Cấp VK: Graffiti,KP Senjata: Grafiti
补充武库箱·军列,補充武庫箱·軍列,Arms OC: Military Grade,補充武庫ボックス・戦列,보충 무기고 상자 · 제대,CO d'armes : type militaire,Waffen-AK: Militär-Standards,CO armi: Grado militare,CO de armas: Grado militar,CO Armas: Categoria Militar,Пополнение арсенала «Военный стандарт»,OC อาวุธ​: เกรด​ทหาร,Thùng Cấp VK: Cấp Quân Dụng,KP Senjata: Standar Militer
补充武库箱·崇山,補充武庫箱·崇山,Arms OC: Rising Mount,補充武庫ボックス・山岳,보충 무기고 상자 · 숭산,CO d'armes : cimes,Waffen-AK: Aufragender Berg,CO armi: monte crescente,CO de armas: Monte ascendente,CO Armas: Monte Ascendente,Пополнение арсенала «Высокий пик»,OC อาวุธ​: ภูเขา​ยก​สูง,Thùng Cấp VK: Núi Cao,KP Senjata: Gunung Menjulang
补充武库箱·绛结,補充武庫箱·絳結,Arms OC: Scarlet Knot,補充武庫ボックス・赫結,보충 무기고 상자 · 붉은 결속,CO d'armes : nœud écarlate,Waffen-AK: Scharlachknoten,CO armi: Nodo scarlatto,CO de armas: Nudo escarlata,CO Armas: Nó Escarlate,Пополнение арсенала «Алый узел»,OC อาวุธ​: ปม​สกา​เล็ต,Thùng Cấp VK: Nút Thắt Đỏ,KP Senjata: Simpul Merah
补充武库箱·绯珀,補充武庫箱·緋珀,Arms OC: Scarlet Pearl,補充武庫ボックス・緋珀,보충 무기고 상자 · 적옥,CO d'armes : perle écarlate,Waffen-AK: Scharlachperle,CO armi: Perla scarlatta,CO de armas: Perla escarlata,CO Armas: Pérola Escarlate,Пополнение арсенала «Алая жемчужина»,OC อาวุธ​: มุก​สกา​เล็ต,Thùng Cấp VK: Ngọc Trai Đỏ,KP Senjata: Mutiara Merah
补充武库箱·熔灼,補充武庫箱·熔灼,Arms OC: Smelting Fire,補充武庫ボックス・溶融,보충 무기고 상자 · 용작,CO d'armes : feu des forges,Waffen-AK: Hüttenfeuer,CO armi: Fiamma della fonderia,CO de armas: Fuego de fundición,CO Armas: Fogo Fundente,Пополнение арсенала «Плавильная печь»,OC อาวุธ​: เพลิง​หลอมละลาย,Thùng Cấp VK: Luyện Hỏa,KP Senjata: Api Pelebur
补充武库箱·熔铸,補充武庫箱·熔鑄,Arms OC: Smelting Forge,補充武庫ボックス・溶鋳,보충 무기고 상자 · 용조,CO d'armes : fonderie,Waffen-AK: Schmelzschmiede,CO armi: forgia della fonderia,CO de armas: Forja de fundición,CO Armas: Forja de Fundição,Пополнение арсенала «Плавильная закалка»,OC อาวุธ​: เตา​หลอม​ดุจ​เหล็กกล้า,Thùng Cấp VK: Rèn Đúc,KP Senjata: Tempaan Lebur
补充武库箱·坚冰,補充武庫箱·堅冰,Arms OC: Solid Ice,補充武庫ボックス・堅氷,보충 무기고 상자 · 결빙,CO d'armes : glace solide,Waffen-AK: Festes Eis,CO armi: ghiaccio solido,CO de armas: Hielo sólido,CO Armas: Gelo Sólido,Пополнение арсенала «Крепкий лед»,OC อาวุธ​: น้ำแข็ง​แน่นหนา,Thùng Cấp VK: Băng Cứng,KP Senjata: Es Padat
补充武库箱·疾行,補充武庫箱·疾行,Arms OC: Swift Walker,補充武庫ボックス・早駆,보충 무기고 상자 · 질풍,CO d'armes : marcheur alerte,Waffen-AK: Schnellschreiter,CO armi: Viandante celere,CO de armas: Caminante veloz,CO Armas: Caminhante Veloz,Пополнение арсенала «Резвый путник»,OC อาวุธ​: นัก​เดินเท้า​ไว,Thùng Cấp VK: Hành Tốc,KP Senjata: Pengembara Gesit
补充武库箱·雷鸣,補充武庫箱·雷鳴,Arms OC: Thunderous Peal,補充武庫ボックス・雷光,보충 무기고 상자 · 뇌명,CO d'armes : fracas du tonnerre,Waffen-AK: Donnergrollen,CO armi: fragore del tuono,CO de armas: Estruendo estrepitoso,CO Armas: Toque Trovejante,Пополнение арсенала «Громовой раскат»,OC อาวุธ​: เสียงดัง​สนั่น​ก้อง,Thùng Cấp VK: Sấm Rền,KP Senjata: Gemuruh Guntur
过载的阵列核心,過載的陣列核心,Array Core: Overloaded,"オーバーヒートした<p=""てんしこうじん"" padding=0>天師杭陣</p>の核",과부하된 배열 코어,Cœur de matrice : surrégime,Säulenreihenkern: Überladen,Nucleo della Schiera: sovraccarico,Núcleo del conjunto: Sobrecargado,Núcleo do Conjunto: Sobrecarregado,Перегрузка ядра группы столбов,แกน​อาร์​เรย์​: โอเวอร์​โหลด,Trung Tâm Trận: Quá Tải,Inti Susunan: Kelebihan Beban
阵列稳定桩 - 一,陣列穩定樁 - 一,Array Stabilizing Rod (1),"陣の<p=""あんていこう"" padding=0>安定杭</p> - 1",배열 안정 기둥 - 1,Tige stabilisatrice de matrice (1),Stabilisatorenreihe (1),Barra stabilizzatrice del sistema (1),Varilla estabilizadora de conjunto (1),Haste Estabilizadora do Conjunto (1),Стабилизирующий стержень (1),แท่ง​ปรับ​สมดุล​แนว​เสา​ (1),Trận Thanh Ổn Định (1),Batang Penstabil Susunan (1)
阵列稳定桩 - 二,陣列穩定樁 - 二,Array Stabilizing Rod (2),"陣の<p=""あんていこう"" padding=0>安定杭</p> - 2",배열 안정 기둥 - 2,Tige stabilisatrice de matrice (2),Stabilisatorenreihe (2),Barra stabilizzatrice del sistema (2),Varilla estabilizadora de conjunto (2),Haste Estabilizadora do Conjunto (2),Стабилизирующий стержень (2),แท่ง​ปรับ​สมดุล​แนว​เสา​ (2),Trận Thanh Ổn Định (2),Batang Penstabil Susunan (2)
行至武陵,行至武陵,Arriving at Wuling,武陵に至る,무릉을 향한 발걸음,Arrivée à Wuling,Ankunft in Wuling,Arrivo a Wuling,Llegada a Wuling,Chegando em Wuling,Прибытие в Улин,มาถึง​อู่​หลิง,Đến Võ Lăng,Tiba di Wuling
军械库,軍械庫,Arsenal,武器庫,무기고,Arsenal,Arsenal,Arsenale,Arsenal,Arsenal,Арсенал,คลังแสง,Kho Vũ Khí,Gudang Senjata
武库完备奖章,武庫完備獎章,Arsenal Collection,武庫完備勲章,무기고 완비 훈장,Collection d'arsenal,Arsenal-Sammlung,Arsenale ben fornito,Colección de Arsenal,Coleção Arsenal,Коллекция арсенала,คลังแสง​สมบูรณ์,Thu Thập Kho Vũ Khí,Koleksi Senjata
武库防具箱α·临渊,武庫防具箱α·臨淵,Arsenal Defense Crate α: Rift Vigile,武庫装備ボックスα·臨淵,무기고 방어구 상자α · 벼랑,Caisse de défense de l'arsenal α : Face à la faille,Arsenal-Verteidigungskiste α: Risswacht,Cassa di difesa dell'arsenale α: Sorveglianza della spaccatura,Caja de defensa de Arsenal α: Vigía de la Grieta,Caixote de Defesa do Arsenal α: Vigia da Fenda,Защитный ящик арсенала α «Притяжение разлома»,ลัง​อุปกรณ์​ป้องกัน​คลังแสง​ α:​รอยแยก​มิ​เลือน,Thùng Trang Bị Phòng Vệ Kho Vũ Khí α: Người Gác Khe Nứt,Kerat Pertahanan Senjata α: Penjagaan Celah
武库防具箱β·临渊,武庫防具箱β·臨淵,Arsenal Defense Crate β: Rift Vigile,武庫装備ボックスβ·臨淵,무기고 방어구 상자β · 벼랑,Caisse de défense de l'arsenal β : Face à la faille,Arsenal-Verteidigungskiste β: Risswacht,Cassa di difesa dell'arsenale β: Sorveglianza della spaccatura,Caja de defensa de Arsenal β: Vigía de la Grieta,Caixote de Defesa do Arsenal β: Vigia da Fenda,Защитный ящик арсенала β «Притяжение разлома»,ลัง​อุปกรณ์​ป้องกัน​คลังแสง​ β: รอยแยก​มิ​เลือน,Thùng Trang Bị Phòng Vệ Kho Vũ Khí β: Người Gác Khe Nứt,Kerat Pertahanan Senjata β: Penjagaan Celah
武库配额,武庫配額,Arsenal Ticket,武庫配給,무기고 징표,Ticket de l'arsenal,Waffenticket,Biglietto arsenale,Boleto de Arsenal,Tíquete do Arsenal,Билет арсенала,บัตร​ตั๋ว​คลังแสง,Phiếu Kho Vũ Khí,Tiket Senjata
技艺流转奖章,技藝流轉獎章,Arts and Flow,アーツ流転勲章,숙련된 연계 훈장,Arts et souplesse,Fließende Technik,Arti e flusso,Artes y flujo,Artes e Fluxo,Искусства и поток,เวท​และ​การ​ไหลเวียน,Thuật Pháp và Uyển Chuyển,Arts dan Aliran
法术爆发 - 寒冷,法術爆發 - 寒冷,Arts Burst: Cryo,アーツ爆発 - 寒冷,아츠 폭발 - 냉기,Explosion des Arts cryogénique,Technikexplosion: Kryo,Esplosione delle Arti: ghiaccio,Ráfaga de artes: Criogénico,Explosão de Artes: Crio,Взрыв искусств: крио,ระเบิด​พลัง​เวท​: ไค​ร​โอ,Bùng Nổ Thuật Pháp: Băng,Arts Burst: Cryo
法术爆发 - 电磁,法術爆發 - 電磁,Arts Burst: Electric,アーツ爆発 - 電磁,아츠 폭발 - 전기,Explosion des Arts électrique,Technikexplosion: Elektrik,Esplosione delle Arti: elettricità,Ráfaga de artes: Eléctrico,Explosão de Artes: Elétrica,Взрыв искусств: электро,ระเบิด​พลัง​เวท​: ไฟฟ้า,Bùng Nổ Thuật Pháp: Điện,Arts Burst: Electric
法术爆发 - 灼热,法術爆發 - 灼熱,Arts Burst: Heat,アーツ爆発 - 灼熱,아츠 폭발 - 열기,Explosion des Arts thermique,Technikexplosion: Hitze,Esplosione delle Arti: fuoco,Ráfaga de artes: Calor,Explosão de Artes: Térmica,Взрыв искусств: тепло,ระเบิด​พลัง​เวท​: ความร้อน,Bùng Nổ Thuật Pháp: Nhiệt,Arts Burst: Heat
法术爆发 - 自然,法術爆發 - 自然,Arts Burst: Nature,アーツ爆発 - 自然,아츠 폭발 - 자연,Explosion des Arts naturelle,Technikexplosion: Natur,Esplosione delle Arti: natura,Ráfaga de artes: Naturaleza,Explosão de Artes: Natureza,Взрыв искусств: природа,ระเบิด​พลัง​เวท​: ธรรมชาติ,Bùng Nổ Thuật Pháp: Tự Nhiên,Arts Burst: Nature
法术附着 - 寒冷,法術附著 - 寒冷,Arts Infliction: Cryo,アーツ付着 - 寒冷,아츠 부착 - 냉기,Altération des Arts cryogénique,Technikkumulierung: Kryo,Afflizione da Arti: ghiaccio,Imposición de artes: criogénico,Inflição de Artes: Crio,Поражение искусствами: крио,การติ​ด​สถานะ​เวท​: ไค​ร​โอ,Nhiễm Thuật Pháp: Băng,Arts Infliction: Cryo
法术附着 - 电磁,法術附著 - 電磁,Arts Infliction: Electric,アーツ付着 - 電磁,아츠 부착 - 전기,Altération des Arts électrique,Technikkumulierung: Elektrik,Afflizione da Arti: elettricità,Imposición de artes: Eléctrico,Inflição de Artes: Elétrica,Поражение искусствами: электро,การติ​ด​สถานะ​เวท​: ไฟฟ้า,Nhiễm Thuật Pháp: Điện,Arts Infliction: Electric
法术附着 - 灼热,法術附著 - 灼熱,Arts Infliction: Heat,アーツ付着 - 灼熱,아츠 부착 - 열기,Altération des Arts thermique,Technikkumulierung: Hitze,Afflizione da Arti: fuoco,Imposición de artes: Calor,Inflição de Artes: Térmica,Поражение искусствами: тепло,การติ​ด​สถานะ​เวท​: ความร้อน,Nhiễm Thuật Pháp: Nhiệt,Arts Infliction: Heat
法术附着 - 自然,法術附著 - 自然,Arts Infliction: Nature,アーツ付着 - 自然,아츠 부착 - 자연,Altération des Arts naturelle,Technikkumulierung: Natur,Afflizioni da Arti: natura,Imposición de artes: Naturaleza,Inflição de Artes: Natureza,Поражение искусствами: природа,การติ​ด​สถานะ​เวท​: ธรรมชาติ,Nhiễm Thuật Pháp: Tự Nhiên,Arts Infliction: Nature
法术异常 - 燃烧,法術異常 - 燃燒,Arts Reaction: Combustion,アーツ異常 - 燃焼,아츠 이상 - 연소,Réaction aux Arts : Combustion,Technikreaktion: Verbrannt,Reazione delle Arti: Combustione,Reacción a artes: Combustión,Reação de Artes: Combustão,Реакция искусств: возгорание,ปฏิกิริยา​เวท​: การ​เผาไหม้,Phản Ứng Thuật Pháp: Thiêu Đốt,Arts Reaction: Combustion
法术异常 - 腐蚀,法術異常 - 腐蝕,Arts Reaction: Corrosion,アーツ異常 - 腐食,아츠 이상 - 부식,Réaction aux Arts : Corrosion,Technikreaktion: Korrosion,Reazione delle Arti: Corrosione,Reacción a artes: Corrosión,Reação de Artes: Corrosão,Реакция искусств: коррозия,ปฏิกิริยา​เวท​: การ​กัดกร่อน,Phản Ứng Thuật Pháp: Ăn Mòn,Arts Reaction: Corrosion
法术异常 - 导电,法術異常 - 導電,Arts Reaction: Electrification,アーツ異常 - 感電,아츠 이상 - 감전,Réaction aux Arts : Électrification,Technikreaktion: Elektrifizierung,Reazione delle Arti: Elettrificazione,Reacción a artes: Electrificación,Reação de Artes: Eletrificação,Реакция искусств: электризация,ปฏิกิริยา​เวท​: การ​ช็อต​ไฟฟ้า,Phản Ứng Thuật Pháp: Điện Hóa,Arts Reaction: Electrification
法术异常 - 冻结,法術異常 - 凍結,Arts Reaction: Solidification,アーツ異常 - 凍結,아츠 이상 - 동결,Réaction aux Arts : Solidification,Technikreaktion: Erstarrung,Reazione delle Arti: Solidificazione,Reacción a artes: Solidificación,Reação de Artes: Solidificação,Реакция искусств: застывание,ปฏิกิริยา​เวท​: การแช่​แข็ง,Phản Ứng Thuật Pháp: Đông Cứng,Arts Reaction: Solidification
刻术铁瓶,刻術鐵瓶,Arts Tube,刻術鉄瓶,아츠를 각인한 금속 병,Tube d'Arts,Technik-Röhrchen,Tubetto delle Arti,Tubo de artes,Tubo de Artes,Туба искусств,หลอด​เวท,Ống Thuật Pháp,Tabung Arts
刻术瓶,刻術瓶,Arts Vial,刻術瓶,아츠를 각인한 병,Fiole d'Arts,Technik-Ampulle,Fiala delle Arti,Frasco de artes,Frasco de Artes,Пузырек искусств,ขวด​เวท,Lọ Thuật Pháp,Ampul Arts
艺术暴君,藝術暴君,Artzy Tyrannical,芸術の独裁者,예술의 폭군,Tyran de l'art,Künstlerischer Tyrann,Tiranno pseudoartistico,Artzy tirano,Arte Tirânica,Артист Тиранический,อาร์ต​ซี่​ไท​แรน​นิ​คัล,Artzy Tàn Bạo,Artzy Tyrannical
灰针秘剂·升级,灰針秘劑·升級,Ashpin Remedy Upgrade,掌握の秘薬（強化）,제어의 비약 · 업그레이드,Amélioration de remède cendré,Verbesserung: Aschenadel-Heilmittel,Potenziamento: rimedio cinereo,Mejora de remedio ashpin,Upgrade de Remédio de Asphina,Улучшение координирующего средства,อัป​เกรด​ยา​รักษา​แอช​พิน,Nâng Cấp Thuốc Ashpin,Upgrade untuk Ramuan Ashpin
仰止,仰止,Aspirant,仰止,숭배의 시선,Aspirant,Aspirant,Aspirante,Aspirante,Aspirante,Устремление,ใฝ่​ทะเยอทะยาน,Ngưỡng Vọng,Aspirant
心愿,心願,Aspiration,願い,소원,Aspirations,Streben,Aspirazione,Aspiración,Aspiração,Стремление,ความทะเยอทะยาน,Khát Vọng,Aspirasi
收获助力奖章,收穫助力獎章,Assist Recipient,支えられし者勲章,수확 지원 훈장,Bénéficiaire d'assistance,Unterstützungs-Empfänger,Ausili graditi,Asistencia recibida,Recebedor de Assistência,Получение помощи,ผู้รับ​ความช่วยเหลือ,Hỗ Trợ Người Nhận,Penerima Bantuan
星体晶块货组,星體晶塊貨組,Astarron Crystals [pkg],アスタロン結晶セット,별체 결정 조각 상품군,Cristaux d'Astarron [colis],Astarron-Kristalle [Paket],Cristalli di Astarron (pacco),Cristales de Astarron [paq.],Cristais de Astarron [pct],Кристаллы Астаррона [упак.],คริสตัล​แอส​ตาร์​รอน​ [แพ็ก​],Tinh Thể Astarron [bộ],Kristal Astarron [pkt]
赛跑挑战,賽跑挑戰,Athletic Race,レースに挑戦,달리기 도전,Course,Sportwettkampf,Gara atletica,Carrera atlética,Corrida Atlética,Соревнование,การ​แข่ง​กีฬา​ความเร็ว,Cuộc Đua Thể Thao,Lomba Atletik
能力值,能力值,Attribute,能力値,능력치,Trait,Attribut,Attributo,Atributo,Atributo,Показатель,ค่า​คุณสมบัติ,Thuộc Tính,Atribut
中黯石,中黯石,Auronyx,中闇石,일반 흑암석,Oronyx,Auronyx,Auronyxite,Auronix,Auronix,Ауроникс,ออ​โร​นิก​ซ์,Kim Thạch,Auronyx
中黯石子簇,中黯石子簇,Auronyx Seed,純中闇石塊,일반 흑암석 덩이,Graine d'oronyx,Auronyx-Saat,Seme di auronyxite,Semilla de auronix,Semente de Auronix,Аурониксовое семя,เมล็ด​ออ​โร​นิก​ซ์,Hạt Kim Thạch,Benih Auronyx
中黯石,中黯石,Auronyx Spot,中闇石,일반 흑암석,Oronyx,Auronyx,Auronyxite,Auronix,Auronix,Ауроникс,ออ​โร​นิก​ซ์,Kim Thạch,Auronyx
醚质,醚質,Aurylene,オーリレン,오리렌,Aurylène,Aurylen,Aurylene,Aurileno,Aurileno,Аурилен,ออ​ริ​ลีน,Aurylene,Aurylene
醚质的作用,醚質的作用,Aurylene and Its Uses,オーリレンの役割,오리렌의 역할,L'aurylène et ses utilisations,Aurylen und seine Verwendung,L'Aurylene e i suoi impieghi,Aurileno y sus usos,Aurileno e seus Usos,Аурилен и его использование,ออ​ริ​ลีน​และ​การใช้งาน,Aurylene và Công Dụng,Aurylene dan Penggunaannya
醚质相机,醚質相機,Aurylene Camera,オーリレンカメラ,오리렌 카메라,Appareil photo en aurylène,Aurylen-Kamera,Fotocamera di Aurylene,Cámara de Aurileno,Câmera de Aurileno,Ауриленовая камера,กล้อง​แสง​แห่ง​ออ​ริ​ลีน,Máy Ảnh Aurylene,Kamera Aurylene
醚质晶块,醚質晶塊,Aurylene Crystal,オーリレン結晶,오리렌 결정 조각,Cristal d'aurylène,Aurylen-Kristall,Cristallo di Aurylene,Cristal de Aurileno,Cristal de Aurileno,Кристалл аурилена,ผลึก​ออ​ริ​ลีน,Tinh Thể Aurylene,Kristal Aurylene
醚质·四号谷地,醚質·四號谷地,Aurylene of Valley IV,オーリレン・四号谷地,오리렌 · 4번 협곡,Aurylène de la Vallée-IV,Aurylen von Tal IV,Aurylene di Valle IV,Aurileno del Valle IV,Aurileno de Vale IV,Аурилен Долины IV,ออ​ริ​ลีน​แห่ง​หุบเขา​ IV,Aurylene của Thung Lũng IV,Aurylene Lembah IV
醚质·武陵,醚質·武陵,Aurylene of Wuling,オーリレン・武陵,오리렌 · 무릉,Aurylène de Wuling,Aurylen von Wuling,Aurylene di Wuling,Aurileno de Wuling,Aurileno de Wuling,Аурилен Улина,ออ​ริ​ลีน​แห่ง​อู่​หลิง,Aurylene của Võ Lăng,Aurylene Wuling
权限等阶,權限等階,Authority Level,行動レベル,권한 등급,Niveau d'autorité,Autoritätslevel,Livello di autorità,Nivel de autoridad,Nível de Autoridade,Ур. влияния,เล​เวล​ของ​เจ้าพนักงาน,Cấp Đặc Quyền,Level Otoritas
等阶晋升,等階晉升,Authority Level Increase,行動レベルの上昇,등급 돌파,Augmentation de niveau d'autorité,Erhöhung des Autoritätslevels,Aumento del livello di autorità,Aumento del Nivel de autoridad,Aumento do Nível de Autoridade,Уровень влияния: повышение,การ​เพิ่ม​เล​เวล​ของ​เจ้าพนักงาน,Tăng Cấp Đặc Quyền,Kenaikan Level Otoritas
权限钥匙卡,權限鑰匙卡,Authorization Keycard,権限キー,권한 키 카드,Carte d'autorisation,Autorisierungs-Schlüsselkarte,Chiave di autorizzazione,Tarjeta de autorización,Cartão de Autorização,Ключ-карта допуска,คีย์​การ์ด​อนุญาต,Thẻ Cấp Quyền,Kartu Kunci Otorisasi
自动防御与长期安全,自動防禦與長期安全,Auto-Defense & Fully Secure,自動作戦と安全状態（長期）,자동 방어와 안전 유지,Autodéfense et sécurisation complète,Auto-Verteidigung & Vollständig gesichert,Difesa automatica e sicurezza totale,Autodefensa y Completamente asegurado,Autodefesa e Totalmente Seguro,Автозащита и полная защищенность,ระบบ​ป้องกัน​อัตโนมัติ​และ​สถานะ​ปลอดภัย​เต็มที่,Tự Động Phòng Thủ Và Đủ An Toàn,Pertahanan Otomatis & Aman Sepenuhnya
自动喷气装置,自動噴氣裝置,Auto-Jet Vent,ジェット装置,자동 분사 장치,Conduit de propulsion automatique,Auto-Strahl-Lüftung,Presa d'aria a getto,Propulsión automática,Propulsor Automático,Реактивный клапан,ช่อง​ระบาย​ไอพ่น​อัตโนมัติ,Lỗ Thông Hơi Tự Động,Jet Lontar Otomatis
自动锁定,自動鎖定,Auto-lock,自動ロックオン,자동 잠금,Verrouillage auto,Automatisch Anvisieren,Agganciamento automatico,Fijación automática,Travamento Automático,Автоматический захват цели,ล็อก​อัตโนมัติ,Tự Động Khóa,Penguncian Otomatis
贩售机,販賣機,Auto-Vendor,販売機,자판기,Distributeur automatique,Lieferautomat,Rivenditore automatico,Vendedor automático,Máquina de Vendas,Торговый автомат,ตู้​ขายของ​อัตโนมัติ,Máy Bán Hàng Tự Động,Mesin Penjual Otomatis
自动浇水,自動澆水,Auto-Watering,自動で散水,자동 물 주기,Arrosage automatique,Automatische Bewässerung,Irrigazione automatica,Riego automático,Irrigação Automática,Автополив,การรด​น้ำ​อัตโนมัติ,Tưới Tự Động,Penyiraman Otomatis
集成工业系统,集成工業系統,Automated Industry Complex (AIC),集成工業システム,통합 공업 시스템,Groupe industriel automatisé (GIA),Automatisierter Industriekomplex (AIK),Sistema industriale automatizzato (SIA),Complejo de Automatización Industrial (CAI),Complexo Automatizado Industrial (CAI),Автоматизированный промышленный комплекс (АПК),กลุ่ม​โรงงานอุตสาหกรรม​อัตโนมัติ​ (AIC),Khu Phức Hợp Công Nghiệp Tự Động (KPH),Area Industri Cerdas (AIC)
工业模式,工業模式,Automated Industry Complex Mode (AIC Mode),集成工業モード,공업 모드,Mode Groupe industriel automatisé (mode GIA),Automatisierter-Industriekomplex-Modus (AIK-Modus),Modalità sistema industriale automatizzato (modalità SIA),M. del Complejo de Automatización Industrial (Modo del CAI),Modo Complexo Automatizado Industrial (Modo CAI),Режим автоматизированного промышленного комплекса (режим АПК),โหม​ดก​ลุ่ม​โรงงานอุตสาหกรรม​อัตโนมัติ​ (โหม​ด​ AIC),Chế Độ Khu Phức Hợp Công Nghiệp Tự Động (Chế Độ Khu Phức Hợp),Mode Area Industri Cerdas (Mode AIC)
艾维文娜,艾維文娜,Avywenna,アイビーエナ,아비웨나,Avywenna,Avywenna,Avywenna,Avywenna,Avywenna,Авивенна,เอ​วิ​เวน​นา,Avywenna,Avywenna
艾维文娜的信物,艾維文娜的信物,Avywenna's Token,アイビーエナの印,아비웨나의 증표,Jeton d'Avywenna,Avywennas Token,Gettone di Avywenna,Ficha de Avywenna,Símbolo de Avywenna,Жетон Авивенны,โท​เคน​ของ​เอ​วิ​เวน​นา,Tín Vật của Avywenna,Token Avywenna
斧甲残块,斧甲殘塊,Axe Armor Fragment,斧甲の欠片,도끼 장갑 조각,Fragment de cuirabrute à hache,Gepanzertes Axt-Fragment,Frammento di corazza,Fragmento de Armadura de Hacha,Fragmento de Besta-Couraça,Фрагмент бронезверя-секача,เศษ​เกราะ​ขวาน,Mảnh Giáp Rìu,Fragmen Armor Kapak
斧甲兽,斧甲獸,Axe Armorbeast,斧甲獣,엑스 아머비스트,Cuirabrute à hache,Gepanzerte Axtbestie,Bestia-scure corazzata,Bestia armadura con hacha,Besta-Couraça Chifre de Machado,Бронезверь-секач,อสูร​ขวาน​เหล็ก,Quái Giáp Rìu,Armorbeast Kapak
大斧角,大斧角,Axehorn,斧甲獣の角,큰 도끼뿔,Corne de brute,Axthorn,Cornoscure,Cuerno de hacha,Chifre de Machado,Рог-секира,ขวาน​เขา,Sừng Rìu,Tanduk Kapak
背包与仓库,背包與倉庫,Backpack and Depot,道具箱と倉庫,가방과 창고,Sac à dos et entrepôt,Rucksack und Depot,Zaino e deposito,Mochila y Depósito,Mochila e Depósito,Рюкзак и склад,กระเป๋า​และ​คลังสินค้า,Túi Và Kho Hàng,Ransel dan Depot
背包中物品的使用,背包中物品的使用,Backpack: Item Usage,アイテムの使い方,가방에 있는 아이템을 사용하기,Sac à dos : utilisation des objets,Rucksack: Nutzung von Gegenständen,Zaino: utilizzare gli oggetti,Mochila: Uso de objetos,Mochila: Uso dos Itens,Рюкзак: используемые предметы,กระเป๋า​: การ​ใช้​ไอ​เทม,Túi: Cách Sử Dụng Vật Phẩm,Ransel: Penggunaan Item
备用ID卡,備用ID卡,Backup ID Pass,予備のIDカード,예비 ID 카드,Badge d'identification de secours,Ersatz-ID-Karte,Badge di riserva,Pase de identificación de respaldo,Passe de Identificação Reserva,Запасной пропуск ID,บัตร​ผ่าน​สำรอง,Thẻ Định Danh Dự Phòng,Kartu ID Akses Cadangan
备用集成电路,備用積體電路,Backup ORIC,予備のICチップ,예비 집적회로,CIOR de secours,Ersatz-IORS,CIOR di riserva,C.I.O. de respaldo,CIOR de Backup,Запасная ОРИС,ORIC สำรอง,ORIC Dự Phòng,SITO Cadangan
备用电源,備用電源,Backup Power,予備電源,예비 전원,Alimentation de secours,Notfallgenerator,Alimentatore di emergenza,Energía de emergencia,Energia Reserva,Резервный источник питания,พลังงาน​สำรอง,Nguồn Điện Dự Phòng,Daya Cadangan
备用电源的自动启用,備用電源的自動啟用,Backup Power: Auto-Activation,予備電源の自動起動,예비 전원의 자동 작동,Alimentation de secours : activation auto,Notfallgenerator: Automatische Aktivierung,Alimentatore di emergenza: attivazione automatica,La Energía de emergencia se activó,Energia Reserva: Ativação Automática,Резервный источник питания: автоактивация,พลังงาน​สำรอง​: การ​เปิด​ใช้งาน​อัตโนมัติ,Nguồn Điện Dự Phòng: Tự Động Kích Hoạt,Daya Cadangan: Aktivasi Otomatis
备用电源的恢复,備用電源的恢復,Backup Power: Restoration,予備電源の回復,예비 전원의 복구,Alimentation de secours : restauration,Notfallgenerator: Wiederherstellung,Alimentatore di emergenza: recupero,Energía de emergencia: Restauración,Energia Reserva: Restauração,Резервный источник питания: восстановление,พลังงาน​สำรอง​: การฟื้นฟู,Nguồn Điện Dự Phòng: Khôi Phục,Daya Cadangan: Pemulihan
一袋乐器,一袋樂器,Bag of Musical Instruments,1袋の楽器,악기 꾸러미,Sac d'instruments de musique,Tasche mit Musikinstrumenten,Borsa di strumenti musicali,Bolsa de instrumentos musicales,Bolsa de Instrumentos Musicais,Сумка с музыкальными инструментами,กระเป๋า​เครื่องดนตรี,Túi Nhạc Cụ,Tas Alat Musik
烽燧台,烽燧台,Balepyre Dais,烽火台,봉수대,Tour purificatrice - Estrade,Leidfeuer-Podium,Base della pira propizia,Plataforma piracima,Altar de Balepyre,Помост Погребального костра,แท่น​เพลิง​ผลาญ,Bệ Phong Hỏa,Podium Balepyre
烽燧桩,烽燧樁,Balepyre Tower,"<p=""ほうかこう"" padding=0>烽火杭</p>",봉수장,Tour purificatrice,Leidfeuer-Turm,Torre della pira propizia,Torre Piracima,Torre Balepyre,Башня Погребального костра,ป้อม​เพลิง​ผลาญ,Tháp Phong Hỏa,Menara Balepyre
折筠,折筠,Bamboo Splitter,竹を編み,절균,Séparateur de bambou,Bambusspalter,Spaccabambù,Divisor de bambú,Cortadora de Bambu,Раскол бамбука,คม​มีด​ผ่า​ไผ่,Máy Bổ Tre,Pembelah Bambu
竹笋炒肉,竹筍炒肉,Bamboo Sprouts and Meat,筍と肉の炒め物,죽순 고기볶음,Pousses de bambou et viande,Bambussprossen und Filet,Germogli di bambù e carne,Brotes de bambú y carne,Brotos de Bambu e Carne,Побеги бамбука с мясом,หน่อไม้​และ​เนื้อ,Măng Xào Thịt,Rebung dan Daging
香蕉皮,香蕉皮,Banana Peels,バナナの皮,바나나 껍질,Peaux de banane,Bananenschalen,Bucce di banana,Cáscaras de plátano,Cascas de Banana,Банановая кожура,เปลือก​กล้วย,Vỏ Chuối,Kulit Pisang
基础工业点数,基礎工業點數,Basic AIC Index,基礎工業ポイント,기초 공업 포인트,Répertoire du GIA de base,Standard-AIK-Index,Indice SIA base,Índice básico del CAI,Índice do CAI Básico,Стандартный индекс АПК,ดัชนี​ AIC พื้นฐาน,Chỉ Số Khu Phức Hợp Cơ Bản,Indeks AIC Dasar
简易护甲,簡易護甲,Basic Armor,簡易防具,간편 방어구,Armure de base,Standardrüstung,Armatura base,Armadura básica,Armadura Básica,Базовая броня,เกราะ​พื้นฐาน,Giáp Cơ Bản,Armor Biasa
普通攻击,普通攻擊,Basic Attack,通常攻撃,일반 공격,Attaque de base,Standardangriff,Attacco base,Ataque básico,Ataque Básico,Базовая атака,การ​โจมตี​พื้นฐาน,Đòn Đánh Thường,Serangan Dasar
重击,重擊,Basic Attack: Final Strike,重攻撃,강력한 일격,Attaque de base : Coup final,Standardangriff: Abschlussangriff,Attacco base: colpo finale,Ataque básico: Golpe final,Ataque Básico: Golpe Final,Базовая атака: последний удар,การ​โจมตี​พื้นฐาน​: โจมตี​พิฆาต,Đòn Đánh Thường: Đòn Dứt Điểm,Serangan Dasar: Final Strike
基础拓展核心,基礎拓展核心,Basic Expansion Core,基礎拡張核心,기초 확장 코어,Noyau d'extension de base,Standard-Erweiterungskern,Nucleo di espansione base,Núcleo de expansión básico,Núcleo de Expansão Básico,Стандартное ядро расширения,แกน​ขยาย​พื้นฐาน,Lõi Bản Mở Rộng Cơ Bản,Inti Perluasan Dasar
简易手甲,簡易手甲,Basic Gauntlets,簡易ガントレット,간편 금속 장갑,Gantelets de base,Standard-Fingerhandschuhe,Coprimani base,Guanteletes básicos,Manoplas Básicas,Базовые рукавицы,เกราะ​มือ​พื้นฐาน,Giáp Tay Cơ Bản,Gauntlet Biasa
简易护手,簡易護手,Basic Gloves,簡易プロテクター,간편 보호 장갑,Gants de base,Standardhandschuhe,Guanti semplici,Guantes básicos,Luvas Básicas,Базовые перчатки,ถุงมือ​พื้นฐาน,Găng Tay Cơ Bản,Sarung Tangan Biasa
基础寻访凭证,基礎尋訪憑證,Basic HH Permit,通常スカウト券,기초 헤드헌팅 허가증,Permis REC de base,RK-Genehmigung: Einfach,Permesso CT base,Permiso de C.R. Básica,Permissão para CT Básica,Базовое разрешение на наем,ใบอนุญาต​ HH พื้นฐาน,Vé Chiêu Mộ Cơ Bản,Surat Izin HH Biasa
简易护服,簡易護服,Basic PPE,簡易防護服,간편 방호복,EPI de base,Standard-PSA,DPI base,EPP básico,EPI Básico,Базовое СИЗ,PPE พื้นฐาน,PPE Cơ Bản,APD Dasar
电池,電池,Battery,バッテリー,배터리,Batterie,Batterie,Batteria,Batería,Bateria,Батарея,แบตเตอรี่,Pin,Baterai
灯火使命,燈火使命,Beacon of Duty,灯火の使命,등불의 사명,Symbole du devoir,Leuchtfeuer der Pflicht,Faro del dovere,Baliza del deber,Sinalizador do Dever,Маяк долга,คบเพลิง​แห่ง​หน้าที่,Ngọn Đuốc Trách Nhiệm,Beacon of Duty
射线塔,射線塔,Beam Tower,光線塔,빔 타워,Tour laser,Strahlenturm,Torretta raggio,Torre de rayos,Torre de Feixes,Лучевая вышка,ป้อม​ลำแสง,Tháp Tia,Menara Sinar
射线塔模板,射線塔模板,Beam Tower Template,光線塔の設計図,빔 타워 템플릿,Modèle de tour laser,Vorlage: Strahlenturm,Schema: torretta raggio,Molde de la Torre de rayos,Gabarito de Torre de Feixes,Шаблон лучевой вышки,เทม​เพล​ต​ป้อม​ลำแสง,Mẫu Tháp Tia,Templat Menara Sinar
美好记录,美好紀錄,Beautiful Moments,素敵な記録,특별한 순간,Merveilleux moments,Wunderschöne Augenblicke,Momenti bellissimi,Momentos memorables,Momentos de Beleza,Чудесные мгновения,ช่วงเวลา​ที่​งดงาม,Khoảnh Khắc Tươi Đẹp,Momen Indah
物流桥,物流橋,Belt Bridge,ベルトブリッジ,물류 브리지,Pont de convoyeur,Bandbrücke,Ponte trasportatore,Puente de cintas,Ponte de Esteira,Мостик для ленты,สะพาน​ข้าม​สายพาน,Mối Nối Băng Tải,Jembatan Sabuk
苦涩麦粉,苦澀麥粉,Bitter Flour,苦味の強い麦粉,쓴맛 나는 밀가루,Farine amère,Bitteres Mehl,Farina amara,Harina amarga,Farinha Amarga,Горькая мука,แป้ง​รส​ขม,Bột Đắng,Tepung Pahit
怪味肉酱,怪味肉醬,Bizarro Chili,複雑な味のミートソース,이상한 고기 소스,Chili bizarre,Bizarro-Chili,Chili stravagante,Chile bizarro,Chili Bizarro,Странный чили,น้ำพริก​บิ​ซาร์​โร,Nước Sốt Thịt Lạ,Cabai Aneh
怪味纸杯蛋糕,怪味杯子蛋糕,Bizarro Cupcake,複雑な味のカップケーキ,기묘한 컵케이크,Cupcake bizarre,Bizarro-Törtchen,Cupcake stravagante,Panquecito bizarro,Bolinho Bizarro,Странный кекс,คัพ​เค้ก​พิสดาร,Bánh Cupcake Lạ Đời,Cupcake Aneh
怪味饼干·升级,怪味餅乾·升級,Bizarrotack Upgrade,複雑な味のビスケット（強化）,이상한 맛의 과자 · 업그레이드,Amélioration de biscuit bizarre,Verbesserung: Bizarro-Kekse,Potenziamento: galletta stravagante,Mejora de galleta bizarra,Upgrade de Cracker Bizarro,Улучшение вундергалеты,อัป​เกรด​บิ​ซาร์​โร​แทค,Nâng Cấp Bánh Quy Vị Lạ,Upgrade untuk Kraker Aneh
甜腻黑水,甜膩黑水,Black Treacle,甘ったるい黒水,검고 달콤한 물,Mélasse noire,Schwarzer Sirup,Melassa nera,Melaza negra,Melaço Preto,Черная патока,น้ำเชื่อม​สีนิล,Mật Mía Đen,Sirop Kental Hitam
化剑,化劍,Blade Personified,剣と成る,검에게 맡기며,Lame incarnée,Verkörperung der Klinge,Lama personificata,La espada personificada,Lâmina Personificada,Воплощенный клинок,ดาบ​ใน​กา​ยา,Lưỡi Kiếm Hóa Thân,Wujud Diri Pedang
剑以衬文,劍以襯文,Bladewarded Stanzas,守文の剣,검의 문장,Strophes acérées,Klingenbewehrte Strophen,Strofe cinte da lame,Estrofas resguardadas por espadas,Estrofes com Lâminas,Строфы под защитой клинка,บทกวี​ใต้​เงา​ดาบ,Thi Khúc Hộ Kiếm,Bait dalam Lindungan Pedang
青子林,青子林,Bladewoods,青鋒林,청자숲,Bois des lames,Klingenwald,Boschi taglienti,Bosque de Espadas,Bosque das Espadas,Остролесье,เบล​ด​วู้ด​ส์,Rừng Gươm,Hutan Pedang
苍白秘剂·升级,蒼白秘劑·升級,Blanched Remedy Upgrade,無心の秘薬（強化）,망각의 비약 · 업그레이드,Amélioration de remède blanchi,Verbesserung: Gebleichtes Heilmittel,Potenziamento: rimedio incoraggiante,Mejora de remedio blanqueado,Upgrade de Remédio Branqueado,Улучшение стимулирующего средства,อัป​เกรด​ยาต้ม​ลวก,Nâng Cấp Thuốc Can Đảm,Upgrade untuk Ramuan Pucat
融火于风申领凭证,融火於風申領憑證,Blaze in the Winds Issue Cert,風火融合・申請証,융화 신청 허가증,Certif tirage Flammes dans le vent,„Flamme im Wind“-Ausgabe-Zerti,Certificato di distribuzione: Fiamma nei venti,Cert. de solicitud de Llamarada en los vientos,Certificado de Distribuição Chama aos Ventos,Сертификат поставки «Жаркий ветер»,ใบรับรอง​ตั๋ว​เปลวไฟ​ใน​สายลม,Chứng Nhận Gói Rút Lửa trong Gió,Sertif Edisi Sambaran Api di Tengah Angin
焚雾源石虫,火霧源石蟲,Blazemist Originium Slug,熱霧オリジムシ,화염 안개 원석충,Limace d'originium brumeflamme,Flammennebel-Originium-Schnecke,Origilumaca ardifoschia,Babosa de Originio de brumafuego,Lesma do Originium Névoa Flamejante,Ориджиниевый слизень огнетумана,ทาก​ออ​ริ​จิ​เนียม​หมอก​เพลิง​ผลาญ,Sên Originium Sương Hỏa Ngục,Siput Originium Blazemist
镀红祝福,鍍紅祝福,Blessing of Lustrous Carmine,カーマインヴェール,붉게 물든 가호,Bénédiction carmin,Segen des schimmernden Scharlachs,Benedizione del Cremisi splendente,Bendición del carmín lustroso,Bênção do Carmim Lustroso,Благословение кармина,พร​แห่ง​ลัส​ท​รัส​ คาร์​มีน,Phước Lành Rực Đỏ,Blessing of Lustrous Carmine
侵蚀屏障,侵蝕屏障,Blight Barrier,侵蝕の壁,침식 보호벽,Barrière de Gangrène,Verderbnisbarriere,Barriera di Contaminazione,Barrera contra la Plaga,Barreira de Praga,Моровый барьер,แนว​กั้น​ไบ​ล​ท์,Rào Chắn Nhiễm Khuẩn,Pelapis Hawar
侵蚀核心,侵蝕核心,Blight Core,侵蝕コア,침식 코어,Cœur de la Gangrène,Verderbniskern,Nucleo della Contaminazione,Núcleo de la Plaga,Núcleo da Praga,Ядро мора,แกน​ไบ​ล​ท์,Lõi Nhiễm Khuẩn,Inti Hawar
使用液态息壤消除侵蚀,使用液態息壤消除侵蝕,Blight Elimination with Liquid Xiranite,"液化<p=""そくじょう"" padding=0>息壌</p>を用いた侵蝕の除去",액화 식양을 사용하여 침식을 제거하기,Élimination de la Gangrène à l'aide de xiranite liquide,Verderbnisbeseitigung mit Flüssigem Xiranit,Xiranite liquida per eliminare la Contaminazione,Eliminación de la Plaga con Xiranita líquida,Eliminação da Praga com Xiranita Líquida,Ликвидация мора жидким ксиранитом,การกำ​จัด​ไบ​ล​ท์​ด้วย​ซี​เรน​ไนต์​เหลว,Loại bỏ Nhiễm Khuẩn bằng Xiranite Lỏng,Menggunakan Xiranite Cair untuk Menyingkirkan Hawar
侵蚀瘴扫描插件,侵蝕瘴掃描零件,Blight Miasma Scanner Plugin,侵蝕霧スキャン装置,침식 안개 스캔 모듈,Plug-in de scanner à miasmes,Verderbnisnebel-Scanner-Plugin,Plugin Scansione miasma contaminante,Complemento de escáner de Miasma de la Plaga,Plugin de Scanner de Miasma da Praga,Плагин сканера моровых миазмов,ปลั๊ก​อิน​เครื่อง​สแกน​หมอก​ควัน​เสื่อมโทรม,Đầu Cắm Quét Sương Mù Nhiễm Khuẩn,Plugin Pemindai Miasma Hawar
侵蚀阻碍,侵蝕阻礙,Blight Obstruction,侵蝕による妨害,침식 장애물,Obstruction de Gangrène,Verderbnisblockaden,Ostruzione da Contaminazione,Obstrucción por la Plaga,Obstrução de Praga,Блокировка мором,การ​กีดขวาง​ของ​ไบ​ล​ท์,Vật Cản Nhiễm Khuẩn,Rintangan Hawar
蚀崖观测站,蝕崖觀測站,Blightcliff Observation Post,蝕崖観測所,침식 절벽 관측소,Poste d'observation de Rochegrène,Verderbnisklippen-Wachposten,Punto di osservazione del dirupo contaminato,Puesto de observación de Riscoplaga,Posto de Observação do Penhasco da Praga,Наблюдательный пункт Блайтклиф,จุด​ตรวจการณ์​หน้าผา​ไบ​ล​ท์,Trạm Quan Sát Vách Nhiễm Khuẩn,Pos Pengamatan Tebing Hawar
受蚀玉化叶,受蝕玉化葉,Blighted Jadeleaf,侵蝕玉化葉,침식된 옥 잎,Feuille de jade gangrénée,Verderbtes Jadeblatt,Fogliagiada contaminata,Hoja de jade contaminada,Folha de Jade Contaminada,Моровый яшмолист,ใบหยก​ไบ​ล​ท์,Lá Ngọc Nhiễm Khuẩn,Jadeleaf Hawar
受蚀玉化叶,受蝕玉化葉,Blighted Jadeleaf Spot,侵蝕玉化葉,침식된 옥 잎,Feuille de jade gangrénée,Verderbtes Jadeblatt,Fogliagiada contaminata,Hoja de jade contaminada,Folha de Jade Contaminada,Моровый яшмолист,ใบหยก​ไบ​ล​ท์,Lá Ngọc Nhiễm Khuẩn,Jadeleaf Hawar
受蚀玉化叶根茎,受蝕玉化葉根莖,Blighted Jadeleaf Tuber,侵蝕玉化葉の茎,침식된 옥 잎 줄기,Tubercule de feuille de jade gangrénée,Verderbte Jadeblatt-Knolle,Tubero di fogliagiada contaminata,Tubérculo de hoja de jade contaminada,Tubérculo de Folha de Jade Contaminada,Клубень морового яшмолиста,หัว​ใบหยก​ไบ​ล​ท์,Củ Lá Ngọc Nhiễm Khuẩn,Umbi Jadeleaf Hawar
蚀影,蝕影,Blightshade,蝕影,침식의 그림자,Gangrénombre,Verderbnisschatten,Ombra contaminante,Sombra contaminada,Sombra da Praga,Моротень,เงา​เสื่อมโทรม,Bóng Nhiễm Khuẩn,Bayang-bayang Hawar
影兽衔石,影獸銜石,Blightshade Bezoar,影獣の石,그림자 비스트의 돌,Bézoard de Gangrénombre,Verderbnisschatten-Bezoar,Bezoario di ombra contaminante,Bezoar de Sombra contaminada,Bezoar de Sombra da Praga,Безоар моротени,นิ่ว​เงา​เสื่อมโทรม,Kết Thạch Bóng Nhiễm Khuẩn,Bezoar Bayang-bayang Hawar
春雷醒物十连凭证,春雷醒物十連憑證,Blitz of Verdance 10×Permit,「春雷の息吹」10回スカウト券,만물을 깨우는 봄의 천둥 헤드헌팅 10회 허가증,Permis Raid verdoyant ×10,„Moment des Aufblühens“-10er-Genehmigung,Permesso CT-10: Lampo di verde,Permiso x10 de Relámpago de verdor,Permissão 10× de Tempestade Verdejante,Разрешение х10 «Цветущий блиц»,ใบอนุญาต​สายฟ้า​ปลุก​สรรพสิ่ง​×10,Vé Cỏ Cây Oanh Toạc ×10,Surat Izin 10× Kilatan Kemakmuran
春雷醒物寻访凭证,春雷醒物尋訪憑證,Blitz of Verdance HH Permit,「春雷の息吹」スカウト券,만물을 깨우는 봄의 천둥 헤드헌팅 허가증,Permis REC Raid verdoyant,„Moment des Aufblühens“-RK-Genehmigung,Permesso CT: Lampo di verde,Permiso de C.R. de Relámpago de verdor,Permissão para CT Tempestade Verdejante,Разрешение на наем «Цветущий блиц»,ใบอนุญาต​ HH สายฟ้า​ปลุก​สรรพสิ่ง,Vé Chiêu Mộ Cỏ Cây Oanh Toạc,Surat Izin HH Kilatan Kemakmuran
蚀影噪雷,蝕影噪雷,Blitzcrash Blightshade,噪雷の蝕影,그림자에 물든 진뢰,Gangrénombre de Fracas,Blitzcrashs Verderbnisschatten,Ombra contaminante di Bottoblitz,Sombra contaminada de Blitzcrash,Sombra da Praga de Blitzcrash,Моротень Молнии,เงา​เสื่อมโทรม​บ​ลิตซ์​แค​ร​ช,Bóng Nhiễm Khuẩn Chớp Nhoáng,Bayang-bayang Hawar Blitzcrash
血菌,血菌,Bloodcap,血潮茸,피버섯,Chapeau de sang,Blutkappe,Fungo sanguigno,Fungisangre,Hemoderma,Кровянник,เห็ด​เลือด,Nấm Mũ Máu,Bloodcap
血菌块,血菌塊,Bloodcap Mycelia,血潮菌床,피버섯 조각,Mycélium de chapeau de sang,Blutkappen-Mycel,Micelio del fungo sanguigno,Micelio de fungisangre,Micélio de Hemoderma,Мицелий кровянника,เส้นใย​เห็ด​เลือด,Mycelia mũ máu,Miselium Bloodcap
血菌,血菌,Bloodcap Spot,血潮茸,피버섯,Chapeau de sang,Blutkappe,Fungo sanguigno,Fungisangre,Hemoderma,Кровянник,เห็ด​เลือด,Nấm Mũ Máu,Bloodcap
带血纸条1,帶血紙條1,Bloodied Note I,血の付いたメモ1,피 묻은 쪽지 1,Note ensanglantée I,Blutige Notiz I,Biglietto insanguinato I,Nota ensangrentada I,Bilhete Ensanguentado I,Окровавленная записка I,บันทึก​เปื้อน​เลือด​ I,Ghi Chép Vấy Máu I,Catatan Bernoda Darah I
带血纸条2,帶血紙條2,Bloodied Note II,血の付いたメモ2,피 묻은 쪽지 2,Note ensanglantée II,Blutige Notiz II,Biglietto insanguinato II,Nota ensangrentada II,Bilhete Ensanguentado II,Окровавленная записка II,บันทึก​เปื้อน​เลือด​ II,Ghi Chép Vấy Máu II,Catatan Bernoda Darah II
染血的应龙队员留言,染血的應龍隊員留言,Bloodied Yinglung Memo,血に染まった応龍隊員のメモ,피로 물든 응룡 대원의 메시지,Note ensanglantée d'un membre des Yinglungs,Blutige Yinglung-Notiz,Nota Yinglung insanguinata,Nota ensangrentada de un Yinglung,Memo de Yinglung Ensanguentado,Окровавленная записка бойца «Инлуна»,บันทึก​ห​ยิง​หลง​เปื้อน​เลือด,Ghi Chú Vấy Máu Của Đội Đặc Nhiệm,Memo Yinglung yang Bernoda Darah
染血的紧急命令,染血的緊急命令,Bloodstained Emergency Order,血に染まった緊急命令,피로 물든 긴급 명령,Commande urgente tachée de sang,Blutbefleckte Notverordnung,Ordine di emergenza macchiato di sangue,Orden de emergencia ensangrentada,Ordem de Emergência Manchada de Sangue,"Срочный приказ, запачканный кровью",คำสั่ง​ฉุกเฉิน​เปื้อน​เลือด,Lệnh Khẩn Đẫm Máu,Perintah Darurat Bernoda Darah
春景故人来,Blossoms Bring an Old Friend,Blossoms Bring an Old Friend,Blossoms Bring an Old Friend,Blossoms Bring an Old Friend,Blossoms Bring an Old Friend,Blossoms Bring an Old Friend,Blossoms Bring an Old Friend,Blossoms Bring an Old Friend,Blossoms Bring an Old Friend,Blossoms Bring an Old Friend,Blossoms Bring an Old Friend,Blossoms Bring an Old Friend,Blossoms Bring an Old Friend
蓝色的花瓣,藍色的花瓣,Blue Petal,青い花びら,푸른 꽃잎,Pétale bleu,Blaues Blütenblatt,Petalo blu,Pétalo azul,Pétala Azul,Синий лепесток,กลีบ​สีน้ำเงิน,Cánh Hoa Xanh,Kelopak Biru
蓝图,藍圖,Blueprint,図面,청사진,Plan,Bauplan,Progetto,Plano,Projeto,Чертеж,พิมพ์เขียว,Bản Vẽ,Cetak Biru
蓝图的分享,藍圖的分享,Blueprint: Sharing,図面の共有,청사진 공유하기,Plan : partage,Baupläne teilen,Progetto: condivisione,Plano: compartir,Projeto: Compartilhamento,Чертеж: общий доступ,พิมพ์เขียว​: การ​แบ่งปัน,Bản Vẽ: Chia Sẻ,Cetak Biru: Pembagian
保障配额,保障配額,Bond Quota,保証配給,보장 징표,Quota de base,Primäre Quote,Cedola base,Cuota de Bono,Cota de Títulos,Базовый талон,โควต้า​พันธบัตร,Giới Hạn Liên Kết,Kuota Utama
碾骨小雕像,碾骨小雕像,Bonekrusha Figurine,骨砕の小像,본 크러셔 조각상,Figurine de Broyeur d'os,Knochenbrecha-Figur,Effige da Maciulla-Ossa,Figurilla Rompehuesos,Boneco dos Quebra-Ossos,Костоломская фигурка,ฟิก​เกอร์​โบน​ค​รัช​ชา,Tượng Bonekrusha,Figurin Bonekrusha
碾骨小雕像·壹型,碾骨小雕像·I,Bonekrusha Figurine T1,骨砕の小像Ⅰ,본 크러셔 조각상 · I,Figurine de Broyeur d'os G1,Knochenbrecha-Figur S1,Effige da Maciulla-Ossa O1,Figurilla Rompehuesos T1,Boneco dos Quebra-Ossos T1,Костоломская фигурка К1,ฟิก​เกอร์​โบน​ค​รัช​ชา​ T1,Tượng Bonekrusha T1,Figurin Bonekrusha T1
碾骨小雕像·贰型,碾骨小雕像·II,Bonekrusha Figurine T2,骨砕の小像Ⅱ,본 크러셔 조각상 · II,Figurine de Broyeur d'os G2,Knochenbrecha-Figur S2,Effige da Maciulla-Ossa O2,Figurilla Rompehuesos T2,Boneco dos Quebra-Ossos T2,Костоломская фигурка К2,ฟิก​เกอร์​โบน​ค​รัช​ชา​ T2,Tượng Bonekrusha T2,Figurin Bonekrusha T2
碾骨手套,碾骨手套,Bonekrusha Gloves,骨砕のガントレット,본 크러셔 장갑,Gants de Broyeur d'os,Knochenbrecha-Handschuhe,Guanti da Maciulla-Ossa,Guantes Rompehuesos,Luvas de Quebra-Ossos,Костоломские перчатки,ถุงมือ​โบน​ค​รัช​ชา,Găng Bonekrusha,Sarung Tangan Bonekrusha
碾骨重护甲,碾骨重護甲,Bonekrusha Heavy Armor,骨砕の重防具,본 크러셔 중갑 방어구,Armure lourde de Broyeur d'os,Schwere Knochenbrecha-Rüstung,Armatura pesante da Maciulla-Ossa,Armadura pesada Rompehuesos,Armadura Pesada dos Quebra-Ossos,Костоломская тяжелая броня,เกราะ​หนัก​โบน​ค​รัช​ชา,Giáp Hạng Nặng Bonekrusha,Armor Berat Bonekrusha
碾骨重护甲·壹型,碾骨重護甲·I,Bonekrusha Heavy Armor T1,骨砕の重防具Ⅰ,본 크러셔 중갑 방어구 · I,Armure lourde de Broyeur d'os G1,Schwere Knochenbrecha-Rüstung S1,Armatura pesante da Maciulla-Ossa O1,Armadura pesada Rompehuesos T1,Armadura Pesada dos Quebra-Ossos T1,Костоломская тяжелая броня К1,เกราะ​หนัก​โบน​ค​รัช​ชา​ T1,Giáp Hạng Nặng Bonekrusha T1,Armor Berat Bonekrusha T1
碾骨重护甲·贰型,碾骨重護甲·II,Bonekrusha Heavy Armor T2,骨砕の重防具Ⅱ,본 크러셔 중갑 방어구 · II,Armure lourde de Broyeur d'os G2,Schwere Knochenbrecha-Rüstung S2,Armatura pesante da Maciulla-Ossa O2,Armadura pesada Rompehuesos T2,Armadura Pesada dos Quebra-Ossos T2,Костоломская тяжелая броня К2,เกราะ​หนัก​โบน​ค​รัช​ชา​ T2,Giáp Hạng Nặng Bonekrusha T2,Armor Berat Bonekrusha T2
碾骨面具,碾骨面具,Bonekrusha Mask,骨砕のマスク,본 크러셔 마스크,Masque de Broyeur d'os,Knochenbrecha-Maske,Maschera da Maciulla-Ossa,Máscara Rompehuesos,Máscara dos Quebra-Ossos,Костоломская маска,หน้ากาก​โบน​ค​รัช​ชา,Mặt Nạ Bonekrusha,Topeng Bonekrusha
碾骨面具·壹型,碾骨面具·I,Bonekrusha Mask T1,骨砕のマスクⅠ,본 크러셔 마스크 · I,Masque de Broyeur d'os G1,Knochenbrecha-Maske S1,Maschera da Maciulla-Ossa O1,Máscara Rompehuesos T1,Máscara dos Quebra-Ossos T1,Костоломская маска К1,หน้ากาก​โบน​ค​รัช​ชา​ T1,Mặt Nạ Bonekrusha T1,Topeng Bonekrusha T1
碾骨面具·贰型,碾骨面具·II,Bonekrusha Mask T2,骨砕のマスクⅡ,본 크러셔 마스크 · II,Masque de Broyeur d'os G2,Knochenbrecha-Maske S2,Maschera da Maciulla-Ossa O2,Máscara Rompehuesos T2,Máscara dos Quebra-Ossos T2,Костоломская маска К2,หน้ากาก​โบน​ค​รัช​ชา​ T2,Mặt Nạ Bonekrusha T2,Topeng Bonekrusha T2
碾骨披巾,碾骨披巾,Bonekrusha Poncho,骨砕のマント,본 크러셔 머플러,Poncho de Broyeur d'os,Knochenbrecha-Poncho,Poncho da Maciulla-Ossa,Poncho Rompehuesos,Poncho dos Quebra-Ossos,Костоломское пончо,โพน​โช​โบน​ค​รัช​ชา,Áo Choàng Bonekrusha,Ponco Bonekrusha
碾骨披巾·壹型,碾骨披巾·I,Bonekrusha Poncho T1,骨砕のマントⅠ,본 크러셔 머플러 · I,Poncho de Broyeur d'os G1,Knochenbrecha-Poncho S1,Poncho da Maciulla-Ossa O1,Poncho Rompehuesos T1,Poncho dos Quebra-Ossos T1,Костоломское пончо К1,โพน​โช​โบน​ค​รัช​ชา​ T1,Áo Choàng Bonekrusha T1,Ponco Bonekrusha T1
碾骨腕带,碾骨腕帶,Bonekrusha Wristband,骨砕のグローブ,본 크러셔 장갑(손목),Bracelet de Broyeur d'os,Knochenbrecha-Handgelenksschutz,Bracciale da Maciulla-Ossa,Pulsera Rompehuesos,Pulseira dos Quebra-Ossos,Костоломские краги,สาย​รัด​ข้อมือ​โบน​ค​รัช​ชา,Băng Cổ Tay Bonekrusha,Deker Tangan Bonekrusha
碾骨腕带·壹型,碾骨腕帶·I,Bonekrusha Wristband T1,骨砕のグローブⅠ,본 크러셔 장갑(손목) · I,Bracelet de Broyeur d'os G1,Knochenbrecha-Handgelenksschutz S1,Bracciale da Maciulla-Ossa O1,Pulsera Rompehuesos T1,Pulseira dos Quebra-Ossos T1,Костоломские краги К1,สาย​รัด​ข้อมือ​โบน​ค​รัช​ชา​ T1,Băng Cổ Tay Bonekrusha T1,Deker Tangan Bonekrusha T1
碾骨伏击射手,碾骨伏擊射手,Bonekrusher Ambusher,ボーンクラッシャーの潜伏狙撃手,본 크러셔 저격수,Embusqueur Broyeur d'os,Knochenbrecher-Wegelagerer,Tendi-agguati Spacca-Ossa,Emboscador Rompehuesos,Emboscador Quebra-Ossos,Налетчик Костоломов,นัก​ซุ่ม​โจมตี​แห่ง​โบน​ค​รัช​เชอร์,Quái Phục Kích Bonekrusher,Bonekrusher Ambusher
碾骨清道夫,碾骨清道夫,Bonekrusher Arsonist,ボーンクラッシャーの始末屋,본 크러셔 집행자,Incendiaire Broyeur d'os,Knochenbrecher-Brandstifter,Piromane Spacca-Ossa,Rompehuesos Pirómano,Incendiário Quebra-Ossos,Поджигатель Костоломов,นัก​วางเพลิง​แห่ง​โบน​ค​รัช​เชอร์,Quái Phóng Hỏa Bonekrusher,Bonekrusher Arsonist
碾骨射手,碾骨射手,Bonekrusher Ballista,ボーンクラッシャーの狙撃手,본 크러셔 사수,Baliste Broyeur d'os,Knochenbrecher-Balliste,Balestriere Spacca-Ossa,Balista Rompehuesos,Artilheiro Quebra-Ossos,Бомбардир Костоломов,เครื่อง​ยิง​หิน​บัล​ลิส​ต้า​ของ​โบน​ค​รัช​เชอร์,Quái Bắn Đá Bonekrusher,Bonekrusher Ballista
碾骨行刑人,碾骨行刑人,Bonekrusher Executioner,ボーンクラッシャーの処刑人,본 크러셔 처형자,Exécuteur Broyeur d'os,Knochenbrecher-Henker,Boia Spacca-Ossa,Verdugo Rompehuesos,Carrasco Quebra-Ossos,Палач Костоломов,เพชฌฆาต​แห่ง​โบน​ค​รัช​เชอร์,Đao Phủ Bonekrusher,Bonekrusher Executioner
碾骨渗透者,碾骨滲透者,Bonekrusher Infiltrator,ボーンクラッシャーの潜入者,본 크러셔 침투자,Infiltré Broyeur d'os,Knochenbrecher-Eindringling,Infiltrato Spacca-Ossa,Rompehuesos Infiltrado,Infiltradora Quebra-Ossos,Лазутчик Костоломов,นัก​แทรกซึม​แห่ง​โบน​ค​รัช​เชอร์,Quái Đột Nhập Bonekrusher,Bonekrusher Infiltrator
碾骨焰术师,碾骨焰術師,Bonekrusher Pyromancer,ボーンクラッシャーの炎術師,본 크러셔 염술사,Pyromancien Broyeur d'os,Knochenbrecher-Pyromant,Piromante Spacca-Ossa,Piromante Rompehuesos,Piromante Quebra-Ossos,Пиромант Костоломов,นัก​เล่น​ไฟ​แห่ง​โบน​ค​รัช​เชอร์,Hỏa Thuật Sư Bonekrusher,Bonekrusher Pyromancer
碾骨劫掠者,碾骨劫掠者,Bonekrusher Raider,ボーンクラッシャーの略奪者,본 크러셔 약탈자,Pillard Broyeur d'os,Knochenbrecher-Plünderer,Predone Spacca-Ossa,Asaltante Rompehuesos,Invasor Quebra-Ossos,Захватчик Костоломов,นัก​ปล้น​แห่ง​โบน​ค​รัช​เชอร์,Đạo Tặc Bonekrusher,Bonekrusher Raider
碾骨撕裂牙兽,碾骨撕裂牙獸,Bonekrusher Ripptusk,骨砕牙獣,본 크러셔 립터스크,Lycarne Broyeur d'os,Knochenbrecher-Reißbestie,Sanguizanna degli Spacca-Ossa,Colmillo desgarrador Rompehuesos,Rasga-Presa Quebra-Ossos,Рваноклык Костоломов,ริ​ปทัส​ค์​โบน​ค​รัช​เชอร์,Ripptusk Bonekrusher,Bonekrusher Ripptusk
碾骨破城者,碾骨破城者,Bonekrusher Siegeknuckles,ボーンクラッシャーの攻城者,본 크러셔 파괴자,Phalange de siège Broyeur d'os,Knochenbrecher-Belagerungsfaust,Noccassalto Spacca-Ossa,Nudillos de asedio de Rompehuesos,Socador Quebra-Ossos,Осадный кастетчик Костоломов,โบน​ค​รัช​เชอร์​อันเป็น​หมัด​แห่ง​ป้อมปราการ,Người Công Thành Bonekrusher,Bonekrusher Siegeknuckle
碾骨先锋,碾骨先鋒,Bonekrusher Vanguard,ボーンクラッシャーの先鋒,본 크러셔 돌격수,Avant-garde Broyeur d'os,Knochenbrecher-Vorhut,Avanguardia Spacca-Ossa,Vanguardia Rompehuesos,Vanguarda Quebra-Ossos,Штурмовик Костоломов,โบน​ค​รัช​เชอร์​ นักรบ​แนวหน้า,Bonekrusher Tiên phong,Bonekrusher Vanguard
碾骨战营,碾骨戰營,Bonekrusher Warcamp,骨砕野営地,본 크러셔 캠프,Camp de guerre de Broyeurs d'os,Knochenbrecher-Kriegscamp,Accampamento bellico degli Spacca-Ossa,Campamento de guerra Rompehuesos,Acampamento de Guerra dos Quebra-Ossos,Военный лагерь Костоломов,ค่าย​ศึก​โบน​ค​รัช​เชอร์,Trại Chiến Tranh Bonekrusher,Kamp Perang Bonekrusher
生机盆景,生機盆景,Bonsai of Life,生命力の盆栽,생명 분재,Bonsaï de la vie,Bonsai des Lebens,Bonsai della vita,Bonsái de la vida,Bonsai da Vida,Бонсай жизни,บอนไซ​แห่ง​ชีวิต,Cây Cảnh Sự Sống,Bonsai Kehidupan
领袖,領袖,Boss,ボス,보스,Boss,Boss,Boss,jefe,Chefe,босс,บอส,Boss,Bos
弹射装置,彈射裝置,Bounce Device,発射装置,점프형 장치,Dispositif de rebond,Sprungmodul,Dispositivo di rimbalzo,Dispositivo de impulso,Dispositivo de Salto,Батут,อุปกรณ์​เด้ง​ดึ๋ง,Thiết Bị Bật Nhảy,Perangkat Pantul
需要激活的弹射装置,需要啟動的彈射裝置,Bounce Device: Activation,発射装置の起動,활성화가 필요한 점프형 장치,Dispositif de rebond : activation,Sprungmodul: Aktivierung,Dispositivo di rimbalzo: attivazione,Dispositivo de impulso: activación,Dispositivo de Salto: Ativação,Батут: активация,อุปกรณ์​เด้ง​ดึ๋ง​: การ​เปิด​ใช้งาน,Thiết Bị Bật Nhảy: Kích Hoạt,Perangkat Pantul: Aktivasi
界龙,界龍,Boundary Lung,界龍,계룡,Lung limitrophe,Grenz-Lung,Dragone del confine,Lung limítrofe,Lung da Fronteira,Пограничный лун,หลง​ขอบเขต,Long Ranh Giới,Lung Batas
无边征程,無邊征程,Boundless Crusade,終なき遠征,끝없는 원정,Croisade sans limite,Unendlicher Kreuzzug,Eterna crociata,Cruzada sin límites,Cruzada Sem Limites,Бесконечная миссия,สงคราม​ครู​เสด​ไร้​ขอบเขต,Thập Tự Chinh Vô Tận,Perang Suci Tanpa Batas
天使的赠礼（第十五期）,天使的贈禮（第十五期）,Bounties from the Aggeloi (Issue 15),『アンゲロスの贈り物』（第15号）,아겔로스의 선물(제15편),Bienfaits aggeloïdes (numéro 15),Spezialitäten der Aggeloi (Ausgabe 15),L'angolo degli Aggeloi (Numero 15),Recompensas de los Aggeloi (Solicitud 15),Recompensas dos Aggeloi (Edição 15),Дары аггелов (выпуск 15),รางวัล​จาก​แอง​เกลอ​ย​ (ฉบับ​ที่​ 15),Tiền Thưởng Từ Aggeloi (Tập 15),Hadiah dari Aggelos (Edisi 15)
归枝,歸枝,Branch of Homecoming,帰枝,근원으로의 회귀,Branche du foyer,Zweig der Heimkehr,Ramo del ritorno a casa,Rama del Regreso a casa,Galho da Volta Para Casa,Ветвь возвращения домой,กิ่งไม้​แห่ง​การ​หวนคืน,Cành Quy Hương,Cabang Kepulangan
断云叟,斷雲叟,Breaking Gust,断雲翁,단운수,Bourrasque dévastatrice,Zerstörerische Bö,Folata frantumante,Ráfaga devastadora,Rajada Intensa,Сокрушающий порыв,ลม​กรรโชก,Cuồng Phong Xé Toạc,Breaking Gust
耶尔什微风,耶爾什微風,Breeze of Kjersch,イェルシェのそよ風,옐시의 산들바람,Souffle de Kjersch,Brise von Kjersch,Brezza di Kjersch,Brisa de Kjersch,Brisa de Kjersch,Дыхание Кьерша,สายลม​แห่ง​ค​เ​ยิ​ร์​ช,Làn Gió Của Kjersch,Semilir Kjersch
舰桥,艦橋,Bridge,ブリッジ,갑판,Pont,Brücke,Ponte,Puente,Ponte,Мостик,สะพาน,Cầu Tàu,Anjungan Komando
桥头工事,橋頭工事,Bridge Approach,橋頭建設場,다리 입구 공사장,Voie d'accès au pont,Brückenzugang,Avvicinamento al ponte,Aproximación al puente,Acesso à Ponte,У моста,เส้นทาง​ผ่าน​สะพาน,Đầu Cầu,Transisi Jembatan
桥头区营地,橋頭區營地,Bridge Approach Camp,橋頭野営地,다리 입구 구역 캠프,Camp de la voie d'accès au pont,Brücken-zugangscamp,Accampamento dell'avvicinamento al ponte,Campamento de aproximación al puente,Acampamento de Acesso à Ponte,Лагерь у моста,ค่าย​เส้นทาง​ผ่าน​สะพาน,Trại Đầu Cầu,Kamp Transisi Jembatan
大桥升降控制台零件,大橋升降控制台零件,Bridge Elevator Control Panel Parts,橋梁昇降制御装置部品,다리 제어기 부품,Pièces du panneau de contrôle de l'ascenseur du pont,Brückenaufzug-Steuertafel-Teile,Componenti del pannello di controllo del ponte mobile,Piezas del panel de control del elevador del puente,Peças do Painel de Controle do Elevador da Ponte,Детали панели управления мостом,ชิ้นส่วน​แผง​ควบคุม​ลิฟต์​สะพาน,Mảnh Bảng Điều Khiển Thang Máy,Bagian Panel Kontrol Elevator Jembatan
落草,落草,Brigand's Calling,落草,반항,L'appel du brigand,Banditenruf,Vocazione da brigante,Llamado del bandido,Convocação do Bandido,Призвание разбойника,เสียง​เพรียก​แห่ง​โจร,Tiếng Gọi Đạo Tặc,Brigand’s Calling
易碎源石树枝,易碎源石樹枝,Brittle Originium Branch,"<p=""オリジニウム"" padding=0>源石</p>の細枝",깨지기 쉬운 오리지늄 나뭇가지,Branche d'originium fragile,Brüchiger Originium-Zweig,Ramo di Originium fragile,Rama frágil de Originio,Galho de Originium Frágil,Хрупкая ориджиниевая ветвь,กิ่ง​ออ​ริ​จิ​เนียม​เปราะบาง,Nhánh Originium Giòn,Cabang Originium Rapuh
损坏的移动终端,損壞的行動終端,Broken Handyterm,壊れたモバイル端末,파손된 이동 단말기,Terminal mobile cassé,Kaputtes Mobilterminal,Terminale portatile rotto,Terminal portátil roto,Terminal Portátil Quebrado,Сломанный мини-терминал,แฮน​ดี​เ​ทิ​ร์​ม​ชำรุด,Thiết Bị Cầm Tay Hỏng,Handyterm Rusak
残暴原生钳兽,殘暴原生鉗獸,Brutal Pincerbeast,凶暴原生鉗獣,브루탈 핀서비스트,Tenailleur brutal,Brutales Zangenbiest,Bestia chelata brutale,Bestia pinza brutal,Besta Garras de Foice Brutal,Свирепый зверохват,พิน​เซอร์​บี​ส​ต์​ป่าเถื่อน,Thú Kẹp Tàn Bạo,Brutal Pincerbeast
奶茶店商人,奶茶店商人,bubbletea_trade,ミルクティー店商人,밀크티 가게 상인,Marchand de Bubble Tea,Bubble-Tea-Händler,Mercante di Bubble Tea,comerciante de té de burbujas,Comerciante de Bubble Tea,торговец чайной,พ่อค้าชานมไข่มุก,Thương Nhân Trà Sữa,Pedagang Bubble Tea
精选荞愈胶囊,精選蕎癒膠囊,Buck Capsule [A],蕎花カプセルⅢ,메밀꽃 치유 캡슐(대),Capsule Revigor [A],Buchweizen-Pille [A],Capsula di arcofiore (A),Cápsulas de floracina [A],Cápsula de Cervina [A],Гречекапсула [A],แคปซูล​บัค​ [A],Thuốc Kiều Mạch [A],Kapsul Buck [A]
优质荞愈胶囊,優質蕎癒膠囊,Buck Capsule [B],蕎花カプセルⅡ,메밀꽃 치유 캡슐(중),Capsule Revigor [B],Buchweizen-Pille [B],Capsula di arcofiore (B),Cápsulas de floracina [B],Cápsula de Cervina [B],Гречекапсула [B],แคปซูล​บัค​ [B],Thuốc Kiều Mạch [B],Kapsul Buck [B]
荞愈胶囊,蕎癒膠囊,Buck Capsule [C],蕎花カプセルⅠ,메밀꽃 치유 캡슐,Capsule Revigor [C],Buchweizen-Pille [C],Capsula di arcofiore (C),Cápsulas de floracina [C],Cápsula de Cervina [C],Гречекапсула [C],แคปซูล​บัค​ [C],Thuốc Kiều Mạch [C],Kapsul Buck [C]
荞花,蕎花,Buckflower,蕎花,메밀꽃,Cabranthe,Buchweizenblume,Arcofiore,Floracina,Flor de Cervina,Гречецвет,ดอก​บัค​วีท,Hoa Kiều Mạch,Buckflower
荞花田块,蕎花田塊,Buckflower Plot,蕎花畑,메밀꽃 논배미,Parcelle de cabranthe,Buchweizenblumen-Beet,Terreno per arcofiore,Terreno de floracina,Lote de Flor de Cervina,Участок гречецвета,แปลง​ดอก​บัค​วีท,Ô Đất Hoa Kiều Mạch,Petak Buckflower
荞花粉末,蕎花粉末,Buckflower Powder,蕎花粉末,메밀꽃 가루,Poudre de cabranthe,Buchweizenblumen-Pulver,Polvere di arcofiore,Polvo de floracina,Pó de Flor de Cervina,Молотый гречецвет,ผง​ดอก​บัค​วีท,Bột Hoa Kiều Mạch,Bubuk Buckflower
荞花种子,蕎花種子,Buckflower Seed,蕎花の種,메밀꽃 씨앗,Graine de cabranthe,Buchweizenblumen-Saat,Seme di arcofiore,Semilla de floracina,Semente de Flor de Cervina,Семя гречецвета,เมล็ด​ดอก​บัค​วีท,Hạt Hoa Kiều Mạch,Benih Buckflower
大瓶荞复锭剂,大瓶蕎復錠劑,Buckpill [L],火映蕎花錠剤Ⅱ,메밀꽃 회복제(대),Revigorite [G],Buchweizen-Pille [L],Pillola di arcofiore (L),Píldorafloracina [G],Pílula de Cervina [G],Гречепилюля [бол.],บัค​พิล​ล์​ [L],Thuốc Kiều Mạch [Lớn],Buckpill [L]
精选荞复锭剂,精選蕎復錠劑,Buckpill [Rf.],火映蕎花錠剤Ⅲ,메밀꽃 회복제(특),Revigorite [Rf.],Buchweizen-Pille [Rf.],Pillola di arcofiore (raf.),Píldorafloracina [Rf.],Pílula de Cervina [Rf.],Гречепилюля [очищ.],บัค​พิล​ล์​ [Rf.],Thuốc Kiều Mạch [Rf.],Buckpill [Rf.]
小瓶荞复锭剂,小瓶蕎復錠劑,Buckpill [S],火映蕎花錠剤Ⅰ,메밀꽃 회복제(소),Revigorite [P],Buchweizen-Pille [S],Pillola di arcofiore (S),Píldorafloracina [P],Pílula de Cervina [P],Гречепилюля [мал.],บัค​พิล​ล์​ [S],Thuốc Kiều Mạch [Nhỏ],Buckpill [S]
虫粉饼干·升级,蟲粉餅乾·升級,Bugtack Upgrade,プロテインパン（強化）,단백질 과자 · 업그레이드,Amélioration de biscuit d'insectes,Verbesserung: Käfer-Keks,Potenziamento: galletta di insetti,Mejora de galleta de bicho,Upgrade de Cracker de Insetos,Улучшение жучьей галеты,อัป​เกรด​บั๊​ก​แทค,Nâng Cấp Bánh Quy Bọ,Upgrade untuk Bugtack
不归林,不歸林,Bugui Grove,不帰林,불귀림,Bois de Bugui,Bugui-Hain,Boschetto Bugui,Arboleda Bugui,Bosque de Bugui,Роща Бугуй,ป่า​ปู้​กุ้​ย,Rừng Bất Quy,Belukar Bugui
援建材料厂,援建材料廠,Building Supplies Factory,建設支援工場,건설 지원 자재 공장,Usine de matériaux de construction,Baumaterialfabrik,Fabbrica di risorse da costruzione,Fábrica de materiales,Fábrica de Materiais,Завод стройматериалов,โรงงาน​วัสดุก่อสร้าง,Xưởng Vật Liệu Xây Dựng,Pabrik Persediaan Bangunan
膨地啪,膨地啪,Bumper-Rich,ポンポン肥料,팽지박,Super engrais,Erntesegen,Fertil-Boom,Fertisiembra,Lama Enriquecida,Урожайный бум,บัม​เปอร์​-​ริช,Giàu Dinh Dưỡng,Bumper-Rich
一捆竹子,一捆竹子,Bundle of Bamboo,竹の束,대나무 묶음,Paquet de bambou,Bambusbündel,Fascio di bambù,Manojo de bambú,Feixe de Bambu,Связка бамбука,มัด​ไม้​ไผ่,Bó Tre,Seikat Bambu
驮兽粪便,馱獸糞便,Burdo-Muck,駄獣のフン,버든비스트의 배설물,Fumier de bête de somme,Burdo-Mist,Letame di bestia da soma,Lodo Burdo,Lama de Besta de Carga,Навоз вьючника,มูล​เบอร์​โด,Phân Đà Thú,Burdomuck
驮鼻山,馱鼻山,Burdosnout Hill,駄鼻山,태비산,Colline de Burdogroin,Bestienschnauz-Hügel,Colle del corno,Colina de Burdosnout,Colina Foscínia,Холм Звериного Носа,เนินเขา​เบอร์​โดส​เนา​ท์,Đồi Burdosnout,Bukit Moncong Burdo
选剑局器物库,選劍局器物庫,Bureau Arsenal,選剣局器具庫,선검국 설비 창고,Arsenal du Bureau,Behördenarsenal,Arsenale del Dipartimento,Arsenal de la Agencia,Arsenal do Bureau,Арсенал бюро,คลังแสง​ของ​สำนัก,Cục Kho Vũ Khí,Gudang Senjata Biro
技术开发局,技術開發局,Bureau of Applied Technologies,技術開発局,기술 개발국,Bureau de technologie appliquée,Büro für Angewandte Technologien,Dipartimento di tecnologia applicata,Oficina de Tecnologías aplicadas,Bureau de Tecnologias Aplicadas,Бюро прикладных технологий,สำนักงาน​เทคโนโลยี​ประยุกต์,Cục Phát Triển Công Nghệ,Biro Teknologi Terapan
选剑局,選劍局,Bureau of Swordmancers,選剣局,선검국,Bureau des spadamanciens,Schwertkämpfer-Behörde,Dipartimento degli Spadamanti,Agencia de Espadachines,Bureau dos Espadeiros,Бюро мастеров меча,สำนัก​นัก​ดาบ​เวท,Cục Kiếm Sĩ Hongshan,Biro Swordmancer
堡堡之旅,堡堡之旅,Burger Journey,バーガーの旅,보보의 여정,Périple du burger,Burgerreise,Viaggio nei burger,Viaje de hamburguesas,Jornada de Burger,Путешествие бургера,การ​เดินทาง​ของ​เบอร์เกอร์,Hành Trình Burger,Wisata Burger
菜谱征集单,食譜徵集單,Call for Recipes,レシピ募集のチラシ,레시피 공모지,Demande de recettes,Rezepte gesucht,Richiesta di ricette,Convocatoria de recetas,Pedido de Receitas,Сбор рецептов,เชิญ​ส่ง​สูตร​อาหาร,Kêu gọi công thức,Permintaan Resep
滤镜,濾鏡,Camera: Filters,フィルター,필터,Appareil photo : filtres,Kamera: Filter,Fotocamera: filtri,Cámara: Filtros,Câmera: Filtros,Камера: фильтры,กล้อง​: ฟิลเตอร์,Camera: Bộ Lọc,Kamera: Filter
贴纸,貼紙,Camera: Stickers,ステッカー,스티커,Appareil photo : autocollants,Kamera: Sticker,Fotocamera: adesivi,Cámara: Calcomanías,Câmera: Adesivos,Камера: стикеры,กล้อง​: สติกเกอร์,Camera: Nhãn Dán,Kamera: Stiker
卡缪,卡繆,Camille,カミーユ,카뮤,Camille,Camille,Camille,Camille,Camille,Камиль,คา​มิลล์,Camille,Camille
卡缪的信物,卡繆的信物,Camille's Token,カミーユの印,카뮤의 증표,Jeton de Camille,Camilles Token,Gettone di Camille,Ficha de Camille,Símbolo de Camille,Жетон Камиля,โท​เคน​ของ​คา​มิลล์,Tín Vật Của Camille,Token Camille
依依难舍奖章,依依不捨獎章,Can't Do Without It,かけがえのない存在勲章,헤어지기 아쉬운 마음 훈장,Impossible sans ça,Zwingend notwendig,Indispensabile,No se puede lograr sin ella,Não Posso Viver Sem Ela,Без этого никак,ขาดไม่ได้,Không Thể Thiếu Nó,Harus Ada
水渠机关,水渠機關,Canal Mechanism,水路調整装置,수로 장치,Mécanisme de canal,Kanal-Mechanismus,Meccanismo del canale,Mecanismo del canal,Mecanismo do Canal,Вращательный механизм канала,กลไก​คลอง,Cơ Chế Kênh Đào,Mekanisme Kanal
沧贼,滄賊,Cangzei Pirates,滄賊,창적,Pirates cangzei,Cangzei-Piraten,Pirati di Cangzei,Piratas Cangzei,Piratas Cangzei,Разбойники-цанцзэй,โจรสลัด​คัง​เซย,Hải Tặc Cangzei,Perompak Cangzei
精选柑实罐头,精選柑實罐頭,Canned Citrome [A],シトロームの缶詰Ⅲ,시트론 통조림(대),Citromes en conserve [A],Dosen-Zitromen [A],Citromi in scatola (A),Citroma enlatado [A],Citroma Enlatada [A],Консерв. цитром [A],ส้ม​ซิ​โตร​มก​ระ​ป๋อง​ [A],Cam Đóng Hộp [A],Citrome Kalengan [A]
优质柑实罐头,優質柑實罐頭,Canned Citrome [B],シトロームの缶詰Ⅱ,시트론 통조림(중),Citromes en conserve [B],Dosen-Zitromen [B],Citromi in scatola (B),Citroma enlatado [B],Citroma Enlatada [B],Консерв. цитром [B],ส้ม​ซิ​โตร​มก​ระ​ป๋อง​ [B],Cam Đóng Hộp [B],Citrome Kalengan [B]
柑实罐头,柑實罐頭,Canned Citrome [C],シトロームの缶詰Ⅰ,시트론 통조림,Citromes en conserve [C],Dosen-Zitromen [C],Citromi in scatola (C),Citroma enlatado [C],Citroma Enlatada [C],Консерв. цитром [C],ส้ม​ซิ​โตร​มก​ระ​ป๋อง​ [C],Cam Đóng Hộp [C],Citrome Kalengan [C]
碳块,碳塊,Carbon,炭塊,카본 조각,Carbone,Carbon,Carbonio,Carbono,Carbono,Углерод,คาร์บอน,Carbon,Karbon
碳粉末,碳粉末,Carbon Powder,炭塊粉末,카본 가루,Poudre de carbone,Carbon-Pulver,Polvere di carbonio,Polvo de carbono,Pó de Carbono,Молотый углерод,ผง​คาร์บอน,Bột Carbon,Bubuk Karbon
心枢,心樞,Cardiac Nexus,心枢,마음의 중추,Nœud cardiaque,Herz-Nexus,Nexus cardiaco,Nexus cardíaco,Nexus Cardíaco,Нексус сердца,ศูนย์กลาง​ดวงใจ,Trái Tim Trung Tâm,Nexus Jantung
卡莉的童话集,卡莉的童話集,Carly's Fairytale,カーリーの童話集,칼리의 동화집,Les contes de fées de Carly,Carlys Märchen,La fiaba di Carly,Cuento de hadas de Carly,Conto de Fadas de Carly,Сказка Карли,นิทาน​ของ​คาร์​ลี,Câu Chuyện Cổ Tích về Carly,Dongeng Carly
卡莉的墨绘集,卡莉的墨繪集,Carly's Ink Painting Book,カーリーの水墨画集,칼리의 수묵화집,Carnet de peinture à l'encre de Carly,Carlys Tuschemalerei-Buch,Libro dei disegni di Carly,Libro de pintura con tinta de Carly,Livro de Pinturas de Carly,Альбом Карли с рисунками тушью,สมุดภาพ​วาด​หมึก​ของ​คาร์​ลี,Sách Tô Mực Của Carly,Buku Lukisan Tinta Carly
软骨碎屑,軟骨碎屑,Cartilage Bit,軟骨の粉屑,연골 분말,Morceau de cartilage,Knorpelkonserve,Pezzo di cartilagine,Fragmento de cartílago,Pedaço de Cartilagem,Кусочки хряща,เศษ​กระดูกอ่อน,Mảnh Sụn,Serpihan Tulang Rawan
软骨饼干,軟骨餅乾,Cartilage Tack,軟骨入りサブレ,연골 과자,Biscuit au cartilage,Knorpel-Keks,Galletta di cartilagine,Galleta cartilaginosa,Cracker de Cartilagem,Хрящевая галета,คุกกี้​กระดูกอ่อน,Bánh Quy Sụn,Kraker Tulang Rawan
软骨饼干·升级,軟骨餅乾·升級,Cartilage Tack Upgrade,軟骨入りサブレ（強化）,연골 과자 · 업그레이드,Amélioration de biscuit au cartilage,Verbesserung: Knorpel-Keks,Potenziamento: galletta di cartilagine,Mejora de galleta cartilaginosa,Upgrade de Cracker de Cartilagem,Улучшение хрящевой галеты,อัป​เกรด​คุกกี้​กระดูกอ่อน,Nâng Cấp Bánh Quy Sụn,Upgrade untuk Kraker Tulang Rawan
雪中滑翔,雪中滑翔,Carving Through the Snow,白銀を舞う,눈 위를 가르는 비행,Chemin dans la neige,Den Schnee durchpflügen,Scie nella neve,Tallando a través de la nieve,Esculpindo a Neve,Трудный путь сквозь снег,ฝ่า​หิมะ​ขาว,Xẻ Dọc Trời Tuyết,Membelah Salju
强固模具,強固模具,Cast Die,硬質金型,모형 틀,Matrice de fonderie,Gussform,Matrice per pressofusione,Molde de fundición,Molde de Fundição,Литейная форма,แม่พิมพ์​หล่อ,Khuôn Đúc,Cetakan Cor
伊冯的随手笔记,伊馮的隨手筆記,Casual Notes from Yvonne,イヴォンヌが適当に書いたメモ,이본의 임시 노트,Notes informelles d'Yvonne,Kurze Notizen von Yvonne,Appunti informali di Yvonne,Notas casuales de Yvonne,Notas Casuais de Yvonne,Повседневные записки Ивонны,บันทึก​ส​บา​ยๆ​ ที่​จัดทำ​โดย​ อี​วอน,Ghi Chú Thông Thường từ Yvonne,Catatan Santai dari Yvonne
天灾防护滤芯,天災防護濾心,Catastrophe Filter,天災防護フィルター,재앙 방호 필터,Filtre de catastrophe,Katastrophenfilter,Filtro catastrofe,Filtro de la catástrofe,Filtro para Catástrofes,Фильтр «Катастрофа»,เครื่องกรอง​สำหรับ​ภัยพิบัติ,Bộ Lọc Thảm Họa,Filter Catastrophe
天灾防护净芯,天災防護淨芯,Catastrophe Gauze Cartridge,天災防護カートリッジ,재앙 방호 정화 코어,Cartouche de gaze de catastrophe,Katastrophen-Verbandkassette,Cartuccia di garze catastrofe,Cartucho de gasas para Catástrofes,Cartucho de Gaze para Catástrofes,Марлевый картридж «Катастрофа»,ตลับ​ผ้าก๊อซ​ภัยพิบัติ,Hộp Băng Y Tế Thảm Họa,Wadah Perban Catastrophe
天灾防护净芯·壹型,天災防護淨芯·I,Catastrophe Gauze Cartridge T1,天災防護カートリッジⅠ,재앙 방호 정화 코어 · I,Cartouche de gaze de catastrophe G1,Katastrophen-Verbandkassette S1,Cartuccia di garze catastrofe O1,Cartucho de gasas para Catástrofes T1,Cartucho de Gaze para Catástrofes T1,Марлевый картридж «Катастрофа» К1,ตลับ​ผ้าก๊อซ​ภัยพิบัติ​ T1,Hộp Băng Y Tế Thảm Họa T1,Wadah Perban Catastrophe T1
天灾防护手套,天災防護手套,Catastrophe Gloves,天災防護グローブ,재앙 방호 장갑,Gants de catastrophe,Katastrophenhandschuhe,Guanti catastrofe,Guantes de la catástrofe,Luvas para Catástrofes,Перчатки «Катастрофа»,ถุงมือ​สำหรับ​ภัยพิบัติ,Găng Tay Thảm Họa,Sarung Tangan Catastrophe
天灾防护重甲,天災防護重甲,Catastrophe Heavy Armor,天災防護重防具,재앙 방호 중갑,Armure lourde de catastrophe,Schwere Katastrophenrüstung,Armatura pesante catastrofe,Armadura pesada de la catástrofe,Armadura Pesada para Catástrofes,Тяжелая броня «Катастрофа»,เกราะ​หนัก​สำหรับ​ภัยพิบัติ,Giáp Hạng Nặng Thảm Họa,Armor Berat Catastrophe
天灾防护重甲·壹型,天災防護重甲·I,Catastrophe Heavy Armor T1,天災防護重防具Ⅰ,재앙 방호 중갑 · I,Armure lourde de catastrophe G1,Schwere Katastrophenrüstung S1,Armatura pesante catastrofe O1,Armadura pesada de la catástrofe T1,Armadura Pesada para Catástrofes T1,Тяжелая броня «Катастрофа» К1,เกราะ​หนัก​สำหรับ​ภัยพิบัติ​ T1,Giáp Hạng Nặng Thảm Họa T1,Armor Berat Catastrophe T1
卡契尔,卡契爾,Catcher,キャッチャー,카치르,Catcher,Catcher,Catcher,Catcher,Catcher,Кэтчер,แคท​เชอร์,Catcher,Catcher
卡契尔的信物,卡契爾的信物,Catcher's Token,キャッチャーの印,카치르의 증표,Jeton de Catcher,Catchers Token,Gettone di Catcher,Ficha de Catcher,Símbolo de Catcher,Жетон Кэтчера,โท​เคน​ของ​แคท​เชอร์,Tín Vật Của Catcher,Token Catcher
尾尖金甲,尾尖金甲,Caudal Goldscale,尾先の金鱗,꼬리 금갑,Écaille d'or caudale,Goldene Schwanzschuppe,Scaglia caudale dorata,Escama dorada caudal,Escama Dourada Caudal,Золотая хвостовая чешуя,เกล็ด​ทอง​ส่วน​หาง,Vảy Đuôi Hoàng Kim,Sisik Emas Kaudal
栈桥道,棧橋道,Causeway Trail,陸橋道,잔교길,Chemin surélevé,Dammpfad,Sentiero rialzato,Sendero de la Calzada,Trilha do Passeio,Мощеная тропа,เส้นทาง​ยกระดับ,Lối Mòn Đê Đá,Jalur Jalan Landasan
庆祝宴会的通知,慶祝宴會的通知,Celebration Notice,お祝い会のお知らせ,축하 파티 공지,Avis de fête,Partyhinweis,Avviso di festeggiamenti,Aviso de celebración,Aviso de Celebração,Уведомление о праздновании,ประกาศ​งานเฉลิมฉลอง,Thông Báo Ăn Mừng,Pemberitahuan Perayaan
天柱,天柱,Celestial Column,天柱,천주,Colonne céleste,Himmelssäule,Colonna celestiale,Columna celestial,Coluna Celestial,Небесная колонна,เสา​ค้ำฟ้า,Thiên Trụ,Tonggak Langit
天空观测记录（四号谷地）,天空觀測紀錄（四號谷地）,Celestial Observation Log (Valley IV),天空の観察記録（四号谷地）,천문 관측 기록(4번 협곡),Journal d'observation céleste (Vallée-IV),Himmelsbeobachtungslogbuch (Tal IV),Registro di osservazione della volta celeste (Valle IV),Registro de observación celeste (Valle IV),Log de Observação Celestial (Vale IV),Журнал астрономических наблюдений (Долина IV),บันทึก​การ​สังเกต​ฟากฟ้า​ (หุบเขา​ IV),Nhật Ký Quan Sát Thiên Văn (Thung Lũng IV),Log Pengamatan Langit (Lembah IV)
中央环厅,中央環廳,Central Ring,中央ホール,중앙 홀,Espace central,Zentralring,Anello centrale,Anillo Central,Anel Central,Центральное кольцо,วงแหวน​ส่วนกลาง,Khoang Trung Tâm,Ring Pusat
百年陈皮,百年陳皮,Century Rind,百年陳皮,백년 숙성 진피,Écorce centenaire,Jahrhundertschale,Scorza secolare,Corteza centenaria,Casca Secular,Вековая кожура,เปลือก​ร้อย​ปี,Trần Bì Trăm Năm,Kulit Buah Seabad
冠军钻探器,冠軍鑽探器,Champion Drill Crawler,最強ドリルマシンの模型,우승자 드릴,Foreuse sur chenilles inégalée,Champion-Bohrwagen,Trivella campione,Taladro perforador Campeón,Escavadeira Multiuso Champion,Гусеничный бур-защитник,รถขุด​เจาะ​ตีนตะขาบ​แชมป์เปี้ยน,Máy Khoan Bánh Xích Vô Địch,Traktor Bor Juara
液面升降,液面升降,Changing Fluid Levels,水位の調整,수면의 높이를 조절하기,Niveaux de fluide changeants,Flüssigkeitsstand ändern,Cambiare i livelli dei liquidi,Cambio de niveles de fluido,Alteração nos Níveis de Fluido,Изменение уровня жидкости,การ​เปลี่ยน​ระดับ​ของเหลว,Thay Đổi Mức Chất Lỏng,Mengubah Ketinggian Cairan
蓄能爆发芯片,蓄能爆發晶片,Charge Burst Chip,エネルギー爆発チップ,에너지 충전 폭발 칩,Puce d'assaut explosif,Aufgeladene Explosion – Chip,Chip della carica esplosiva,Chip de ráfaga de carga,Chip de Explosão de Carga,Чип взрыва заряда,ชิป​การ​ชาร์จ​ระเบิด​พลัง,Chip Năng Lượng Bùng Nổ,Chip Semburan Kekuatan
充能轨道,蓄能軌道,Charging Track,チャージレール,에너지 충전 궤도,Voie de chargement,Ladespur,Binario di alimentazione,Riel de carga,Trilha de Carregamento,Зарядная линия,ราง​ชาร์จ​พลังงาน,Đường Dẫn Tụ Lực,Jalur Pengisian
特许寻访凭证,特許尋訪憑證,Chartered HH Permit,特別スカウト券,특별 허가 헤드헌팅 허가증,Permis REC certifié,RK-Genehmigung: Priorisiert,Permesso CT certificata,Permiso de C.R. certificada,Permissão para CT Privilegiada,Разрешение на специальный наем,ใบอนุญาต​ HH รับรอง,Vé Chiêu Mộ Đặc Quyền,Surat Izin HH Khusus
十连特许寻访凭证,十連特許尋訪憑證,Chartered HH-10×Permit,特別10回スカウト券,특별 허가 헤드헌팅 10회 허가증,Permis REC ×10 certifié,10er-RK-Genehmigung: Priorisiert,Permesso CT-10 certificata,Permiso de C.R. certificada ×10,Permissão para CT-10× Privilegiada,Разрешение на специальный наем х10,ใบอนุญาต​ HH รับรอง​×10,Vé Chiêu Mộ Đặc Quyền ×10,Surat Izin HH-10× Khusus
工作之余的闲谈,工作之餘的閒談,Chat Log: Idle Recess Chatter,仕事の合間の雑談,근무 시간 외 잡담,Journal de discussion : conversation oisive en pause,Chat-Log: Pausengeschwätz,Registro chat: Chiacchiere durante la ricreazione,Registro de chat: Charla ociosa durante el receso,Logs de Chat: Conversa Fiada no Intervalo,Журнал чата: болтовня на перерыве,บันทึก​การ​สนทนา​: การ​สนทนา​เรื่อยเปื่อย​ใน​ช่วง​พัก,Nhật Ký Trò Chuyện: Chuyện Phiếm Lúc Nghỉ,Log Obrolan: Obrolan Santai saat Istirahat
攀山者的聊天记录,登山者的聊天紀錄,Chat Records: Hikers,登山者のチャット履歴,등산객 간의 채팅 기록,Messages archivés : randonneurs,Chat-Aufzeichnungen: Wanderer,Registri della chat: Escursionisti,Registros de chat: Excursionistas,Logs de Chat: Caminhantes,Записи из чата: туристы,บันทึก​การ​สนทนา​: นัก​เดินป่า,Nhật Ký Trò Chuyện: Người Leo Núi,Rekaman Obrolan: Pendaki
历史爱好者的聊天记录,歷史愛好者的聊天紀錄,Chat Records: History Enthusiast,歴史愛好家のチャット履歴,역사 마니아의 채팅 기록,Messages archivés : féru d'histoire,Chat-Aufzeichnungen: Geschichtsbegeisterter,Registri della chat: Amante della storia,Registros de chat: Entusiasta de la historia,Logs de Chat: Entusiasta de História,Записи из чата: историк-любитель,บันทึก​การ​สนทนา​: ผู้​หลงใหล​วิชาประวัติศาสตร์,Nhật Ký Trò Chuyện: Người Đam Mê Lịch Sử,Rekaman Obrolan: Penggemar Sejarah
炫耀者的聊天记录,炫耀者的聊天紀錄,Chat Records: Showing Off,自慢する者のチャット履歴,자랑꾼의 채팅 기록,Messages archivés : mise en valeur,Chat-Aufzeichnungen: Angeber,Registri della chat: Mettersi in mostra,Registros de chat: Presumiendo,Logs de Chat: Se Mostrando,Записи из чата: хвастовство,บันทึก​การ​สนทนา​: อวด​หน่อย,Nhật Ký Trò Chuyện: Khoe Khoang,Rekaman Obrolan: Pamer
将军,將軍,Checkmate,チェックメイト,체크메이트,Échec et mat,Schachmatt,Scacco matto,Jaque mate,Xeque-Mate,Шах и мат,รุกฆาต,Chiếu Tướng,Sekakmat
干杯！,乾杯！,Cheers ( ゜- ゜)つロ,乾杯！,건배! ( ゜- ゜)つロ,Santé ( ゜- ゜)つロ,Cheers ( ゜- ゜)つロ,Salute! ( ゜- ゜)つロ,Bravo ( ゜- ゜)つロ,Saúde ( ゜- ゜)つロ,До дна! ( ゜- ゜)つロ,ชนแก้ว​ ( ゜- ゜)つロ,Cụng ly ( ゜- ゜)つロ,Bersulang ( ゜- ゜)つロ
陈千语,陳千語,Chen Qianyu,チェン・センユー,진천우,Chen Qianyu,Chen Qianyu,Chen Qianyu,Chen Qianyu,Chen Qianyu,Чэнь Цяньюй,เฉิน​ เชียน​ยู,Chen Qianyu,Chen Qianyu
陈千语的信物,陳千語的信物,Chen Qianyu's Token,チェン・センユーの印,진천우의 증표,Jeton de Chen Qianyu,Chen Qianyus Token,Gettone di Chen Qianyu,Ficha de Chen Qianyu,Símbolo de Chen Qianyu,Жетон Чэнь Цяньюй,โท​เคน​ของ​เฉิน​ เชียน​ยู,Tín Vật của Chen Qianyu,Token Chen Qianyu
沉山道,沉山道,Chenshan Way,沈山道,침산길,Allée Chenshan,Chenshan-Weg,Via Chenshan,Camino Chenshan,Caminho de Chenshan,Дорога Чэньшань,เส้นทาง​เฉิน​ชาน,Trầm Sơn Đạo,Jalan Chenshan
掌心的宝物,掌心的寶物,Cherished Little Perl,手のひらの宝物,소중한 진주,Petite Perl chérie,Liebling Perly,Piccola perla preziosa,Querida Pequeña Perl,Perolazinha Estimada,Драгоценная жемчужинка,เ​พิ​ร์​ล​น้อย​ผู้​เป็น​ที่รัก,Bảo Vật Trong Tay,Mutiara Kecil Kesayangan
栗花蜜,栗花蜜,Chestnut Honey,栗はちみつ,밤꽃꿀,Miel de châtaignier,Kastanienhonig,Miele di castagno,Miel de Castaña,Mel de Castanheiro,Каштановый мед,น้ำผึ้ง​เกาลัด,Mật Dẻ Gai,Madu Kastanya
嵌合正义,嵌合正義,Chimeric Justice,正義嵌合,키메라의 정의,Justice chimérique,Chimärische Gerechtigkeit,Giustizia chimerica,Justicia quimérica,Justiça Quimérica,Химера правосудия,อาญา​วิปลาส,Công Lý Dị Hình,Chimeric Justice
骑士精神,騎士精神,Chivalric Virtues,騎士精神,기사도 정신,Vertus chevaleresques,Ritterliche Tugenden,Virtù cavalleresche,Virtudes caballerescas,Virtudes Cavalheirescas,Рыцарская добродетель,คุณธรรม​อัศวิน,Hào Hiệp,Chivalric Virtues
异色油脂,異色油脂,Chromatic Lipids,変わった色の油,특수 기름,Lipides chromatiques,Chromatische Lipide,Lipidi cromatici,Lípidos cromáticos,Lipídios Cromáticos,Цветные липиды,ลิ​พิด​สีฉูดฉาด,Lipid Sắc Tố,Lipid Kromatik
纯晶多齿叶,純晶多齒葉,Chrysodendra,純晶鋭葉,크리소덴드라,Chrysodendron,Chrysodendra,Crisodendri,Crisodendro,Crisodendra,Хризодендра,คริส​โซ​เดน​ดรา,Kim Cốt,Chrysodendra
纯晶多齿叶,純晶多齒葉,Chrysodendra Spot,純晶鋭葉,크리소덴드라,Chrysodendron,Chrysodendra,Crisodendro,Crisodendro,Crisodendra,Хризодендра,คริส​โซ​เดน​ดรา,Kim Cốt,Chrysodendra
纯晶多齿叶根茎,純晶多齒葉根莖,Chrysodendra Tuber,純晶鋭葉の茎,크리소덴드라 줄기,Tubercule de chrysodendron,Chrysodendra-Knolle,Tubero di crisodendro,Tubérculo de crisodendro,Tubérculo de Crisodendra,Клубень хризодендры,หัว​คริส​โซ​เดน​ดรา,Củ Kim Cốt,Umbi Chrysodendra
龙泡泡气球,龍泡泡氣球,Chubby Lung Balloon,龍泡泡の風船,드래곤 버블 풍선,Ballon Choupi Lung,Chubby-Lung-Ballon,Palloncino a forma di cicciodrago,Globo de Lung regordete,Balão de Chubby Lung,Надувной пухлик-лун,ลูกโป่ง​หลง​จ้ำม่ำ,Bóng Khí Chubby Lung,Balon Lung Gembul
龙泡泡浮空艇货组,龍泡泡浮空艇貨組,Chubby Lung Blimp [pkg],龍泡泡気球セット,드래곤 버블 비공정 상품군,Choupi Lung dirigeable [colis],Chubby-Lung-Wetterballon [Paket],Mongolfiera del cicciodrago (pacco),Dirigible de Lung regordete [paq.],Dirigível Chubby Lung [pct],Дирижабль «Пухлик-лун» [упак.],เรือ​เหาะ​หลง​จ้ำม่ำ​ [แพ็กเกจ​],Khí Cầu Chubby Lung [bộ],Balon Udara Lung Gembul [pkt]
龙泡泡石墩,龍泡泡石墩,Chubby Lung Bollard,龍泡泡の石像,드래곤 버블 돌기둥,Borne Choupi Lung,Chubby-Lung-Poller,Paletto a forma di cicciodrago,Bolardo de Lung regordete,Cabeço de Chubby Lung,Столбик с пухликом-луном,เสา​ไฟ​หลง​จ้ำม่ำ,Trụ Chắn Chubby Lung,Bolar Lung Gembul
龙泡泡蔬菜冻,龍泡泡蔬菜凍,Chubby Lung Jellied Greens,龍泡泡の野菜羊羹,드래곤 버블 채소 젤리,Verdure gélifiée de Choupi Lung,Geliertes Gemüse in Chubby-Lung-Form,Verdure cicciodrago in gelatina,Gelatina verde de Lung regordete,Gelatinas Verdes de Chubby Lung,Овощное желе «Пухлик-лун»,ผัก​เยลลี่​หลง​จ้ำม่ำ,Thạch Rau Xanh Chubby Lung,Jeli Sayur Lung Gembul
龙泡泡蔬菜冻·升级,龍泡泡蔬菜凍·升級,Chubby Lung Jellied Greens Upgrade,龍泡泡の野菜羊羹（強化）,드래곤 버블 채소 젤리 · 업그레이드,Amélioration de la verdure gélifiée de Choupi Lung,Verbesserung: Geliertes Gemüse in Chubby-Lung-Form,Potenziamento: verdure cicciodrago in gelatina,Mejora de Gelatina Verde de Lung regordete,Upgrade de Gelatinas Verdes de Chubby Lung,Улучшение овощного желе «Пухлик-лун»,อัป​เกรด​ผัก​เยลลี่​หลง​จ้ำม่ำ,Nâng Cấp Thạch Rau Xanh Chubby Lung,Upgrade untuk Jeli Sayur Lung Gembul
天师龙泡泡货组,天師龍泡泡貨組,Chubby Lung Tianshi [pkg],天師龍泡泡セット,천사 드래곤 버블 상품군,Tianshi Choupi Lung [colis],Chubby-Lung-Tianshi [Paket],Cicciodraghi Tianshi (pacco),Lung regordete de Tianshi [paq.],Tianshi Chubby Lung [pct],Пухлик-лун Тяньши [упак.],เทียน​ซือ​หลง​จ้ำม่ำ​ [แพ็ก​],Lô Thiên Sư Chubby Lung [bộ],Tianshi Lung Gembul [pkt]
龙泡泡·方兴纪念,龍泡泡·方興紀念,Chubby Lung: Fangxing Memorabilia,龍泡泡・方興記念,드래곤 버블 · 방흥 에디션,Choupi Lung : souvenir de Fangxing,Chubby Lung: Fangxing-Modell,Cicciodrago: cimelio di Fangxing,Lung regordete: Recuerdos de Fangxing,Chubby Lung: Colecionável de Fangxing,Пухлик-лун: дизайн с улицы Фансин,หลง​จ้ำม่ำ​: ของที่ระลึก​จาก​ฟาง​ซิง,Chubby Lung: Kỷ Niệm Phương Hưng,Lung Gembul: Kenang-Kenangan Fangxing
市民广场,市民廣場,Citizen Square,市民広場,시민 광장,Place citoyenne,Stadtplatz,Piazza cittadina,Plaza Ciudadana,Praça Cívica,Площадь Граждан,จัตุรัส​พลเมือง,Quảng Trường Công Dân,Alun-alun Warga
柑实,柑實,Citrome,シトローム,시트론,Citrome,Zitrome,Citrome,Citroma,Citroma,Цитром,ส้ม​ซิ​โตร​ม,Cam,Citrome
柑橘风味果酱·升级,柑橘風味果醬·升級,Citrome Jam Upgrade,柑橘ジャム（強化）,감귤 향 잼 · 업그레이드,Amélioration de confiture de citromes,Verbesserung: Zitromen-Marmelade,Potenziamento: marmellata di citromi,Mejora de mermelada de citroma,Upgrade de Geleia de Citroma,Улучшение цитромового джема,อัป​เกรด​แยม​ซิ​โตร​ม,Nâng Cấp Mứt Cam,Upgrade untuk Selai Citrome
柑橘风味果冻·升级,柑橘風味果凍·升級,Citrome Jelly Upgrade,柑橘ゼリー（強化）,감귤 향 젤리 · 업그레이드,Amélioration de gelée de citromes,Verbesserung: Zitromen-Wackelpudding,Potenziamento: gelatina di citromi,Mejora de jalea de citroma,Upgrade de Gelatina de Citroma,Улучшение цитромового желе,อัป​เกรด​เยลลี่​ซิ​โตร​ม,Nâng Cấp Thạch Cam,Upgrade untuk Jeli Citrome
柑实田块,柑實田塊,Citrome Plot,シトローム畑,시트론 논배미,Parcelle de citrome,Zitromen-Beet,Terreno per citromi,Terreno de citroma,Lote de Citroma,Участок цитрома,แปลง​ส้ม​ซิ​โตร​ม,Ô Đất Cam,Petak Citrome
柑实粉末,柑實粉末,Citrome Powder,シトローム粉末,시트론 가루,Poudre de citrome,Zitromen-Pulver,Polvere di citromi,Polvo de citroma,Pó de Citroma,Молотый цитром,ผง​ส้ม​ซิ​โตร​ม,Bột Cam,Bubuk Citrome
瓶装柑橘布丁·升级,瓶裝柑橘布丁·升級,Citrome Pudding Upgrade,瓶入り柑橘プリン（強化）,감귤 푸딩 · 업그레이드,Amélioration de pudding au citrome,Verbesserung: Zitromen-Pudding,Potenziamento: budino di citromi,Mejora de pudín de citroma,Upgrade de Pudim de Citroma,Улучшение цитромового пудинга,อัป​เกรด​พุด​ดิ้ง​ซิ​โตร​ม,Nâng Cấp Bánh Pudding Cam,Upgrade untuk Puding Citrome
柑实种子,柑實種子,Citrome Seed,シトロームの種,시트론 씨앗,Graine de citrome,Zitromen-Saat,Seme di citrome,Semilla de citroma,Semente de Citroma,Семя цитрома,เมล็ด​ส้ม​ซิ​โตร​ม,Hạt Cam,Benih Citrome
柑实冲剂,柑實沖泡劑,Citromix,黒銀シトローム粉薬,다크 시트론 가루,Citromix,Zitromen-Mix,Miscela di citromi,Citromix,Citromix,Цитромикс,ซิ​โตร​มิกซ์,Nước Ép Cam,Citromix
大瓶柑实冲剂,大瓶柑實沖泡劑,Citromix [L],黒銀シトローム粉剤Ⅱ,시트론 혼합제(대),Citromix [G],Zitromen-Mix [L],Miscela di citromi (L),Citromix [G],Citromix [G],Цитромикс [бол.],ซิ​โตร​มิกซ์​ [L],Nước Ép Cam [Lớn],Citromix [L]
精选柑实冲剂,精選柑實沖泡劑,Citromix [Rf.],黒銀シトローム粉剤Ⅲ,시트론 혼합제(특),Citromix [Rf.],Zitromen-Mix [Rf.],Miscela di citromi (raf.),Citromix [Rf.],Citromix [Rf.],Цитромикс [очищ.],ซิ​โตร​มิกซ์​ [Rf.],Nước Ép Cam [Rf.],Citromix [Rf.]
小瓶柑实冲剂,小瓶柑實沖泡劑,Citromix [S],黒銀シトローム粉剤Ⅰ,시트론 혼합제(소),Citromix [P],Zitromen-Mix [S],Miscela di citromi (S),Citromix [P],Citromix [P],Цитромикс [мал.],ซิ​โตร​มิกซ์​ [S],Nước Ép Cam [Nhỏ],Citromix [S]
同类相食,同類相食,Clannibal,同類共食,클래니벌,Clannibale,Klannibale,Clannibal,Clannibal,Clanibal,Кланнибал,แคล​นิ​บอล,Clannibal,Clannibal
阿伯莉的密档,阿伯莉的密檔,Classified: Aburrey,アブリーの機密資料,기밀 파일: 아부레이,Document classé : Aburrey,Vertraulich: Aburrey,Riservato: Aburrey,Clasificado: Aburrey,Confidencial: Aburrey,Засекречено: Эберрей,เอกสารลับ​: อ​เบอร์​เรย์,Phân Loại: Aburrey,Rahasia: Aburrey
天使铸炉的密档,天使鑄爐的密檔,Classified: Aggelos Forge,アンゲロス鋳造炉の機密資料,기밀 파일: 아겔로스 용광로,Document classé : la forge aggeloïde,Vertraulich: Aggelos-Schmiede,Riservato: Fucina degli Aggeloi,Clasificado: forja de Aggelos,Confidencial: Forja de Aggelos,Засекречено: кузница аггелов,เอกสารลับ​: แอง​เกลอ​ย​ ฟอร์​จ,Phân Loại: Lò Rèn Aggeloi,Rahasia: Tempaan Aggelos
天使腐草的密档,天使腐草的密檔,Classified: Aggelos Rotreed,アンゲロス腐草の機密資料,기밀 파일: 아겔로스 썩은 풀,Document classé : Aggelos putroseau,Vertraulich: Aggelos-Fäulniswurzel,Riservato: Putrifoglia aggeloide,Clasificado: hierba corrompida de Aggelos,Confidencial: Musgo de Aggelos,Засекречено: аггельский гнилоцвет,เอกสารลับ​: แอง​เกลอ​ย​ รอต​รีด,Phân Loại: Aggeloi Rotreed,Rahasia: Ilalang Busuk Aggelos
碾骨内乱的密档,碾骨內亂的密檔,Classified: Bonekrusher Civil War,ボーンクラッシャー内乱の機密資料,기밀 파일: 본 크러셔 내란,Document classé : guerre civile des Broyeurs d'os,Vertraulich: Bürgerkrieg der Knochenbrecher,Riservato: Guerra civile degli Spacca-Ossa,Clasificado: Guerra Civil Rompehuesos,Confidencial: Guerra Civil dos Quebra-Ossos,Засекречено: гражданская война Костоломов,เอกสารลับ​: สงครามกลางเมือง​โบน​ค​รัช​เชอร์,Phân Loại: Nội Chiến Bonekrusher,Rahasia: Perang Saudara Bonekrusher
四号教堂的密档,四號教堂的密檔,Classified: Cathedral IV,四号聖堂の機密資料,기밀 파일: 4번 성당,Document classé : Cathédrale IV,Vertraulich: Kathedrale IV,Riservato: Cattedrale IV,Clasificado: Catedral IV,Confidencial: Catedral IV,Засекречено: Церковь IV,เอกสารลับ​: มหา​วิหาร​ IV,Phân Loại: Thánh Đường IV,Rahasia: Katedral IV
遗言信件的密档,遺言信件的密檔,Classified: Final Will,遺書の機密資料,기밀 파일: 유언 편지,Document classé : dernières volontés,Vertraulich: Letzter Wille,Riservato: Ultime volontà,Clasificado: Testamento Final,Confidencial: Testamento Final,Засекречено: последняя воля,เอกสารลับ​: พินัยกรรม​สุดท้าย,Phân Loại: Ý Chí Cuối Cùng,Rahasia: Wasiat Terakhir
巨型武器的密档,巨型武器的密檔,Classified: Giant Weaponry,巨大兵器の機密資料,기밀 파일: 거대 무기,Document classé : armes géantes,Vertraulich: Gigantische Waffen,Riservato: Armamenti giganti,Clasificado: armamento gigante,Confidencial: Armamento Gigante,Засекречено: огромный арсенал,เอกสารลับ​: อาวุธ​ยักษ์,Phân Loại: Vũ Khí Khổng Lồ,Rahasia: Senjata Raksasa
肉联厂的密档,肉品工廠的密檔,Classified: Meat-Packing Plant,精肉工場の機密資料,기밀 파일: 육류 가공 공장,Document classé : usine de conditionnement de viande,Vertraulich: Fleischverarbeitungsanlage,Riservato: Impianto di confezionamento delle carni,Clasificado: planta empacadora de carne,Confidencial: Frigorífico,Засекречено: мясокомбинат,เอกสารลับ​: โรงงาน​แปรรูป​เนื้อสัตว์,Phân Loại: Nhà Máy Chế Biến Thịt,Rahasia: Pabrik Pengemasan Daging
谷地规划的密档,谷地規劃的密檔,Classified: Plan for Developing the Valleys,谷地計画の機密資料,기밀 파일: 협곡 계획,Document classé : plan de développement des vallées,Vertraulich: Plan für die Entwicklung der Täler,Riservato: Piano di sviluppo delle Valli,Clasificado: Plan de desarrollo de los valles,Confidencial: Plano de Desenvolvimento dos Vales,Засекречено: план развития Долин,เอกสารลับ​: แผน​พัฒนา​หุบเขา,Phân Loại: Kế Hoạch Phát Triển Các Thung Lũng,Rahasia: Rencana Pengembangan Lembah
罗丹的密档,羅丹的密檔,Classified: Rhodagn,ロダンの機密資料,기밀 파일: 로댄,Document classé : Rhodagn,Vertraulich: Rhodagn,Riservato: Rhodagn,Clasificado: Rhodagn,Confidencial: Rhodagn,Засекречено: Родан,เอกสารลับ​: โรด​อ​น,Phân Loại: Rhodagn,Rahasia: Rhodagn
安全局成员的密档,安全局成員的密檔,Classified: Security Bureau Staff,保安局員の機密資料,기밀 파일: 안전국 직원,Document classé : personnel de l'agence de sécurité,Vertraulich: Mitarbeiter des Sicherheitsbüros,Riservato: Personale del Dipartimento di sicurezza,Clasificado: Personal de la agencia de seguridad,Confidencial: Equipe do Departamento de Segurança,Засекречено: сотрудник бюро безопасности,เอกสารลับ​: เจ้าหน้าที่​สำนักงาน​รักษา​ความปลอดภัย,Phân Loại: Nhân Viên Cục An Ninh,Rahasia: Staf Biro Sekuriti
狼群的密档,狼群的密檔,Classified: The Pack,狼群の機密資料,기밀 파일: 울프팀,Document classé : la Meute,Vertraulich: Das Rudel,Riservato: Il Branco,Clasificado: La Manada,Confidencial: A Matilha,Засекречено: Стая,เอกสารลับ​: เดอะ​แพ็ค,Phân Hệ: Tộc Sói,Rahasia: Kawanan
地下拳手的密档,地下拳手的密檔,Classified: Underground Boxer,地下ボクサーの機密資料,기밀 파일: 지하 격투가,Document classé : boxeur clandestin,Vertraulich: Unterirdischer Boxer,Riservato: Lottatrice clandestina,Clasificado: Boxeador clandestino,Confidencial: Boxeador Clandestino,Засекречено: подпольный боксер,เอกสารลับ​: นัก​ชก​ใต้ดิน,Phân Loại: Võ Sĩ Ngầm,Rahasia: Petinju Bawah Tanah
工人之家的密档,工人之家的密檔,Classified: Worker Dorms,従業員寮の機密資料,기밀 파일: 직원 숙소 구역,Document classé : dortoirs des ouvriers,Vertraulich: Arbeiter-Schlafsäle,Riservato: Dormitori degli operai,Clasificado: Dormitorios de Trabajadores,Confidencial: Alojamento,Засекречено: общежитие рабочих,เอกสารลับ​: หอพัก​คนงาน,Phân Loại: KTX Công Nhân,Rahasia: Asrama Pekerja
净态基质,淨態基質,Clean Essence,透明基質,세련 기질,Essence propre,Klare Essenz,Essenza nitida,Esencia limpia,Essência Limpa,Чистая эссенция,แก่นแท้​สะอาด,Tinh Chất Sạch,Esensi Bersih
清水,清水,Clean Water,水,청정수,Eau salubre,Sauberes Wasser,Acqua pulita,Agua pura,Água Limpa,Чистая вода,น้ำสะอาด,Nước Sạch,Air Bersih
清水存放点,清水存放點,Clean Water Storage,水貯蔵スポット,청정수 보관 지점,Réserve d'eau salubre,Sauberes-Wasser-Lager,Stoccaggio di acqua pulita,Almacenamiento de Agua pura,Armazenamento de Água Limpa,Хранилище чистой воды,ที่เก็บ​น้ำสะอาด,Lưu Trữ Nước Sạch,Penyimpanan Air Bersih
近崖草庭,近崖草庭,Cliffside Courtyard,断崖野草園,절벽 근처 정원,Cour de la falaise,Klippenhof,Cortile del dirupo,Patio del acantilado,Pátio do Penhasco,Двор на краю утеса,ลาน​ริม​ผา,Sân Trong Bên Vách Núi,Halaman Tepi Tebing
崖边开采区,崖邊開採區,Cliffside Mining Area,崖の採掘区,절벽 채굴 구역,Zone d'extraction de la falaise,Klippen-Abbaugebiet,Area mineraria del dirupo,Área minera del acantilado,Área de Mineração do Penhasco,Горное место разработки,พื้นที่​ขุด​เหมือง​ริม​ผา,Khu Khai Thác Vách Đá,Area Tambang Tebing
崖边山道,崖邊山道,Cliffside Trail,崖の山道,절벽 산길,Sentier de la falaise,Klippenpfad,Sentiero del dirupo,Sendero del acantilado,Trilha do Penhasco,Тропа на краю утеса,เส้นทาง​ริม​ผา,Đường Mòn Vách Đá,Jalur Tepi Tebing
矿区诊所商人,礦區診所商人,clinic_trade,鉱区診療所商人,광구 진료소 상인,Marchand de la clinique,Klinik-Händler,Mercante della clinica,comerciante de clínica minera,Comerciante da Clínica,торговец клиники,พ่อค้าคลินิก,Thương Nhân Phòng Y Tế,Pedagang Klinik
开天将,開天將,Cloud Obliterator,開天将,개천장,Brise-nuées,Wolkenvernichter,Oblitera-nubi,Destructor de nubes,Obliterador de Nuvens,Облачный истребитель,เครื่อง​ทำลาย​เมฆ,Khai Thiên Tướng,Cloud Obliterator
截云客,截雲客,Cloud Stalker,盗雲客,겁운객,Traque-nuées,Wolkenstelzer,Fendi-nubi,Acechador de nubes,Perseguidor de Nuvens,Буревестник,คลา​ว​ด์​สตอ​ล์​ก​เกอร์,Thợ Săn Mây,Cloud Stalker
栖云林地,棲雲林地,Cloudrest Woods,栖雲林,서운 숲지대,Bois de Sommenuées,Wolkenruhforst,Foresta del riposo celeste,Bosque de Reposo Nuboso,Bosque do Descanso,Лес Облачного покоя,ป่า​เทียมเมฆ,Rừng Cloudrest,Hutan Bentang Awan
探云坪,探雲坪,Cloudscraper Flats,探雲台,탐운 평야,Gratte-nuages,Wolkenkratzer-Ebenen,Pianure altenubi,Llanuras rascacielos,Planícies das Nuvens,Облачная равнина,ที่ราบสูง​เสียดฟ้า,Bãi Đất Cạo Mây,Dataran Pencakar Awan
情报档案,情報檔案,Clue Dossier,情報資料,정보 파일,Dossier d'indices,Hinweisakte,Dossier degli indizi,Expediente de pistas,Dossiê de Pistas,Папка с зацепкой,แฟ้ม​รวบรวม​เบาะแส,Hồ Sơ Manh Mối,Dokumen Petunjuk
情报交流奖章,情報交流獎章,Clue Exchanger,情報共有勲章,정보 교류 훈장,Échangeur d'indices,Hinweisaustauscher,Fonte di indizi,Unidad de intercambio de pistas,Trocador de Pistas,Обмен зацепками,ผู้​แลกเปลี่ยน​เบาะแส,Cao Thủ Tình Báo,Penukar Petunjuk
粗制麦饼·升级,粗製麥餅·升級,Coarse Flatbread Upgrade,素朴な麦パン（強化）,거친 밀빵 · 업그레이드,Amélioration de pain plat grossier,Verbesserung: Grobschrötiges Fladenbrot,Potenziamento: focaccia sottile,Mejora de Pan plano rústico,Upgrade de Pão Chato Rústico,Улучшение грубых лепешек,อัป​เกรด​ขนมปังแผ่น​หยาบ,Nâng Cấp Bánh Mì Dẹt Thô,Upgrade untuk Roti Pipih Kasar
向心之引,向心之引,Cohesive Traction,求心の槍,중심력,Traction cohésive,Einheitliche Haftung,Trazione compatta,Tracción cohesiva,Tração Coesiva,Прочное притяжение,แรงดึงดูด​เหนียวแน่น,Lực Kéo Kết Dính,Cohesive Traction
可收集拼块Map1L2,可收集拼塊Map1L2,Collectible Puzzle Piece Map1L2,回収可能なパズルMap1L2,수집할 수 있는 퍼즐 조각 Map1L2,Pièce de puzzle à collectionner Carte1L2,Collectible Puzzle Piece Map1L2,Collectible Puzzle Piece Map1L2,Pieza de rompecabezas coleccionable Mapa1L2,Peça de Quebra-Cabeça Colecionável Map1L2,Коллекционная часть головоломки Map1L2,ชิ้นส่วน​แผนที่​ปริศนา​สำหรับ​สะสม​ 1L2,Mảnh Ghép Sưu Tầm Map1L2,Potongan Puzzle Koleksi Map1L2
可收集拼块Map1L3,可收集拼塊Map1L3,Collectible Puzzle Piece Map1L3,回収可能なパズルMap1L3,수집할 수 있는 퍼즐 조각 Map1L3,Pièce de puzzle à collectionner Carte1L3,Collectible Puzzle Piece Map1L3,Collectible Puzzle Piece Map1L3,Pieza de rompecabezas coleccionable Mapa1L3,Peça de Quebra-Cabeça Colecionável Map1L3,Коллекционная часть головоломки Map1L3,ชิ้นส่วน​แผนที่​ปริศนา​สำหรับ​สะสม​ 1L3,Mảnh Ghép Sưu Tầm Map1L3,Potongan Puzzle Koleksi Map1L3
可收集拼块Map1L4,可收集拼塊Map1L4,Collectible Puzzle Piece Map1L4,回収可能なパズルMap1L4,수집할 수 있는 퍼즐 조각 Map1L4,Pièce de puzzle à collectionner Carte1L4,Collectible Puzzle Piece Map1L4,Collectible Puzzle Piece Map1L4,Pieza de rompecabezas coleccionable Mapa1L4,Peça de Quebra-Cabeça Colecionável Map1L4,Коллекционная часть головоломки Map1L4,ชิ้นส่วน​แผนที่​ปริศนา​สำหรับ​สะสม​ 1L4,Mảnh Ghép Sưu Tầm Map1L4,Potongan Puzzle Koleksi Map1L4
可收集拼块Map1L5,可收集拼塊Map1L5,Collectible Puzzle Piece Map1L5,回収可能なパズルMap1L5,수집할 수 있는 퍼즐 조각 Map1L5,Pièce de puzzle à collectionner Carte1L5,Collectible Puzzle Piece Map1L5,Collectible Puzzle Piece Map1L5,Pieza de rompecabezas coleccionable Mapa1L5,Peça de Quebra-Cabeça Colecionável Map1L5,Коллекционная часть головоломки Map1L5,ชิ้นส่วน​แผนที่​ปริศนา​สำหรับ​สะสม​ 1L5,Mảnh Ghép Sưu Tầm Map1L5,Potongan Puzzle Koleksi Map1L5
可收集拼块Map1L6,可收集拼塊Map1L6,Collectible Puzzle Piece Map1L6,回収可能なパズルMap1L6,수집할 수 있는 퍼즐 조각 Map1L6,Pièce de puzzle à collectionner Carte1L6,Collectible Puzzle Piece Map1L6,Collectible Puzzle Piece Map1L6,Pieza de rompecabezas coleccionable Mapa1L6,Peça de Quebra-Cabeça Colecionável Map1L6,Коллекционная часть головоломки Map1L6,ชิ้นส่วน​แผนที่​ปริศนา​สำหรับ​สะสม​ 1L6,Mảnh Ghép Sưu Tầm Map1L6,Potongan Puzzle Koleksi Map1L6
"可收集拼块Map1L6,任务用",可收集拼塊Map1L6，任務用,Collectible Puzzle Piece Map1L6 (Mission),回収可能なパズルMap1L6、任務用,"수집할 수 있는 퍼즐 조각 Map1L6, 임무용",Pièce de puzzle à collectionner Carte1L6 (mission),Collectible Puzzle Piece Map1L6 (Mission),Collectible Puzzle Piece Map1L6 (Mission),Pieza de rompecabezas coleccionable Mapa1L6 (Misión),Peça de Quebra-Cabeça Colecionável Map1L6 (Missão),Коллекционная часть головоломки Map1L6 (миссия),ชิ้นส่วน​แผนที่​ปริศนา​สำหรับ​สะสม​ 1L6 (ภารกิจ​),Mảnh ghép sưu tầm Map1L6 (Nhiệm Vụ),Potongan Puzzle Koleksi Map1L6 (Misi)
可收集拼块Map2L1,可收集拼塊Map2L1,Collectible Puzzle Piece Map2L1,回収可能なパズルMap2L1,수집할 수 있는 퍼즐 조각 Map2L1,Pièce de puzzle à collectionner Carte2L1,Collectible Puzzle Piece Map2L1,Collectible Puzzle Piece Map2L1,Pieza de rompecabezas coleccionable Mapa2L1,Peça de Quebra-Cabeça Colecionável Map2L1,Коллекционная часть головоломки Map2L1,ชิ้นส่วน​แผนที่​ปริศนา​สำหรับ​สะสม​ 2L1,Mảnh Ghép Sưu Tầm Map2L1,Potongan Puzzle Koleksi Map2L1
可收集拼块Map2L2,可收集拼塊Map2L2,Collectible Puzzle Piece Map2L2,回収可能なパズルMap2L2,수집할 수 있는 퍼즐 조각 Map2L2,Pièce de puzzle à collectionner Carte2L2,Collectible Puzzle Piece Map2L2,Collectible Puzzle Piece Map2L2,Pieza de rompecabezas coleccionable Mapa2L2,Peça de Quebra-Cabeça Colecionável Map2L2,Коллекционная часть головоломки Map2L2,ชิ้นส่วน​แผนที่​ปริศนา​สำหรับ​สะสม​ 2L2,Mảnh Ghép Sưu Tầm Map2L2,Potongan Puzzle Koleksi Map2L2
可收集拼块Map2L5,可收集拼塊Map2L5,Collectible Puzzle Piece Map2L5,回収可能なパズルMap2L5,수집할 수 있는 퍼즐 조각 Map2L5,Pièce de puzzle à collectionner Carte2L5,Collectible Puzzle Piece Map2L5,Collectible Puzzle Piece Map2L5,Pieza de rompecabezas coleccionable Mapa2L5,Peça de Quebra-Cabeça Colecionável Map2L5,Коллекционная часть головоломки Map2L5,ชิ้นส่วน​แผนที่​ปริศนา​สำหรับ​สะสม​ 2L5,Mảnh Ghép Sưu Tầm Map2L5,Potongan Puzzle Koleksi Map2L5
收集物,收集物,Collection,収集物,수집물,Collection,Sammlung,Collezione,colección,Coleção,коллекция,ของสะสม,Bộ Sưu Tập,Koleksi
战斗,戰鬥,Combat,戦闘,전투,Combat,Kampf,Combattim.,combate,Combate,бой,ต่อสู้,Chiến Đấu,Pertarungan
据点作战设备容量,據點作戰設備容量,Combat Facilities Capacity,戦闘設備容量,거점 작전 설비 용량,Capacité des installations de combat,Kampfanlagen-Kapazität,Capacità strutture da combattimento,Capacidad de las instalaciones de combate,Capacidade de Instalações de Combate,Лимит боевых сооружений,ขีดจำกัด​สิ่งปลูกสร้าง​ด้าน​การต่อสู้,Sức Chứa Công Trình Chiến Đấu,Kapasitas Fasilitas Tempur
作战设备 - 攻击范围,作戰設備 - 攻擊範圍,Combat Facilities: Attack Range,戦闘設備 - 攻撃範囲,작전 설비 - 공격 범위,Installations de combat : portée d'attaque,Kampfanlagen: Angriffsreichweite,Strutture da combattimento: raggio d'azione,Instalaciones de combate: Rango de ataque,Instalações de Combate: Alcance de Ataque,Боевые сооружения: радиус атаки,สิ่งปลูกสร้าง​ด้าน​การต่อสู้​: ระยะ​โจมตี,Công Trình Chiến Đấu: Phạm Vi Tấn Công,Fasilitas Tempur: Jangkauan Serangan
作战设备充能 - 一,作戰設備蓄能 - 一,Combat Facilities: Charging (1),戦闘設備のチャージ - 1,작전 설비 에너지 충전 - 1,Installations de combat : chargement (1),Kampfanlagen: Aufladen (1),Strutture da combattimento: carica (1),Instalaciones de combate: Carga (1),Instalações de Combate: Carregamento (1),Боевые сооружения: зарядка (1),สิ่งปลูกสร้าง​ด้าน​การต่อสู้​: การ​ชาร์จ​ (1),Công Trình Chiến Đấu: Nạp Điện (1),Fasilitas Tempur: Pengisian Daya (1)
作战设备充能 - 二,作戰設備蓄能 - 二,Combat Facilities: Charging (2),戦闘設備のチャージ - 2,작전 설비 에너지 충전 - 2,Installations de combat : chargement (2),Kampfanlagen: Aufladen (2),Strutture da combattimento: carica (2),Instalaciones de combate: Carga (2),Instalações de Combate: Carregamento (2),Боевые сооружения: зарядка (2),สิ่งปลูกสร้าง​ด้าน​การต่อสู้​: การ​ชาร์จ​ (2),Công Trình Chiến Đấu: Nạp Điện (2),Fasilitas Tempur: Pengisian Daya (2)
作战设备 - 数量限制,作戰設備 - 數量限制,Combat Facilities: Placement Limit,戦闘設備 - 設置数の制限,작전 설비 - 수량 제한,Installations de combat : limite de placement,Kampfanlagen: Platzierungslimit,Strutture da combattimento: limite di posizionamento,Instalaciones de combate: Límite de colocación,Instalações de Combate: Limite de Colocação,Боевые сооружения: лимит сооружений,สิ่งปลูกสร้าง​ด้าน​การต่อสู้​: ขีดจำกัด​การ​วาง,Công Trình Chiến Đấu: Giới Hạn Lắp Đặt,Fasilitas Tempur: Batas Penempatan
作战设备,作戰設備,Combat Facility,戦闘設備,작전 설비,Installation de combat,Kampfanlage,Struttura da combattimento,Instalación de combate,Instalação de Combate,Боевое сооружение,สิ่งปลูกสร้าง​ด้าน​การต่อสู้,Công Trình Chiến Đấu,Fasilitas Tempur
携手对敌奖章,攜手對敵獎章,Combined Arms,連携出撃勲章,협력 공격 훈장,Armes combinées,Vereinte Waffen,Armi combinate,Armas combinadas,Armas Combinadas,Сплоченная работа,การ​ผสมผสาน​อาวุธ,Chiến Thuật Kết Hợp,Aksi Kombo
舒适生活,舒適生活,Comfy Lifestyle,快適生活,안락한 생활,Mode de vie confortable,Bequemer Lifestyle,Vivere nel comfort,Estilo de vida cómodo,Estilo de Vida Confortável,Жизнь с комфортом,วิถีชีวิต​แสน​สบาย,Phong Cách Sống Thoải Mái,Gaya Hidup Nyaman
感慨者的通信,感慨者的通訊,Comm Log: A Sentimental One,感慨に浸る者の通信,감회에 젖은 이의 통신,Journal de communication émotionnel,Kommunikationslog: Sentimentalität,Registro comunicazioni: Sentimentalismo,Registro de comunicaciones: Mensaje sentimental,Log de Comunicação: Um Sentimental,Сентиментальный журнал связи,บันทึก​การสื่อสาร​: ฉบับ​ชวน​ซึ้ง,Nhật Ký Liên Lạc: Người Đa Cảm,Log Komunikasi: Orang yang Sentimental
接取他人委托,接取他人委託,Commissions: Getting Them,依頼を受ける,다른 사람의 의뢰 수령,Commission : obtention,Beauftragungen erhalten,Come ricevere richieste,Comisiones: Cómo obtenerlos,Comissões: Como Obter,Заказы: получение,งาน​มอบหมาย​: การ​ได้รับ​งาน​มอบหมาย,Ủy Thác: Cách Nhận,Komisi: Mendapatkan Komisi
普通敌人,普通敵人,Common,通常の敵,일반,Ordinaire,Gewöhnlich,Comune,Común,Comum,Обычн.,ทั่วไป,Thường,Biasa
普通的大结核,普通的大結核,Common Nodule [L],普通の大晶核,일반 대결핵,Nodule ordinaire [G],Gewöhnlicher Nodulus [L],Nodulo comune (L),Nódulo común [G],Nódulo Comum [G],Обычное отложение [бол.],ก้อน​ผลึก​ธรรมดา​ [L],Hạch Thông Thường [Lớn],Nodul Biasa [L]
普通的中结核,普通的中結核,Common Nodule [M],普通の中晶核,일반 중결핵,Nodule ordinaire [M],Gewöhnlicher Nodulus [M],Nodulo comune (M),Nódulo común [M],Nódulo Comum [M],Обычное отложение [ср.],ก้อน​ผลึก​ธรรมดา​ [M],Hạch Thông Thường [Trung],Nodul Biasa [M]
普通的小结核,普通的小結核,Common Nodule [S],普通の小晶核,일반 소결핵,Nodule ordinaire [P],Gewöhnlicher Nodulus [S],Nodulo comune (S),Nódulo común [P],Nódulo Comum [P],Обычное отложение [мал.],ก้อน​ผลึก​ธรรมดา​ [S],Hạch Thông Thường [Nhỏ],Nodul Biasa [S]
普通的大结核,普通的大結核,Common Nodule L,普通の大晶核,일반 대결핵,Nodule ordinaire G,Gewöhnlicher Nodulus L,Nodulo comune L,Nódulo común G,Nódulo Comum G,Обычное отложение бол.,ก้อน​ผลึก​ธรรมดา​ L,Hạch Thông Thường Lớn,Nodul Biasa L
普通的中结核,普通的中結核,Common Nodule M,普通の中晶核,일반 중결핵,Nodule ordinaire M,Gewöhnlicher Nodulus M,Nodulo comune M,Nódulo común M,Nódulo Comum M,Обычное отложение ср.,ก้อน​ผลึก​ธรรมดา​ M,Hạch Thông Thường Trung,Nodul Biasa M
普通的小结核,普通的小結核,Common Nodule S,普通の小晶核,일반 소결핵,Nodule ordinaire P,Gewöhnlicher Nodulus S,Nodulo comune S,Nódulo común P,Nódulo Comum P,Обычное отложение мал.,ก้อน​ผลึก​ธรรมดา​ S,Hạch Thông Thường Nhỏ,Nodul Biasa S
同行者的小雕像,同行者的小雕像,Companions Figurine,同行者の小像,동행자 조각상,Figurine de Compagnons,Begleiter-Figur,Effige della buona compagnia,Figurilla de Compañeros,Miniaturas de Companheiros,Фигурка товарищей,ฟิก​เกอร์​ของ​ผู้​ร่วมทาง,Tượng Hộ Đồng Hành,Figurin Rekan
compat,compat,compat,compat,compat,compat,compat,compat,compat,compat,compat,compat,compat,compat
总相宜,總相宜,Complete Sync,相宜し,모든 것이 어울린 순간,Synchronisation parfaite,Ganz gesyncht,Sincronizzazione completa,Sincronización total,Sincronização Completa,Полная синхронизация,ซิงค์​โดย​สมบูรณ์,Đồng Bộ Tuyệt Đối,Sinkronisasi Lengkap
游乐团团,遊樂團團,ConcertPom,バブルショータイム,버블 팬덤!,PomConcert,KonzertPom,ConcertPom,Pom de concierto,ShowPom,Pom-концерт,คอนเสิร์ต​ปอม,ConcertPom,ConcertPom
导能肖像石,導能肖像石,Conductive Effigy Stone,熱伝導擬態石,전도 초상석,Pierre d'effigie conductrice,Leitfähiger Golemstein,Pietra effigie conduttiva,Piedra efigie conductora,Pedra Efígie Condutora,Проводящий камень пугала,ศิลา​เอฟ​ฟิ​จี​สื่อ​นำ,Đá Điêu Khắc Quái Tượng,Batu Effigy Konduktans
暗管,暗管,Conduit,地下配管,암관,Conduite,Leitung,Condotto,Conducto,Conduíte,Трубопровод,ท่อ​ส่ง,Ống Dẫn,Konduit
暗管入口,暗管入口,Conduit Inlet,地下配管（入）,암관 입구,Entrée de conduite,Leitungseinlass,Ingresso del condotto,Entrada de conducto,Entrada do Conduíte,Подвод трубопровода,ช่องทาง​ท่อ​ร้อย​สาย​ขาเข้า,Cửa Nạp Ống Dẫn,Inlet Konduit
多口暗管入口,多口暗管入口,Conduit Inlet Manifold,多口地下配管（入）,다중 암관 입구,Collecteur d'entrées de conduite,Leitungseinlass (mehrfach),Collettore di ingresso del condotto,Colector de entrada de conducto,Coletor de Entrada do Conduíte,Распределяющий подвод трубопровода,ท่อ​ร้อย​สาย​ขาเข้า,Ống Dẫn Dòng Vào,Manifol Inlet Konduit
多口暗管入口模板,多口暗管入口模板,Conduit Inlet Manifold Template,多口地下配管（入）の設計図,다중 암관 입구 템플릿,Modèle de collecteur d'entrées de conduite,Vorlage: Leitungseinlass (mehrfach),Schema: collettore di ingresso del condotto,Molde de Colector de entrada de conducto,Gabarito do Coletor de Entrada do Conduíte,Шаблон распределяющего подвода трубопровода,เทม​เพล​ต​ท่อ​ร้อย​สาย​ขาเข้า,Mẫu Ống Dẫn Dòng Vào,Templat Manifol Inlet Konduit
暗管入口模板,暗管入口模板,Conduit Inlet Template,地下配管（入）の設計図,암관 입구 템플릿,Modèle d'entrée de conduite,Vorlage: Leitungseinlass,Schema: ingresso del condotto,Molde de Entrada de conducto,Gabarito de Entrada do Conduíte,Шаблон подвода трубопровода,เทม​เพล​ต​ช่องทาง​ท่อ​ร้อย​สาย​ขาเข้า,Mẫu Cửa Nạp Ống Dẫn,Templat Inlet Konduit
多口暗管,多口暗管,Conduit Manifold,多口地下配管,다중 암관,Collecteur de conduites,Leitung (mehrfach),Collettore dei condotti,Colector de conducto,Coletor de Conduíte,Распределяющий трубопровод,ท่อ​ร่วม​ร้อย​สาย,Bộ Phân Phối Ống Dẫn,Manifol Konduit
暗管出口,暗管出口,Conduit Outlet,地下配管（出）,암관 출구,Sortie de conduite,Leitungsauslass,Uscita del condotto,Salida de conducto,Saída do Conduíte,Отвод трубопровода,ช่องทาง​ท่อ​ร้อย​สาย​ขาออก,Cửa Xả Ống Dẫn,Outlet Konduit
多口暗管出口,多口暗管出口,Conduit Outlet Manifold,多口地下配管（出）,다중 암관 출구,Collecteur de sorties de conduite,Leitungsauslass (mehrfach),Collettore di uscita del condotto,Colector de salida de conducto,Coletor de Saída do Conduíte,Распределяющий отвод трубопровода,ท่อ​ร้อย​สาย​ขาออก,Ống Dẫn Dòng Ra,Manifol Outlet Konduit
多口暗管出口模板,多口暗管出口模板,Conduit Outlet Manifold Template,多口地下配管（出）の設計図,다중 암관 출구 템플릿,Modèle de collecteur de sorties de conduite,Vorlage: Leitungsauslass (mehrfach),Schema: collettore di uscita del condotto,Molde de Colector de salida de conducto,Gabarito do Coletor de Saída do Conduíte,Шаблон распределяющего отвода трубопровода,เทม​เพล​ต​ท่อ​ร้อย​สาย​ขาออก,Mẫu Ống Dẫn Dòng Ra,Templat Manifol Outlet Konduit
暗管出口模板,暗管出口模板,Conduit Outlet Template,地下配管（出）の設計図,암관 출구 템플릿,Modèle de sortie de conduite,Vorlage: Leitungsauslass,Schema: uscita del condotto,Molde de Salida de conducto,Gabarito de Saída do Conduíte,Шаблон отвода трубопровода,เทม​เพล​ต​ช่องทาง​ท่อ​ร้อย​สาย​ขาออก,Mẫu Cửa Xả Ống Dẫn,Templat Outlet Konduit
连连乐·福气款,連連樂·福氣款,Connect-and-Win: Auspice,スクラッチ・幸福,행운권 · 행복,Connexion gagnante : présage,Verbinden-und-gewinnen: Weissagung,"Connetti e tenta la sorte ""Auspicio""",Conecta y gana: Auspicio,Conecte e Vença: Auspício,Лотерея: предсказание,เชื่อมต่อ​รอ​ลุ้น​: มงคล,Kết Nối Và Chiến Thắng: Bảo Trợ,Sambung & Menang: Pertanda Baik
连连乐·好运款,連連樂·好運款,Connect-and-Win: Luck,スクラッチ・強運,행운권 · 행운,Connexion gagnante : bonheur,Verbinden-und-gewinnen: Glück,"Connetti e tenta la sorte ""Prosperità""",Conecta y gana: Suerte,Conecte e Vença: Sorte,Лотерея: удача,เชื่อมต่อ​แล้ว​รอ​ลุ้น​: โชค,Kết Nối Và Chiến Thắng: May Mắn,Sambung & Menang: Hoki
待建设区,待建設區,Construction Site,建設予定地,건설대기 구역,Chantier,Baustelle,Cantiere,Zona de construcción,Local de Construção,Строительная площадка,พื้นที่​ก่อสร้าง,Công Trường Xây Dựng,Lokasi Konstruksi
封装扩容芯片1,封裝擴容晶片1,Container Expansion Chip 1,容量拡大チップ1,포장 확장 칩 1,Puce d'extension de contenant 1,Behälter-Erweiterungs-Chip 1,Chip dell'espansione contenitore 1,Chip de expansión de contenedor 1,Chip de Expansão do Recipiente 1,Чип для расширения контейнера 1,ชิป​ขยาย​ที่เก็บ​ 1,Chip Mở Rộng Thùng Chứa 1,Chip Perluasan Kontainer 1
封装扩容芯片2,封裝擴容晶片2,Container Expansion Chip 2,容量拡大チップ2,포장 확장 칩 2,Puce d'extension de contenant 2,Behälter-Erweiterungs-Chip 2,Chip dell'espansione contenitore 2,Chip de expansión de contenedor 2,Chip de Expansão do Recipiente 2,Чип для расширения контейнера 2,ชิป​ขยาย​ที่เก็บ​ 2,Chip Mở Rộng Thùng Chứa 2,Chip Perluasan Kontainer 2
封装扩容芯片3,封裝擴容晶片3,Container Expansion Chip 3,容量拡大チップ3,포장 확장 칩 3,Puce d'extension de contenant 3,Behälter-Erweiterungs-Chip 3,Chip dell'espansione contenitore 3,Chip de expansión de contenedor 3,Chip de Expansão do Recipiente 3,Чип для расширения контейнера 3,ชิป​ขยาย​ที่เก็บ​ 3,Chip Mở Rộng Thùng Chứa 3,Chip Perluasan Kontainer 3
封装扩容芯片4,封裝擴容晶片4,Container Expansion Chip 4,容量拡大チップ4,포장 확장 칩 4,Puce d'extension de contenant 4,Behälter-Erweiterungs-Chip 4,Chip dell'espansione contenitore 4,Chip de expansión de contenedor 4,Chip de Expansão do Recipiente 4,Чип для расширения контейнера 4,ชิป​ขยาย​ที่เก็บ​ 4,Chip Mở Rộng Thùng Chứa 4,Chip Perluasan Kontainer 4
封装扩容芯片5,封裝擴容晶片5,Container Expansion Chip 5,容量拡大チップ5,포장 확장 칩 5,Puce d'extension de contenant 5,Behälter-Erweiterungs-Chip 5,Chip dell'espansione contenitore 5,Chip de expansión de contenedor 5,Chip de Expansão do Recipiente 5,Чип для расширения контейнера 5,ชิป​ขยาย​ที่เก็บ​ 5,Chip Mở Rộng Thùng Chứa 5,Chip Perluasan Kontainer 5
封装扩容芯片6,封裝擴容晶片6,Container Expansion Chip 6,容量拡大チップ6,포장 확장 칩 6,Puce d'extension de contenant 6,Behälter-Erweiterungs-Chip 6,Chip dell'espansione contenitore 6,Chip de expansión de contenedor 6,Chip de Expansão do Recipiente 6,Чип для расширения контейнера 6,ชิป​ขยาย​ที่เก็บ​ 6,Chip Mở Rộng Thùng Chứa 6,Chip Perluasan Kontainer 6
封装扩容芯片7,封裝擴容晶片7,Container Expansion Chip 7,容量拡大チップ7,포장 확장 칩 7,Puce d'extension de contenant 7,Behälter-Erweiterungs-Chip 7,Chip dell'espansione contenitore 7,Chip de expansión de contenedor 7,Chip de Expansão do Recipiente 7,Чип для расширения контейнера 7,ชิป​ขยาย​ที่เก็บ​ 7,Chip Mở Rộng Thùng Chứa 7,Chip Perluasan Kontainer 7
封装扩容芯片8,封裝擴容晶片8,Container Expansion Chip 8,容量拡大チップ8,포장 확장 칩 8,Puce d'extension de contenant 8,Behälter-Erweiterungs-Chip 8,Chip dell'espansione contenitore 8,Chip de expansión de contenedor 8,Chip de Expansão do Recipiente 8,Чип для расширения контейнера 8,ชิป​ขยาย​ที่เก็บ​ 8,Chip Mở Rộng Thùng Chứa 8,Chip Perluasan Kontainer 8
隔离区岔路,隔離區岔路,Containment Zone Intersection,分かれ道,격리 구역 갈림길,Intersection de la zone de confinement,Quarantänezone – Kreuzung,Intersezione della zona di contenimento,Cruce de la zona de contención,Interseção da Zona de Contenção,Развилка зоны изоляции,ทางแยก​โซน​กักกัน,Giao Lộ Khu Cách Ly,Persimpangan Zona Penahanan
危机刻录,危機刻錄,Contingent Inscription,危機記録,위기 각인,Inscription fortuite,Bedingte Inschrift,Iscrizione fortuita,Inscripción contingente,Inscrição Contingente,Чрезвычайная надпись,จารึก​เงื่อนไข,Văn Khắc Ứng Biến,Prasasti Kontingensi
总控中心,總控中心,Control Center,管制センター,제어실,Centre de contrôle,Kontrollzentrum,Centro di controllo,Centro de control,Centro de Controle,Центр управления,ศูนย์​ควบคุม,Trung Tâm Điều Khiển,Pusat Kontrol
总控中枢,總控中樞,Control Nexus,指揮中枢,핵심 제어 중추,Nexus de contrôle,Kontrollnexus,Nexus di controllo,Nexus de control,Nexus de Controle,Контрольный нексус,เ​น็​ก​ซัส​ควบคุม,Trung Tâm Kiểm Soát,Nexus Kontrol
汇流器,匯流器,Converger,合流器,합류기,Raccord,Zusammenlauf,Convogliatore,Convergente,Integrador,Объединитель,ตัว​รวม​สาย,Van Gộp,Penggabung
冷却脂,冷卻脂,Coolant Gel,冷却グリース,냉각제,Gel de refroidissement,Kühlungsgel,Gel refrigerante,Gel refrigerante,Gel Resfriador,Охлаждающий гель,เจล​หล่อ​เย็น,Keo Làm Mát,Gel Pendingin
集成核心区域,集成核心區域,Core AIC Area,集成工業エリア,통합 핵심 구역,Zone principale du GIA,AIK-Kernbereich,Area centrale del SIA,Área central del CAI,Área Central do CAI,Ключевая область АПК,พื้นที่​ AIC แกน​หลัก,Khu Phức Hợp Trung Tâm,Area AIC Inti
休息区读物勘误,休息區讀物勘誤,Corrections for the Rest Area Reading Materials,休憩エリア書籍の訂正メモ,휴식 구역 독서물 정오표,Correction d'une œuvre proposée dans la zone de repos,Richtigstellungen der Lektüre im Ruhebereich,Correzioni per i materiali di lettura dell'area di sosta,Correcciones para material de lectura del Área de descanso,Correções nos Materiais de Leitura da Área de Descanso,Исправления к материалам для чтения в зонах отдыха,การ​แก้ไข​เนื้อหา​เอกสาร​ใน​พื้นที่​พักผ่อน,Sửa Tài Liệu Đọc tại Khu Vực Nghỉ Ngơi,Koreksi untuk Bahan Bacaan Area Istirahat
窥正秘剂·升级,窺正秘劑·升級,Corrective Remedy Upgrade,活性の秘薬（強化）,활력의 비약 · 업그레이드,Amélioration de remède correcteur,Verbesserung: Korrigierendes Heilmittel,Potenziamento: rimedio riparante,Mejora de remedio correctivo,Upgrade de Remédio Corretivo,Улучшение коррекционного средства,อัป​เกรด​ยาป​รับ​สมดุล,Nâng Cấp Thuốc Giảm Đau,Upgrade untuk Ramuan Pemulih
星门菌,星門菌,Cosmagaric,星門茸,스타게이트 버섯,Cosmagaric,Kosmoschwamm,Cosmagarico,Cosmagárico,Cosmagárico,Космовратник,คอส​มา​กา​ริก,Huyễn Không,Cosmagaric
星门菌块,星門菌塊,Cosmagaric Mycelia,星門菌床,스타게이트 버섯 조각,Mycélium de cosmagaric,Kosmoschwamm-Mycel,Micelio di cosmagarico,Micelio cosmagárico,Micélios Cosmagáricos,Мицелий космовратника,ไม​ซี​เลีย​ คอส​มา​กา​ริก,Tơ Huyễn Không,Miselium Cosmagaric
星门菌,星門菌,Cosmagaric Spot,星門茸,스타게이트 버섯,Cosmagaric,Kosmoschwamm,Cosmagarico,Cosmagárico,Cosmagárico,Космовратник,คอส​มา​กา​ริก,Huyễn Không,Cosmagaric
铭星,銘星,Cosmic Etchings,星に刻む,별의 조각,Gravures cosmiques,Kosmische Gravuren,Incisioni cosmiche,Grabados cósmicos,Gravuras Cósmicas,Космическая гравировка,การ​ฝัง​รอย​จักรวาล,Khắc Ghi Vũ Trụ,Ukiran Kosmis
星门锁,星門鎖,Cosmic Gate Puzzle,星門パズル,스타게이트 자물쇠,Puzzle du Portail cosmique,Kosmisches-Tor-Puzzle,Enigma del Portale cosmico,Rompecabezas de la Puerta Cósmica,Quebra-Cabeça do Portão Cósmico,Головоломка «Космические врата»,ปริศนา​ประตู​จักรวาล,Giải Đố Cổng Không Gian,Puzzle Gerbang Kosmis
星声申领凭证,星聲申領憑證,Cosmic Voice Issue Cert,星声・申請証,성음 신청 허가증,Certificat de tirage de voix cosmique,„Kosmische Stimme“-Ausgabe-Zerti,Certificato di distribuzione: Voce cosmica,Cert. de solicitud de Voz cósmica,Certificado de Distribuição Voz Cósmica,Сертификат поставки «Космический голос»,ใบรับรอง​ตั๋ว​เสียง​จักรวาล,Chứng Nhận Gói Rút Tiếng Sao,Sertif Edisi Suara Kosmis
星融果冻,星融果凍,Cosmo-Melto Jelly,星解けのゼリー,스타 퓨전 젤리,Gelée cosmofondante,Cosmo-Melto-Wackelpudding,Gelatina masticosmo,Gelatina Cosmo-Melto,Gelatina Cósmica,Космоплавленое желе,เยลลี่​จักรวาล​ละลาย,Thạch Tan Chảy Vũ Trụ,Jeli Cosmo Melto
星融果冻·升级,星融果凍·升級,Cosmo-Melto Jelly Upgrade,星解けのゼリー（強化）,스타 퓨전 젤리 · 업그레이드,Amélioration de la gelée cosmofondante,Verbesserung: Cosmo-Melto-Wackelpudding,Potenziamento: gelatina masticosmo,Mejora de Gelatina Cosmo-Melto,Upgrade de Gelatina Cósmica,Улучшение космоплавленого желе,อัป​เกรด​เยลลี่​จักรวาล​ละลาย,Nâng Cấp Thạch Tan Chảy Vũ Trụ,Upgrade untuk Jeli Cosmo Melto
世代摇篮,世代搖籃,Cradle of the Ages,時代揺籠,세대의 요람,Berceau des millénaires,Wiege der Generationen,Culla dei secoli,Cuna de las eras,Berço das Eras,Колыбель Веков,จุดกำเนิด​แห่ง​ยุคสมัย,Chiếc Nôi Cổ Đại,Buaian Zaman
简制手册,簡製手冊,Crafting Manual,製作手帳,간편 제작 매뉴얼,Manuel de fabrication,Herstellungshandbuch,Manuale di creazione,Manual de fabricación,Manual de Confecção,Руководство по созданию,คู่มือ​การ​สร้าง,Cẩm Nang Chế Tạo,Panduan Crafting
简易制作系统,簡易製作系統,Crafting System,道具製作,간편 제작 시스템,Système de fabrication,Herstellungssystem,Sistema di creazione,Sistema de fabricación,Sistema de Confecção,Создание предметов,ระบบ​การ​สร้าง,Hệ Thống Chế Tạo,Sistem Crafting
吊运装置终端,吊運裝置終端,Crane Lifter Terminal,運搬操作端末,리프트 장치 단말기,Terminal de grue de levage,Kranheberterminal,Terminale di sollevamento per gru,Terminal de grúa,Terminal de Guindaste,Терминал подъемников,แท่น​บังคับ​เครน​ยก,Trạm Nâng Cần Trục,Terminal Pengangkat Derek
物资箱,物資箱,Crate,物資箱,물자 상자,Caisse,Kiste,Cassa,Caja,Caixote,Ящик,ลัง,Thùng,Kerat
储藏箱·低级,儲藏箱·低級,Crate I,資源箱·低級,보물 상자 I,Caisse I,Kiste I,Cassa I,Caja I,Caixote I,Ящик I,ลัง I,Thùng I,Peti I
储藏箱·中级,儲藏箱·中級,Crate II,資源箱·中級,보물 상자 II,Caisse II,Kiste II,Cassa II,Caja II,Caixote II,Ящик II,ลัง II,Thùng II,Peti II
储藏箱·高级,儲藏箱·高級,Crate III,資源箱·高級,보물 상자 III,Caisse III,Kiste III,Cassa III,Caja III,Caixote III,Ящик III,ลัง III,Thùng III,Peti III
信用,信用,Credits,FP,크레딧,Crédits,Credits,Crediti,Créditos,Créditos,Кредиты,เครดิต,Tín Dụng,Kredit
弧月旋刃,弧月旋刃,Crescent Scimitar,弧月旋刃,호월선 참격,Cimeterre arqué,Sichelförmiger Säbel,Scimitarra lucente,Cimitarra Creciente,Cimitarra Crescente,Скимитар полумесяца,ดาบ​จันทร์​เสี้ยว,Kiếm Liềm Mặt Trăng,Simitar Sabit
工人的幻想,工人的幻想,Crew Mate's Fantasy,作業員の幻想,작업자의 환상,Rêveries d'un employé,Fantasie eines Crewmitglieds,Fantasie di un membro del personale,Fantasía de un miembro de la tripulación,Fantasia do Membro da Equipe,Фантазии сотрудника,เรื่อง​เพ้อฝัน​ของ​ลูกเรือ,Ảo Tưởng của Thuyền Viên,Khayalan Rekan Kru
红矛叶,紅矛葉,Crimson Spearleaf,赤槍葉,붉은 창 잎,Lancéolée écarlate,Blutrotes Speerblatt,Foglialancia cremisi,Hojalanza carmesí,Folha de Lança Carmesim,Багровый копьелист,ใบ​หอก​สีชา​ด,Thương Diệp Huyết Sắc,Crimson Spearleaf
红矛叶,紅矛葉,Crimson Spearleaf Spot,赤槍葉,붉은 창 잎,Lancéolée écarlate,Blutrotes Speerblatt,Foglialancia cremisi,Hojalanza carmesí,Folha de Lança Carmesim,Багровый копьелист,ใบ​หอก​สีชา​ด,Thương Diệp Huyết Sắc,Crimson Spearleaf
红矛叶根茎,紅矛葉根莖,Crimson Spearleaf Tuber,赤槍葉の茎,붉은 창 잎 줄기,Tubercule de lancéolée écarlate,Knolle des Blutroten Speerblatts,Tubero di foglialancia cremisi,Tubérculo de Hojalanza carmesí,Tubérculo de Folha de Lança Carmesim,Клубень багрового копьелиста,หัว​ใบ​หอก​สีชา​ด,Củ Thương Diệp Huyết Sắc,Umbi Crimson Spearleaf
揉成纸团的残页,揉成紙團的殘頁,Crumpled Sheet of Paper,くしゃくしゃになった紙の切れ端,구겨진 조각,Bout de papier froissé,Zerknittertes Papier,Foglio di carta stropicciato,Hoja de papel arrugada,Folha de papel amassada,Смятый лист бумаги,เศษกระดาษ​ที่​ยับยู่ยี่,Tờ giấy nhàu nát,Lembaran Kertas Kusut
附晶体残块,附晶體殘塊,Crystal-Embedded Fragment,付着結晶の欠片,부착 결정 조각,Fragment incrusté de cristaux,In Kristall eingebettetes Fragment,Frammento con cristalli incastonati,Fragmento con incrustaciones de cristal,Fragmento Incrustado em Cristal,Инкрустированный фрагмент,เศษ​พืช​ฝัง​ผลึก,Mảnh Tích Pha Lê,Fragmen Bertatah Kristal
高晶质瓶,高晶質瓶,Cryston Bottle,高晶製ボトル,크리스톤 병,Bouteille en cryston,Cryston-Flasche,Bottiglia di cryston,Botella de cristón,Garrafa de Criston,Кристоновая бутылка,ขวด​คริส​ตัน,Lọ Cryston,Botol Cryston
高晶装备原件,高晶裝備原件,Cryston Component,高晶装備部品,크리스톤 장비 부품,Composant en cryston,Cryston-Komponente,Componente di cryston,Componente de cristón,Componente de Criston,Кристоновый компонент,ส่วนประกอบ​คริส​ตัน,Linh Kiện Cryston,Komponen Cryston
高晶纤维,高晶纖維,Cryston Fiber,高晶繊維,크리스톤 섬유,Fibre de cryston,Cryston-Fasern,Fibra di cryston,Fibra de cristón,Fibra de Criston,Кристоновое волокно,เส้นใย​คริส​ตัน,Sợi Cryston,Serat Cryston
高晶零件,高晶零件,Cryston Part,高晶部品,크리스톤 부품,Pièce en cryston,Cryston-Teil,Parte di cryston,Pieza de cristón,Peça de Criston,Кристоновая деталь,ชิ้นส่วน​คริส​ตัน,Mảnh Cryston,Bagian Cryston
高晶粉末,高晶粉末,Cryston Powder,高晶粉末,크리스톤 가루,Poudre de cryston,Cryston-Pulver,Polvere di cryston,Polvo de cristón,Pó de Criston,Молотый кристон,ผง​คริส​ตัน,Bột Cryston,Bubuk Cryston
赤铜块,赤銅塊,Cuprium,赤銅塊,적동 조각,Cuprium,Cuprium,Cuprium,Cuprio,Cuprium,Куприй,คู​เพ​รี​ยม,Đồng,Cuprium
赤铜瓶,赤銅瓶,Cuprium Bottle,赤銅ボトル,적동 병,Bouteille en cuprium,Cuprium-Flasche,Bottiglia di cuprium,Botella de cuprio,Garrafa de Cuprium,Куприевая бутылка,ขวด​คู​เพ​รี​ยม,Lọ Đồng Đỏ,Botol Cuprium
赤铜耐压罐,赤銅耐壓罐,Cuprium Canister,赤銅圧力タンク,적동 내압 캔,Bonbonne en cuprium,Cuprium-Behälter,Contenitore di cuprium,Contenedor de Cuprio,Cilindro de Cuprium,Куприевый контейнер,ถัง​คู​เพ​รี​ยม,Bình Chứa Đồng,Tabung Cuprium
赤铜装备原件,赤銅裝備原件,Cuprium Component,赤銅装備部品,적동 장비 부품,Composant en cuprium,Cuprium-Komponente,Componente di cuprium,Componente de cuprio,Componente de Cuprium,Куприевый компонент,ส่วนประกอบ​คู​เพ​รี​ยม,Linh Kiện Đồng,Komponen Cuprium
气态赤铜,氣態赤銅,Cuprium Gas,赤銅ガス,기체 적동,Cuprium gazeux,Cuprium-Gas,Gas di cuprium,Gas de Cuprio,Gás de Cuprium,Куприевый газ,ก๊าซ​คู​เพ​รี​ยม,Khí Đồng,Gas Cuprium
赤铜矿矿点,赤銅礦礦點,Cuprium Mining Spot,赤銅鉱物スポット,적동 광석 광산 지점,Zone d'extraction de cuprium,Cuprium-Erz-Abbaustelle,Punto di estrazione: cuprium,Punto de minería de Cuprio,Ponto de Mineração de Cuprium,Место разработки куприя,จุด​ขุด​แร่​คู​เพ​รี​ยม,Điểm Khai Thác Đồng,Titik Tambang Cuprium
赤铜矿,赤銅礦,Cuprium Ore,赤銅鉱物,적동 광석,Minerai de cuprium,Cuprium-Erz,Minerale di cuprium,Mineral de cuprio,Minério de Cuprium,Куприевая руда,แร่​คู​เพ​รี​ยม,Quặng Đồng,Bijih Cuprium
采集赤铜矿的方法,採集赤銅礦的方法,Cuprium Ore: Mining Method,赤銅鉱物の採掘方法,적동 광석 채집 방법,Minerai de cuprium : méthode d'extraction,Cuprium-Erz: Abbaumethode,Minerale di cuprium: metodo d'estrazione,Mineral de cuprio: Método de extracción,Minério de Cuprium: Método de Mineração,Куприевая руда: способ добычи,แร่​คู​เพ​รี​ยม​: วิธีการ​ขุด,Quặng Đồng: Phương Pháp Khai Thác,Bijih Cuprium: Metode Penambangan
赤铜零件,赤銅零件,Cuprium Part,赤銅部品,적동 부품,Pièce en cuprium,Cuprium-Teil,Parte di cuprium,Pieza de cuprio,Peça de Cuprium,Куприевая деталь,ชิ้นส่วน​คู​เพ​รี​ยม,Mảnh Đồng,Bagian Cuprium
赤铜粉末,赤銅粉末,Cuprium Powder,赤銅粉末,적동 가루,Poudre de cuprium,Cuprium-Pulver,Polvere di cuprium,Polvo de cuprio,Pó de Cuprium,Молотый куприй,ผง​คู​เพ​รี​ยม,Bột Đồng,Bubuk Cuprium
赤铜溶液,赤銅溶液,Cuprium Solution,赤銅溶液,적동 용액,Solution de cuprium,Cuprium-Lösung,Soluzione di cuprium,Solución de cuprio,Solução de Cuprium,Раствор куприя,สารละลาย​คู​เพ​รี​ยม,Dung Dịch Đồng,Larutan Cuprium
赤铜矿脉,赤銅礦脈,Cuprium Spot,赤銅鉱脈,적동 광맥,Veine de cuprium,Cuprium-Ader,Vena di cuprium,vena de cuprio,Veio de Cuprium,Куприевая жила,สาย​แร่​คู​เพ​รี​ยม,Mạch Đồng,Sulur Cuprium
臻选武器补给,臻選武器補給,Curated Weapon Supply,極選武器補給,특선 무기 보급,Approvisionnement en armes de choix,Ausgewählter Waffenvorrat,Scorta di armi selezionate,Suministro de Armas seleccionadas,Suprimento de Armas Selecionadas,Ящик отборного оружия,เสบียง​อาวุธ​คัดสรร,Tiếp Tế Vũ Khí Chọn Lọc,Suplai Senjata Hasil Kurasi
特制重息壤,特製重息壤,Custom Heavy Xiranite,特製重息壌,특제 중식양,Xiranite lourde personnalisée,Individuelles Schweres Xiranit,Xiranite pesante personalizzata,Xiranita pesada personalizada,Xiranita Pesada Personalizada,Кустарный тяжелый ксиранит,ซี​เรน​ไนต์​หนัก​แบบ​พิเศษ,Xiranite Nặng Đặc Chế,Xiranite Berat Kustom
大号循环惊喜箱,大號循環驚喜箱,Cycling Crate-o-Surprise [L],サイクルボックス（大）,순환 깜짝선물 상자(대),Recyclage de caisse-à-surprises [G],Wiederkehrende Kiste des Unerwarteten [L],Cassa a sorpresa ciclica (L),Caja sorpresa cíclica [G],Caixote de Surpresas Cíclico [G],Циклический ящик с сюрпризом [бол.],ลัง​เซอร์​ไพรส์​หมุนเวียน​ [L],Rương Chu Kỳ Bất Ngờ [Lớn],Kerat Kejutan Bursa Siklus [L]
中号循环惊喜箱,中號循環驚喜箱,Cycling Crate-o-Surprise [M],サイクルボックス（中）,순환 깜짝선물 상자(중),Recyclage de caisse-à-surprises [M],Wiederkehrende Kiste des Unerwarteten [M],Cassa a sorpresa ciclica (M),Caja sorpresa cíclica [M],Caixote de Surpresas Cíclico [M],Циклический ящик с сюрпризом [ср.],ลัง​เซอร์​ไพรส์​หมุนเวียน​ [M],Rương Chu Kỳ Bất Ngờ [Vừa],Kerat Kejutan Bursa Siklus [M]
D96钢样品四,D96鋼樣品四,D96 Steel Sample 4,D96鋼試料Ⅳ,D96강 시제품 4번,Échantillon d'acier D96 n°4,"D96-Stahl, Probe 4",Campione 4 di acciaio D96,Muestra 4 de acero D96,Amostra de Aço D96 4,Образец стали D96 — 4,ตัวอย่าง​เหล็ก​ D96 ชิ้น​ที่​ 4,Thép D96 Mẫu 4,Baja D96 Sampel 4
大潘,大潘,Da Pan,ダパン,판,Da Pan,Da Pan,Da Pan,Da pan,Da Pan,Да Пан,ต้า​ปัน,Da Pan,Da Pan
大潘的信物,大潘的信物,Da Pan's Token,ダパンの印,판의 증표,Jeton de Da Pan,Da Pans Token,Gettone di Da Pan,Ficha de Da pan,Símbolo de Da Pan,Жетон Да Пана,โท​เคน​ของ​ต้า​ปัน,Tín Vật của Da Pan,Token Da Pan
每日活跃度,每日活躍度,Daily Activity,デイリー活躍度,일일 활약도,Activité quotidienne,Tägliche Aktivität,Attività giornaliera,Actividad diaria,Atividade Diária,Ежедн. активность,กิจกรรม​ประจำวัน,Hoạt Động Hàng Ngày,Aktivitas Harian
损害评估报告,損害評估報告,Damage Assessment Report,損害評価報告,손해 평가 보고서,Rapport d'évaluation des dégâts,Schadensanalysebericht,Rapporto di valutazione dei danni,Informe de evaluación de daños,Relatório da Avaliação de Danos,Отчет об оценке ущерба,รายงาน​การประเมิน​ความเสียหาย,Báo Cáo Đánh Giá Thiệt Hại,Laporan Kajian Kerusakan
伤害受到减免,受到傷害減免,Damage Reduction,ダメージ軽減,받은 피해 감소,Réduction des dégâts,Schadensreduzierung,Riduzione dei danni,Reducción de daño,Redução de Danos,Снижение урона,การ​ลด​ดา​เม​จ,Giảm ST,Pengurangan Damage
伤害类型,傷害類型,Damage Type,ダメージ種類,피해 유형,Type de dégâts,Schadentyp,Tipo di danni,Tipo de daño,Tipo de Danos,Тип урона,ประเภท​ความเสียหาย,Loại Sát Thương,Tipe Damage
残破的药物箱子,殘破的藥物箱子,Damaged Meds Box,破損した薬の箱,파손된 약물 상자,Boîte médicale endommagée,Beschädigter Erste-Hilfe-Kasten,Scatola danneggiata di medicinali,Caja dañada con medicamentos,Caixa de Medicamentos Danificada,Поврежденная аптечка,กล่อง​ยา​ที่​เสียหาย,Hộp Y Tế Hỏng,Kotak Obat Rusak
故障机器人,故障機器人,Damaged Robot,故障したロボット,고장 난 로봇,Robot endommagé,Beschädigter Roboter,Robot danneggiato,Robot dañado,Robô Danificado,Поврежденный робот,หุ่นยนต์​เสียหาย,Robot Bị Hỏng,Robot Rusak
达尔霍夫7,達爾霍夫7,Darhoff 7,ダルホフ7,다호프 7,Darhoff 7,Darhoff 7,Darhoff 7,Darhoff 7,Darhoff 7,Дархофф 7,ดาร์​ฮอฟ​ 7,Darhoff 7,Darhoff 7
暗锈铁残块,暗鏽鐵殘塊,Dark Rust Fragment,黒錆鉄の欠片,검게 녹슨 금속 조각,Fragment de rouille sombre,Dunkles Rostfragment,Frammento di ruggine scuro,Fragmento de Óxido Oscuro,Fragmento de Ferrugem Escura,Темный ржавый фрагмент,เศษ​สนิม​มืด,Mảnh Rỉ Sắt Đen,Fragmen Karat Gelap
无边遐思,無邊遐思,Daydream Without End,果てなき夢,무한한 공상,Rêvasseries sans fin,Endloser Tagtraum,Sogno a occhi aperti,Soñar sin fin,Devaneio Sem Fim,Бесконечная греза,ฝันกลางวัน​ไร้​สิ้นสุด,Giấc Mộng Ban Ngày Vô Tận,Lamunan Tanpa Akhir
状态消耗,狀態消耗,Debuff Consumption,状態消費,상태 소모,Consommation de malus,Debuff-Verbrauch,Consumo degli effetti negativi,Consumo de debilitaciones,Consumo de Penalidades,Поглощение негативных эффектов,การ​ใช้​ดี​บัฟ,Tiêu Hao Debuff,Pemakaian Debuff
解析晶块,解析晶塊,Decryption Crystal,解析結晶,해석된 결정 조각,Cristal de décryptage,Dechiffrierungskristall,Cristallo di decrittazione,Cristal de descifrado,Cristal de Descriptografia,Кристалл расшифровки,ผลึก​ถอดรหัส,Tinh Thể Giải Mã,Kristal Dekripsi
深度探索奖章,深度探索獎章,Deep Explorer,熟練探索勲章,심도 탐색 훈장,Exploration souterraine,Tiefenerkunder,Esplorazione approfondita,Exploración de lo profundo,Explorador Profundo,Исследование глубин,นัก​สำรวจ​ห้วง​ลึก,Khám Phá Sâu,Penjelajah Kedalaman
谷底秘库,谷底秘庫,Deep Gorge Vault,谷底の秘庫,골짜기 하부 비밀 창고,Caveau des profondeurs de la gorge,Tiefschluchtkammer,Cripta della gola profonda,Bóveda del desfiladero profundo,Cofre do Desfiladeiro Profundo,Хранилище глубокого ущелья,คลัง​หุบเขา​ลึก,Hầm Sâu Hẻm Núi,Brankas Ngarai Dalam
深层管理区,深層管理區,Deep Management Post,深層管理エリア,심층 관리 구역,Poste de gestion souterrain,Tiefenverwaltungsposten,Stazione di gestione avanzata,Puesto de gestión profunda,Posto de Gerenciamento Subterrâneo,Глубинный пост управления,สถานี​บริหาร​ส่วนลึก,Chốt Điều Hành Lòng Đất,Pos Pengelolaan Tambang
应龙关最底处的植物,應龍關最底處的植物,Deepest Flora of Yinglung Pass,応龍関最下部の植物,응룡 관문 최하층의 식물,Flore des profondeurs du col de Yinglung,Tiefenflora des Yinglung-Passes,La flora più profonda del Valico di Yinglung,Flora más profunda del Paso de Yinglung,Flora Profunda da Passagem de Yinglung,Глубинная флора заставы «Инлуна»,พืชพรรณ​จาก​จุด​ลึก​สุด​ของ​ทางผ่าน​ห​ยิง​หลง,Thực Vật Tầng Sâu Nhất Đèo Yinglung,Flora Titik Terdalam Terusan Yinglung
防御激光,防禦鐳射,Defensive Laser,防御レーザー,방어 레이저,Laser défensif,Verteidigungslaser,Laser difensivo,Láser defensivo,Laser de Defesa,Защитный лазер,เลเซอร์​ป้องกัน,Tia Laser Phòng Thủ,Laser Pelindung
快递单,快遞單據,Delivery Form,送り状,운송장,Formulaire de livraison,Lieferformular,Modulo di consegna,Formulario de entrega,Formulário de Entrega,Накладная,แบบฟอร์ม​การจัดส่ง,Mẫu Giao Hàng,Formulir Pengiriman
使命必达,使命必達,Delivery Guaranteed,使命必達,사명의 길,Livraison garantie,Garantierte Lieferung,Consegna garantita,Entrega Garantizada,Entrega Garantida,Гарантированная доставка,ดี​ลิ​เวอ​รี่​การันตี,Sứ Mệnh Tất Toàn,Delivery Guaranteed
转交运送委托,轉交運送委託,Delivery Job Transfer,外部委託,운송 의뢰 위탁,Transfert de tâche de livraison,Lieferauftrag übertragen,Trasferimento dei lavori di consegna,Transferencia de trabajos de entrega,Transferência de Trabalho de Entrega,Передача поручения по доставке,การ​โอน​งาน​จัดส่ง,Chuyển Giao Nhiệm Vụ Giao Hàng,Transfer Tugas Pengantaran
转交运送委托的奖励结算,轉交運送委託的獎勵結算,Delivery Job Transfer: Rewards Tally,外部委託の報酬,위탁한 운송 의뢰의 보상 결산,Transfert de tâche de livraison : décompte des récompenses,Lieferauftrag übertragen: Belohnungen,Trasferimento dei lavori di consegna: calcolo delle ricompense,Transferencia de trabajos de entrega: recuento de recompensas,Transferência de Trabalho de Entrega: Contabilização de Recompensas,Передача поручения по доставке: подсчет награды,การ​โอน​งาน​จัดส่ง​: การ​นับ​รางวัล,Chuyển Giao Nhiệm Vụ Giao Hàng: Tổng Kết Thưởng,Transfer Tugas Pengantaran: Penghitungan Imbalan
使用滑索架高效送货,使用滑索架高效送貨,Delivery: With Zipline Facilities,ジップラインを使った効率的な配達,집라인 후크를 사용해서 효율적으로 배송하기,Livraison : avec installations de tyrolienne,Lieferung: Mit Seilbahnanlagen,Consegna con strutture teleferiche,Entrega: Con instalaciones de tirolesa,Entrega: Com Instalações de Tirolesa,Доставка с помощью зиплайн-сооружений,การจัดส่ง​: ด้วย​การ​ใช้​สิ่งปลูกสร้าง​ซิป​ไลน์,Giao Hàng: Bằng Công Trình Dây Trượt Zipline,Pengantaran: Dengan Fasilitas Luncur Gantung
Delta型机器人,Delta型機器人,Delta Bot,Deltaロボット,델타 로봇,Robot Delta,Delta-Bot,Robot Delta,Bot Delta,Robô Delta,Дельта-бот,หุ่นยนต์​เดล​ต้า,Robot Delta,Bot Delta
激流塔,激流塔,Deluge Tower,激流塔,급류 타워,Tour diluvienne,Flutturm,Torretta diluvio,Torre de diluvio,Torre de Inundação,Поливная вышка,ป้อม​พายุฝน,Tháp Đại Hồng Thủy,Menara Banjir
激流塔模板,激流塔模板,Deluge Tower Template,激流塔の設計図,급류 타워 템플릿,Modèle de tour diluvienne,Vorlage: Flutturm,Schema: torretta diluvio,Molde de Torre de diluvio,Gabarito de Torre de Inundação,Шаблон поливной вышки,เทม​เพล​ต​ป้อม​พายุฝน,Mẫu Tháp Đại Hồng Thủy,Templat Menara Banjir
臻品龙泡泡,臻品龍泡泡,Deluxe Chubby Lung,特選・龍泡泡,진품 드래곤 버블,Choupi Lung de luxe,Chubby Lung Deluxe,Cicciodrago deluxe,Lung regordete de lujo,Chubby Lung Deluxe,Элитный пухлик-лун,หลง​จ้ำม่ำ​ดี​ลัก​ซ์,Chubby Lung Siêu Cấp,Lung Gembul Edisi Deluxe
致密碳粉末,緻密碳粉末,Dense Carbon Powder,高密度炭塊粉末,고밀도 카본 가루,Poudre de carbone dense,Verdichtetes Carbon-Pulver,Polvere densa di carbonio,Polvo de carbono denso,Pó de Carbono Denso,Мелкомолотый углерод,ผง​คาร์บอน​เข้มข้น,Bột Carbon Đặc,Bubuk Karbon Padat
致密蓝铁粉末,緻密藍鐵粉末,Dense Ferrium Powder,高密度青鉄粉末,고밀도 페리움 가루,Poudre de ferrium dense,Verdichtetes Ferrium-Pulver,Polvere densa di ferrium,Polvo de ferrio denso,Pó de Ferrium Denso,Мелкомолотый феррий,ผง​เฟอร์​เรียม​เข้มข้น,Bột Sắt Đặc,Bubuk Ferrium Padat
致密源石粉末,緻密源石粉末,Dense Originium Powder,高密度源石粉末,고밀도 오리지늄 가루,Poudre d'originium dense,Verdichtetes Originium-Pulver,Polvere densa di Originium,Polvo de Originio denso,Pó de Originium Denso,Мелкомолотый ориджиний,ผง​ออ​ริ​จิ​เนียม​เข้มข้น,Bột Originium đặc,Bubuk Originium Padat
致密晶体粉末,緻密晶體粉末,Dense Origocrust Powder,高密度結晶粉末,고밀도 오리고 크러스트 가루,Poudre d'origécorce dense,Verdichtetes Origo-Krusten-Pulver,Polvere densa di oribasamento,Polvo de origocorteza denso,Pó de Origocrosta Denso,Мелкомолотая ориджеода,ผง​ออ​ริ​โก​ค​รัส​เข้มข้น,Bột Vỏ Originium Đặc,Bubuk Origocrust Padat
重岩残块,重岩殘塊,Densolite Fragment,重岩の欠片,무거운 바위 조각,Fragment de densolite,Densolit-Fragment,Frammento di densolite,Fragmento de Densolita,Fragmento de Densolita,Фрагмент плотнита,เศษ​เดน​โซ​ไลต์,Mảnh Densolite,Fragmen Densolite
仓库与取货口,倉庫與取貨口,Depot and Output Ports,倉庫と取出口,창고와 출력 포트,Entrepôt et ports de sortie,Depot und Ausgänge,Deposito e uscite,Puertos de depósito y salida,Depósito e Portas de Saída,Склад и порты выхода,คลัง​และ​พอร์ต​ขาออก,Kho Hàng và Cổng Ra,Depot dan Porta Output
仓库存取线,倉庫存取線,Depot Bus,倉庫連結ハブ,창고 입출력 라인,Bande d'entrepôt,Depot-Bus,Bus deposito,Unidad de transporte de depósito,Transportador do Depósito,Звено склада,บัส​คลัง,Tổng Tuyến Kho Hàng,Bus Depot
仓库存取线I,倉庫存取線I,Depot Bus I,倉庫連結ハブⅠ,창고 입출력 라인 I,Bande d'entrepôt I,Depot-Bus I,Bus deposito I,Unidad de transporte de depósito I,Transportador do Depósito I,Звено склада I,บัส​คลัง​ I,Tổng Tuyến Kho Hàng I,Bus Depot I
仓库存取线II,倉庫存取線II,Depot Bus II,倉庫連結ハブⅡ,창고 입출력 라인 II,Bande d'entrepôt II,Depot-Bus II,Bus deposito II,Unidad de transporte de depósito II,Transportador do Depósito II,Звено склада II,บัส​คลัง​ II,Tổng Tuyến Kho Hàng II,Bus Depot II
仓库存取线源桩,倉庫存取線源樁,Depot Bus Port,倉庫連結ハブ基礎,창고 입출력 라인 핵심 장치,Port de bande d'entrepôt,Depot-Busport,Porta del bus deposito,Puerto de Unidades de transporte de Depósito,Porta do Transportador do Depósito,Порт звена склада,พอร์ต​บัส​คลัง,Cổng Tổng Tuyến Kho Hàng,Porta Bus Depot
仓库存取线源桩模板,倉庫存取線源樁模板,Depot Bus Port Template,倉庫連結ハブ基礎の設計図,창고 입출력 라인 핵심 장치 템플릿,Modèle de port de bande d'entrepôt,Vorlage: Depot-Busport,Schema: porta del bus deposito,Molde de Puerto de Unidades de transporte de Depósito,Gabarito de Porta do Transportador do Depósito,Шаблон порта звена склада,เทม​เพล​ต​พอร์ต​บัส​คลัง,Mẫu Cổng Tổng Tuyến Kho Hàng,Templat Porta Bus Depot
仓库存取线基段,倉庫存取線基段,Depot Bus Section,倉庫連結ハブ部品,창고 입출력 라인 기초 장치,Section de bande d'entrepôt,Depot-Busabschnitt,Sezione di bus deposito,Sección de Unidades de transporte de Depósito,Seção do Transportador do Depósito,Секция звена склада,ส่วน​บัส​คลัง,Khu Tổng Tuyến Kho Hàng,Penampang Bus Depot
仓库存取线基段模板,倉庫存取線基段模板,Depot Bus Section Template,倉庫連結ハブ部品の設計図,창고 입출력 라인 기초 장치 템플릿,Modèle de section de bande d'entrepôt,Vorlage: Depot-Busabschnitt,Schema: sezione di bus deposito,Molde de Sección de Unidades de transporte de Depósito,Gabarito de Seção do Transportador do Depósito,Шаблон секции звена склада,เทม​เพล​ต​ส่วน​บัส​คลัง,Mẫu Khu Tổng Tuyến Kho Hàng,Templat Penampang Bus Depot
仓库存货口,倉庫存貨口,Depot Loader,倉庫搬入口,창고 입력 포트,Chargeur d'entrepôt,Depot-Belader,Piattaforma di carico per deposito,Cargador del depósito,Carregador do Depósito,Узел загрузки склада,แท่น​รับ​คลังสินค้า,Máy Nâng Hàng Kho,Pemuat Depot
仓库取货口与存货口,倉庫取貨口與存貨口,Depot Loader and Unloader,倉庫搬出口と搬入口,창고 출력 포트와 입력 포트,Chargeur et déchargeur d'entrepôt,Depot-Belader und -Entlader,Piattaforma di carico e scarico per deposito,Cargador y descargador del depósito,Carregador e Descarregador do Depósito,Узлы загрузки и разгрузки склада,แท่น​รับ​และ​แท่น​ส่ง​คลังสินค้า,Máy Nâng Hàng Kho và Máy Dỡ Hàng Kho,Pemuat Depot dan Pembongkar Muatan Depot
仓库存货口和取货口的位置,倉庫存貨口和取貨口的位置,Depot Loader and Unloader: Placement,倉庫搬入口と搬出口の位置,창고 입력 포트와 출력 포트의 위치,Chargeur et déchargeur d'entrepôt : placement,Depot-Belader und -Entlader: Platzierung,Piattaforma di carico e scarico per deposito: posizionamento,Cargador y descargador del depósito: Colocación,Carregador e Descarregador do Depósito: Colocação,Узлы загрузки и разгрузки склада: размещение,แท่น​รับ​และ​แท่น​ส่ง​คลังสินค้า​: การ​จัดวาง,Máy Nâng Hàng Kho và Máy Dỡ Hàng Kho: Đặt,Pemuat Depot dan Pembongkar Muatan Depot: Penempatan
仓库存货口模板,倉庫存貨口模板,Depot Loader Template,倉庫搬入口の設計図,창고 입력 포트 템플릿,Modèle de chargeur d'entrepôt,Vorlage: Depot-Belader,Schema: piattaforma di carico per deposito,Molde de cargador del depósito,Gabarito de Carregador do Depósito,Шаблон узла загрузки склада,เทม​เพล​ต​แท่น​รับ​คลังสินค้า,Mẫu Máy Nâng Hàng Kho,Templat Pemuat Depot
仓库存取货口模板,倉庫存取貨口模板,Depot Loader/Unloader Template,倉庫搬出・搬入口の設計図,창고 입출력 포트 템플릿,Modèle de chargeur/déchargeur d'entrepôt,Vorlage: Depot-Entlader-/-Belader,Schema: piattaforma di carico e scarico per deposito,Molde de Cargador/Descargador del depósito,Gabarito de Carregador/Descarregador do Depósito,Шаблон узла загрузки/разгрузки склада,เทม​เพล​ต​แท่น​รับ​คลังสินค้า​/​แท่น​ส่ง​คลังสินค้า,Mẫu Máy Nâng Hàng Kho/Dỡ Hàng Kho,Templat Pemuat/Pembongkar Muatan Depot
仓储节点,倉儲節點,Depot Node,保管ボックス,저장고 노드,Nœud de dépôt,Depotknoten,Nodo logistico,Nodo de depósito,Nó de Depósito,Узел склада,โหนด​คลัง​เก็บ,Nút Kho Hàng,Nodus Depot
帝江号切换仓库,帝江號切換倉庫,Depot Switching at Dijiang,"<p=""ディージャンごう"" padding=0>帝江号</p>での倉庫切替",제강호에서의 창고 전환,Changement d'entrepôt sur le Dijiang,Depots an Bord der Dijiang wechseln,Cambio di depositi sulla Dijiang,Cambio de depósito en la Dijiang,Troca de Depósito na Dijiang,Переключение между складами на «Дицзян»,การสลับ​คลังสินค้า​ใน​ตี้​เจียง,Đổi Kho Hàng ở Dijiang,Beralih Depot di Dijiang
仓库取货口,倉庫取貨口,Depot Unloader,倉庫搬出口,창고 출력 포트,Déchargeur d'entrepôt,Depot-Entlader,Piattaforma di scarico per deposito,Descargador del depósito,Descarregador do Depósito,Узел разгрузки склада,แท่น​ส่ง​คลังสินค้า,Máy Dỡ Hàng Kho,Pembongkar Muatan Depot
仓库取货口模板,倉庫取貨口模板,Depot Unloader Template,倉庫搬出口の設計図,창고 출력 포트 템플릿,Modèle de déchargeur d'entrepôt,Vorlage: Depot-Entlader,Schema: piattaforma di scarico per deposito,Molde de descargador del depósito,Gabarito de Descarregador do Depósito,Шаблон узла разгрузки склада,เทม​เพล​ต​แท่น​ส่ง​คลังสินค้า,Mẫu Máy Dỡ Hàng Kho,Templat Pembongkar Muatan Depot
《摇摆绅士古典特辑》,《搖擺紳士古典特輯》,Der Schwingende Gentleman Classical Album,『スウィングジェントルのクラシックアルバム』,<스윙 젠틀맨 고전 특집>,Album classique de « Der Schwingende Gentleman »,Klassisches Album: Der Schwingende Gentleman,Album classico Der Schwingende Gentleman,Álbum clásico de El caballero oscilante,Álbum Clássico O Cavaleiro Dançante,Классический альбом «Господин Der Schwingende»,อัลบั้ม​คลาสสิก​ เดอ​ ชวิน​จ์​เอน​เด​ เจน​เ​ทิล​แมน,Album Cổ Điển Quý Ông Der Schwingende Gentleman,Album Klasik Der Schwingende Gentleman
紊乱值,紊亂值,Derangement,撹乱値,혼란치,Chaos,Verwirrung,Alterazione,Desorden,Perturbação,Помрачение рассудка,ความวุ่นวาย,Rối Loạn,Penyimpangan
紊乱耐受芯片1,紊亂耐受晶片1,Derangement Tolerance Chip 1,撹乱耐性チップ1,혼란 저항 칩 1,Puce de tolérance au chaos 1,Verwirrungstoleranz-Chip 1,Chip della tolleranza all'alterazione 1,Chip de tolerancia al Desorden 1,Chip de Tolerância à Perturbação 1,Чип устойчивости к помрачению рассудка 1,ชิป​ทน​ความวุ่นวาย​ 1,Chip Kháng Rối Loạn 1,Chip Toleransi Penyimpangan 1
紊乱耐受芯片2,紊亂耐受晶片2,Derangement Tolerance Chip 2,撹乱耐性チップ2,혼란 저항 칩 2,Puce de tolérance au chaos 2,Verwirrungstoleranz-Chip 2,Chip della tolleranza all'alterazione 2,Chip de tolerancia al Desorden 2,Chip de Tolerância à Perturbação 2,Чип устойчивости к помрачению рассудка 2,ชิป​ทน​ความวุ่นวาย​ 2,Chip Kháng Rối Loạn 2,Chip Toleransi Penyimpangan 2
不同区域的紊乱值,不同區域的紊亂值,Derangement: Different Areas,異なるエリアの撹乱値,구역별 혼란치,Chaos : différentes zones,Verwirrung: Verschiedene Bereiche,Alterazione: aree diverse,Desorden: áreas diferentes,Perturbação: Áreas Diferentes,Помрачение рассудка: другие зоны,ความวุ่นวาย​: พื้นที่​ต่า​งๆ,Rối Loạn: Khu Vực Khác,Penyimpangan: Berbagai Area
紊乱安全区,紊亂安全區,Derangement: Safe Zones,撹乱安全エリア,혼란치 안전 구역,Chaos : zones de sécurité,Verwirrung: Sicherheitszonen,Alterazione: zone sicure,Desorden: Zonas seguras,Perturbação: Zonas Seguras,Помрачение рассудка: безопасные зоны,ความวุ่นวาย​: โซน​ปลอดภัย,Rối Loạn: Vùng An Toàn,Penyimpangan: Zona Aman
城建区,城建區,Designated Urban Area,都市建設エリア,도시 건설 구역,Zone franche urbaine,Ausgewiesener Stadtbezirk,Area di urbanizzazione,Área urbana designada,Área Urbana Designada,Городская зона особого назначения,เขตเมือง​ที่​กำหนด,Khu Đô Thị Chỉ Định,Area Perkotaan Khusus
自选调用凭证,自選調用憑證,Designation Selection Permit,指名招集券,선택 호출 허가증,Permis de désignation,Zuweisungsauswahl-Genehmigung,Permesso di selezione assegnazione,Permiso de selección de designación,Permissão de seleção de designação,Разрешение на выбор назначения,ใบอนุญาต​เลือก​การกำ​หนด​ระดับ,Giấy Phép Chỉ Định Chiêu Mộ,Surat Izin Pemilihan Penetapan
求知欲,求知欲,Desire for Knowledge,知識欲,탐구욕,Soif de connaissances,Wissensdurst,Desiderio di conoscenza,Deseo de Conocimiento,Desejo de Conhecimento,Жажда знаний,ความปรารถนา​แห่ง​ปัญญา,Khát Khao Tri Thức,Haus Pengetahuan
击破锚点,擊破錨點,Destroying Ankhor Cores,アンカーの破壊,앵커 파괴,Détruire des nœuds d'Ankhor,Ankhor-Kerne zerstören,Distruggere i nuclei degli Ankhor,Destrucción de Núcleos de Ankhor,Destruição de Núcleos do Ankhor,Уничтожение ядра анкера,การ​ทำลาย​แก่น​ของ​แอง​เคอร์,Phá Hủy Lõi Ankhor,Menghancurkan Inti Ankhor
可爆破物,可爆破物,Destructible Object,爆破可能な物体,폭파할 수 있는 물체,Objet destructible,Zerstörbarer Gegenstand,Oggetti distruttibili,Objeto destructible,Objeto Destrutível,Разрушаемые объекты,วัตถุ​ที่​ทำลาย​ได้,Vật Thể Có Thể Phá Hủy,Objek yang Bisa Dihancurkan
禁室监牢,禁室監牢,Detention Facility,幽閉牢獄,금지 구역 감옥,Centre de détention,Haftanstalt,Struttura di detenzione,Centro de detención,Instalação de Detenção,Изоляционное сооружение,สถานกักกัน,Khu Tạm Giam,Sel Tahanan
爆破单元,爆破單元,Detonation Unit,破壊ユニット,폭발 유닛,Unité de détonation,Zünder,Unità di detonazione,Unidad de detonación,Unidade de Detonação,Модуль взрыва,หน่วย​จุด​ระเบิด,Đơn Vị Nổ,Detonation Unit
爆破单元残块,爆破單元殘塊,Detonation Unit Fragment,破壊ユニットの欠片,폭발 유닛 조각,Fragment d'unité de détonation,Zünderfragment,Frammento di unità di detonazione,Fragmento de Unidad de Detonación,Fragmento de Unidade de Detonação,Фрагмент модуля взрыва,เศษ​หน่วย​จุด​ระเบิด,Mảnh Đơn Vị Nổ,Fragmen Unit Ledak
置器阁,置器閣,Device Pavilion,納器館,무기각,Pavillon aux appareils,Gerätepavillon,Padiglione dei dispositivi,Pabellón de dispositivos,Pavilhão do Dispositivo,Павильон устройств,ศาลา​อุปกรณ์,Khu Thiết Bị,Paviliun Perangkat
魔甘草糖果,魔甘草糖果,Devil's Licorice Drops,魔甘草キャンディー,마감초 사탕,Bonbons à la réglisse du diable,Teufelslakritz-Drops,Gocce di liquirizia del diavolo,Pastillas de regaliz del diablo,Gotas de Alcaçuz Diabólico,Драже из дьявольской лакрицы,ลูกอม​ชะเอม​ปีศาจ,Kẹo Cam Thảo Ma Giới,Permen Akar Manis Iblis
源石发电站工人的日记,源石發電站工人的日記,Diary: Originium Power Plant Worker,源石発電所作業員の日記,오리지늄 발전소 작업자의 일기,Journal intime d'un ouvrier de la centrale électrique d'originium,Tagebuch: Arbeiter des Originium-Kraftwerks,Diario: Personale della Centrale elettrica a Originium,Diario: Trabajador de la Planta de energía de Originio,Diário: Trabalhador da Usina de Energia de Originium,Дневник рабочего ориджиниевой электростанции,สมุดบันทึก​: พนักงาน​โรงไฟฟ้า​ออ​ริ​จิ​เนียม,Trang Nhật Ký: Công Nhân Nhà Máy Năng Lượng Originium,Buku Harian: Pekerja Pembangkit Listrik Originium
二色环流灯,二色環流燈,Dichromo-Light,二色環流ライト,이중 색상 순환등,Dichromo-LED,Dichromo-Licht,Luce dicromica,Luz dicromática,Luz Dicromo,Дихромосвет,แสง​ได​โคร​โม,Đèn Lưỡng Sắc,Lampu Dichromo
二色仪 - 一,二色儀 - 一,Dichromolite (1),二色儀 - 1,이중 색상 장치 - 1,Dichromolite (1),Dichromolit (1),Dicromolite (1),Dicromolita (1),Dicromolita (1),Дихромолит (1),ได​โคร​โม​ไลต์​ (1),Khoáng Hai Màu (1),Dichromolite (1)
二色仪 - 二,二色儀 - 二,Dichromolite (2),二色儀 - 2,이중 색상 장치 - 2,Dichromolite (2),Dichromolit (2),Dicromolite (2),Dicromolita (2),Dicromolita (2),Дихромолит (2),ได​โคร​โม​ไลต์​ (2),Khoáng Hai Màu (2),Dichromolite (2)
帝江号 - 好友访客终端,帝江號 - 好友訪客終端,Dijiang: A Friend's Guest Terminal,"<p=""ディージャンごう"" padding=0>帝江号</p> - フレンド訪問端末",제강호 - 친구 방문자 단말기,Dijiang : terminal des visiteurs d'un(e) ami(e),Dijiang: Besucherterminals von Freunden,Dijiang: terminale ospiti degli amici,Dijiang: Terminal de invitados de un amigo,Dijiang: Terminal de Visitantes de um Amigo,Дицзян: гостевой терминал друга,ตี้​เจียง​: เทอร์​มิ​นัล​สำหรับ​ผู้มาเยือน​ของ​เพื่อน,Dijiang: Thiết Bị Liên Lạc Khách Của Bạn Bè,Dijiang: Terminal Tamu Teman
帝江号 - 进驻累积信赖度,帝江號 - 進駐累積信賴值,Dijiang: Assignment and Trust,"<p=""ディージャンごう"" padding=0>帝江号</p> - 配属による信頼度上昇",제강호 - 배치를 통한 신뢰도 쌓기,Dijiang : affectation et confiance,Dijiang: Zuweisungen und Vertrauen,Dijiang: assegnazione e fiducia,Dijiang: Asignación y confianza,Dijiang: Atribuição e Confiança,Дицзян: назначение и доверие,ตี้​เจียง​: ภาระ​งาน​และ​ความไว้วางใจ,Dijiang: Phân Công Và Tín Nhiệm,Dijiang: Penugasan dan Kepercayaan
帝江号 - 舱室升级,帝江號 - 艙室升級,Dijiang: Cabin Upgrades,"<p=""ディージャンごう"" padding=0>帝江号</p> - 船室のレベルアップ",제강호 - 선실 업그레이드,Dijiang : améliorations de cabine,Dijiang: Kabinenverbesserungen,Dijiang: potenziamenti per le cabine,Dijiang: Mejoras de cabina,Dijiang: Upgrades em Cabines,Дицзян: улучшения отсека,ตี้​เจียง​: การ​อัป​เกรด​ห้อง,Dijiang: Nâng Cấp Khoang,Dijiang: Upgrade Kabin
帝江号 - 线索收集,帝江號 - 線索收集,Dijiang: Clue Collection,"<p=""ディージャンごう"" padding=0>帝江号</p> - 手がかり捜索",제강호 - 단서 수집,Dijiang : collecte d'indices,Dijiang: Hinweissammlung,Dijiang: Raccolta indizi,Dijiang: Recolección de pistas,Dijiang: Coleta de Pistas,Дицзян: поиск зацепок,ตี้​เจียง​: การ​รวบรวม​เบาะแส,Dijiang: Thu Thập Manh Mối,Dijiang: Pengumpulan Petunjuk
帝江号 - 总控中枢,帝江號 - 總控中樞,Dijiang: Control Nexus,"<p=""ディージャンごう"" padding=0>帝江号</p> - 指揮中枢",제강호 - 핵심 제어 중추,Dijiang : Nexus de contrôle,Dijiang: Kontrollnexus,Dijiang: Nexus di controllo,Dijiang: Nexus de control,Dijiang: Nexus de Controle,Дицзян: контрольный нексус,ตี้​เจียง​: เ​น็​ก​ซัส​ควบคุม,Dijiang: Trung Tâm Kiểm Soát,Dijiang: Nexus Kontrol
帝江号 - 陈列品,帝江號 - 陳列品,Dijiang: Display Items,"<p=""ディージャンごう"" padding=0>帝江号</p> - 展示品",제강호 - 전시품,Dijiang : objets d'exposition,Dijiang: Ausstellungsgegenstände,Dijiang: oggetti da esposizione,Dijiang: Artículos de exhibición,Dijiang: Itens de Exibição,Дицзян: экспонаты,ตี้​เจียง​: ไอ​เทม​จัดแสดง,Dijiang: Vật Phẩm Trưng Bày,Dijiang: Item Pajangan
帝江号 - 信用获取,帝江號 - 信用獲得,Dijiang: Earning Credits,"<p=""ディージャンごう"" padding=0>帝江号</p> - FP獲得",제강호 - 크레딧 획득,Dijiang : gagner des crédits,Dijiang: Credits verdienen,Dijiang: ottenere Crediti,Dijiang: Ganar créditos,Dijiang: Ganhando Créditos,Дицзян: получение кредитов,ตี้​เจียง​: การ​รับ​เครดิต,Dijiang: Kiếm Tín Dụng,Dijiang: Kredit Pendapatan
帝江号 - 赠送礼物,帝江號 - 贈送禮物,Dijiang: Gifting Operators,"<p=""ディージャンごう"" padding=0>帝江号</p> - プレゼント",제강호 - 선물 증정,Dijiang : cadeaux aux opérateurs,Dijiang: Operatoren beschenken,Dijiang: regali agli operatori,Dijiang: obsequios a operadores,Dijiang: Presenteando Operadores,Дицзян: подарки оперативникам,ตี้​เจียง​: การ​มอบ​ของขวัญ​ให้​โอเปอเรเตอร์,Dijiang: Tặng Quà Cán Viên,Dijiang: Memberikan Hadiah kepada Operator
帝江号 - 培养舱,帝江號 - 培養艙,Dijiang: Growth Chamber,"<p=""ディージャンごう"" padding=0>帝江号</p> - 培養室",제강호 - 재배실,Dijiang : chambre de culture,Dijiang: Wachstumskammer,Dijiang: camera di coltivazione,Dijiang: Cámara de crecimiento,Dijiang: Câmara de Crescimento,Дицзян: инкубационный отсек,ตี้​เจียง​: ห้อง​เพาะเลี้ยง,Dijiang: Buồng Phát Triển,Dijiang: Ruang Pertumbuhan
帝江号 - 培养舱提取基核,帝江號 - 培養艙提取基核,Dijiang: Growth Chamber Seed Extraction,"<p=""ディージャンごう"" padding=0>帝江号</p> - 培養室で基核を抽出",제강호 - 재배실에서 재배 코어 추출,Dijiang : extraction de graines de la chambre de culture,Dijiang: Wachstumskammer-Saatgewinnung,Dijiang: estrazione di semi per la camera di coltivazione,Dijiang: Extracción de semillas de la cámara de crecimiento,Dijiang: Extração de Sementes da Câmara de Crescimento,Дицзян: извлечение семян для инкубационного отсека,ตี้​เจียง​: การ​แยก​เมล็ดพันธุ์​ใน​ห้อง​เพาะเลี้ยง,Dijiang: Chiết Xuất Hạt Giống Buồng Phát Triển,Dijiang: Ekstraksi Benih Ruang Pertumbuhan
帝江号 - 制造舱,帝江號 - 製造艙,Dijiang: Manufacturing Cabin,"<p=""ディージャンごう"" padding=0>帝江号</p> - 製造室",제강호 - 제조실,Dijiang : cabine de fabrication,Dijiang: Herstellungskabine,Dijiang: cabina di produzione,Dijiang: Cabina de manufactura,Dijiang: Cabine de Manufatura,Дицзян: производственный отсек,ตี้​เจียง​: ห้อง​ผลิต​ประกอบ,Dijiang: Khoang Sản Xuất,Dijiang: Kabin Manufaktur
帝江号 - 制造舱制造方案,帝江號 - 製造艙製造方案,Dijiang: Manufacturing Plan,"<p=""ディージャンごう"" padding=0>帝江号</p> - 製造室の製造計画",제강호 - 제조실 제작 계획,Dijiang : plan de fabrication,Dijiang: Herstellungsplan,Dijiang: piano di produzione,Dijiang: Plan de manufactura,Dijiang: Plano de Manufatura,Дицзян: план производства,ตี้​เจียง​: แผนการ​ผลิต,Dijiang: Kế Hoạch Sản Xuất,Dijiang: Bagan Manufaktur
帝江号 - 干员进驻,帝江號 - 幹員進駐,Dijiang: Operator Assignments,"<p=""ディージャンごう"" padding=0>帝江号</p> - オペレーターの配属",제강호 - 오퍼레이터 배치,Dijiang : affectations des opérateurs,Dijiang: Operator-Zuweisungen,Dijiang: assegnazione degli operatori,Dijiang: Asignación de operadores,Dijiang: Atribuição de Operadores,Дицзян: назначение оперативников,ตี้​เจียง​: การมอบหมาย​ภาระ​งาน​โอเปอเรเตอร์,Dijiang: Phân Công Cán Viên,Dijiang: Penugasan Operator
帝江号 - 干员联络台,帝江號 - 幹員聯絡台,Dijiang: Operator Contact Panel,"<p=""ディージャンごう"" padding=0>帝江号</p> - 連絡カウンター",제강호 - 오퍼레이터 호출 패널,Dijiang : panneau de contact des opérateurs,Dijiang: Operator-Kontakt-Bedienfeld,Dijiang: pannello di contatto operatore,Dijiang: panel de contacto con operador,Dijiang: Painel de Contato do Operador,Дицзян: панель вызова оперативника,ตี้​เจียง​: แผง​ติดต่อ​โอเปอเรเตอร์,Dijiang: Bảng Liên Lạc Cán Viên,Dijiang: Panel Kontak Operator
帝江号 - 干员状态变化,帝江號 - 幹員狀態變化,Dijiang: Operator Status Changes,"<p=""ディージャンごう"" padding=0>帝江号</p> - オペレーターの体力",제강호 - 오퍼레이터 상태 변화,Dijiang : changement de statut des opérateurs,Dijiang: Operator-Statusveränderungen,Dijiang: cambiamenti allo stato dell'operatore,Dijiang: Cambios de estado del operador,Dijiang: Alterações de Status do Operador,Дицзян: состояние оперативников,ตี้​เจียง​: เปลี่ยน​สถานะ​โอเปอเรเตอร์,Dijiang: Thay Đổi Trạng Thái Cán Viên,Dijiang: Perubahan Status Operator
帝江号 - 干员信赖度,帝江號 - 幹員信賴值,Dijiang: Operator Trust,"<p=""ディージャンごう"" padding=0>帝江号</p> - オペレーターの信頼度",제강호 - 오퍼레이터 신뢰도,Dijiang : confiance des opérateurs,Dijiang: Operator-Vertrauen,Dijiang: fiducia degli operatori,Dijiang: Confianza de operador,Dijiang: Confiança do Operador,Дицзян: доверие оперативников,ตี้​เจียง​: ความไว้วางใจ​ของ​โอเปอเรเตอร์,Dijiang: Tín Nhiệm Cán Viên,Dijiang: Kepercayaan Operator
帝江号 - 留声机MKV-I,帝江號 - 留聲機MKV-I,Dijiang: Phonograph MKV-I,"<p=""ディージャンごう"" padding=0>帝江号</p> - レコードプレーヤーMKV-Ⅰ",제강호 - 음성 기록 장치 MKV-I,Dijiang : phonographe MKV-I,Dijiang: Phonograph MKV-1,Dijiang: Fonografo MKV-1,Dijiang: Fonógrafo MKV-I,Dijiang: Fonógrafo MKV-I,«Дицзян»: фонограф MKV-I,ตี้​เจียง​: เครื่องเล่น​แผ่นเสียง​ MKV-I,Dijiang: Máy Hát MKV-I,Dijiang: Fonograf MKV-I
帝江号 - 会客室展示区,帝江號 - 會客室展示區,Dijiang: Reception Room Display Section,"<p=""ディージャンごう"" padding=0>帝江号</p> - 応接室展示スペース",제강호 - 응접실 전시 구역,Dijiang : section d'exposition de la salle de réception,Dijiang: Ausstellungssektor des Empfangs,Dijiang: Sezione espositiva nella sala di ricevimento,Dijiang: área de exhibición de la sala de recepción,Dijiang: Seção de Exposição da Sala da Recepção,Дицзян: выставочная секция в приемной,ตี้​เจียง​: ส่วน​จัดแสดง​ห้อง​รับรอง​แขก,Dijiang: Khu Trưng Bày Phòng Tiếp Khách,Dijiang: Bagian Pajang Ruang Resepsionis
帝江号 - 会客室访客终端,帝江號 - 會客室訪客終端,Dijiang: Reception Room Guest Terminal,"<p=""ディージャンごう"" padding=0>帝江号</p> - 応接室訪問端末",제강호 - 응접실 방문자 단말기,Dijiang : terminal des visiteurs de la salle de réception,Dijiang: Besucherterminal des Empfangs,Dijiang: terminale ospiti nella sala di ricevimento,Dijiang: terminal de invitados de la sala de recepción,Dijiang: Terminal de Visitantes da Sala da Recepção,Дицзян: гостевой терминал в приемной,ตี้​เจียง​: เทอร์​มิ​นัล​สำหรับ​ผู้มาเยือน​ของ​ห้อง​รับรอง​แขก,Dijiang: Thiết Bị Liên Lạc Khách Phòng Tiếp Khách,Dijiang: Terminal Tamu Ruang Resepsionis
帝江号 - 静滞核心,帝江號 - 靜滯核心,Dijiang: Stasis Core,"<p=""ディージャンごう"" padding=0>帝江号</p> - 静止中枢",제강호 - 정적 핵심,Dijiang : noyau de stase,Dijiang: Stasiskern,Dijiang: nucleo di stasi,Dijiang: Núcleo de estasis,Dijiang: Núcleo de Estase,Дицзян: стазисное ядро,ตี้​เจียง​: แกน​เสถียร,Dijiang: Lõi Ngưng Kết,Dijiang: Inti Stasis
帝江号 - 物资调度终端,帝江號 - 物資調度終端,Dijiang: Stock Redistribution Terminal,"<p=""ディージャンごう"" padding=0>帝江号</p> - 商品取引端末",제강호 - 물자 관리 단말기,Dijiang : terminal du magasin de redistribution,Dijiang: Vorratneuverteilungsterminal,Dijiang: terminale di ridistribuzione scorte,Dijiang: Terminal de redistribución de existencias,Dijiang: Terminal de Redistribuição do Estoque,Дицзян: терминал перераспределения резервов,ตี้​เจียง​: เทอร์​มิ​นัล​ศูนย์​กระจาย​ของ,Dijiang: Trạm Điều Phối Vật Tư,Dijiang: Terminal Redistribusi Stok
帝江号 - 传送台,帝江號 - 傳送台,Dijiang: TP Platform,"<p=""ディージャンごう"" padding=0>帝江号</p> - 転送台",제강호 - 전송대,Dijiang : plateforme TP,Dijiang: TP-Plattform,Dijiang: piattaforma TP,Dijiang: Plataforma de TP,Dijiang: Plataforma de TP,Дицзян: платформа ТП,ตี้​เจียง​: แพลตฟอร์ม​ TP,Dijiang: Nền Tảng Dịch Chuyển,Dijiang: Platform TP
帝江号 - 待建舱室,帝江號 - 待建造艙室,Dijiang: Unconstructed Cabin,"<p=""ディージャンごう"" padding=0>帝江号</p> - 建造待ち",제강호 - 건설대기 선실,Dijiang : cabine non construite,Dijiang: Nicht gebaute Kabine,Dijiang: cabine non costruite,Dijiang: Cabina sin construir,Dijiang: Cabine Não Construída,Дицзян: непостроенный отсек,ตี้​เจียง​: ห้อง​ที่​ยัง​ไม่ได้​ก่อสร้าง,Dijiang: Khoang Chưa Xây Dựng,Dijiang: Kabin yang Belum Dibangun
帝江号 - 预留区,帝江號 - 預留區,Dijiang: Under Maintenance Area,"<p=""ディージャンごう"" padding=0>帝江号</p> - 予備スペース",제강호 - 미배정 구역,Dijiang : zone en cours de maintenance,Dijiang: Wartungsbereich,Dijiang: area in manutenzione,Dijiang: Área en mantenimiento,Dijiang: Área em Manutenção,Дицзян: зона на обслуживании,ตี้​เจียง​: พื้นที่​ระหว่าง​การ​บำรุงรักษา,Dijiang: Khu Vực Đang Bảo Trì,Dijiang: Area dalam Pemeliharaan
帝江号 - 拜访好友,帝江號 - 拜訪好友,Dijiang: Visiting Friends,"<p=""ディージャンごう"" padding=0>帝江号</p> - フレンド訪問",제강호 - 친구 방문,Dijiang : visites amicales,Dijiang: Freunde besuchen,Dijiang: fare visita ad amici,Dijiang: Visitar amigos,Dijiang: Visitando Amigos,Дицзян: посещение друзей,ตี้​เจียง​: การ​ไป​เยี่ยมเยียน​เพื่อน,Dijiang: Thăm Bạn Bè,Dijiang: Mengunjungi Teman
向晚,向晚,Dipping Sun,夕暮,해 질 녘,Soleil couchant,Eintauchende Sonne,Sole morente,Sol poniente,Sol Poente,Закатное солнце,ตะวัน​คล้อย,Mặt Trời Lặn,Matahari Terbenam
受灾者的求生经历,受災者的求生經歷,Disaster Victims' Attempts of Survival,被災者たちの生存記録,피해자들의 생존 기록,Tentatives de survie des victimes du désastre,Überlebensversuche der Katastrophenopfer,Tentativi di sopravvivenza,Intentos de supervivencia de víctimas del desastre,Tentativas de Sobrevivência das Vítimas do Desastre,Попытки пострадавших выжить,ความพยายาม​เอาชีวิต​รอด​ของ​ผู้ประสบภัย,Những Nỗ Lực Sinh Tồn Của Các Nạn Nhân Thảm Họa,Upaya Selamat Korban Bencana
游戏发现者,遊戲發現者,Discoverer of Games,ゲーム発見者,게임 발견자,Découverte de jeux,Spiele-Entdecker,A caccia di giochi,Explorador de juegos,Descobridor de Jogos,Первооткрыватель игр,ผู้ค้นพบ​เกม,Người Khám Phá Trò Chơi,Penemu Game
有关模拟天灾的探讨,有關模擬天災的探討,Discussions about Catastrophe Simulation,模擬天災に関する考察,재앙 시뮬레이션에 대한 논의,Discussions sur la simulation de catastrophes,Diskussionen über Katastrophensimulation,Discussioni sulla simulazione di catastrofi,Discusiones sobre Simulación de catástrofe,Discussões sobre Simulação de Catástrofes,Обсуждение симуляции катастрофы,การหารือ​เกี่ยวกับ​การจำลอง​ภัยพิบัติ,Thảo luận về Mô Phỏng Thảm Họa,Diskusi tentang Simulasi Petaka
净化,淨化,Dispel,浄化,정화,Dissipation,Aufheben,Dissoluzione,Disipar,Dissipar,Развеивание,ขจัด,Xua Tan,Dispel
扭曲的钥匙,扭曲的鑰匙,Distorted Key,ねじ曲がった鍵,휘어진 열쇠,Clé déformée,Ramponierter Schlüssel,Chiave deformata,Llave deformada,Chave Distorcida,Искривленный ключ,กุญแจ​ที่​บิดเบี้ยว,Chìa Khóa Biến Dạng,Kunci Bengkok
闪避,閃避,Dodge,回避,회피,Esquive,Ausweichen,Schivata,Esquivar,Desviar,Уклонение,หลบ,Né,Menghindar
工人之家商人,工人之家商人,dorm_trade,労働者の家商人,노동자의 집 상인,Marchand du dortoir,Wohnheim-Händler,Mercante del dormitorio,comerciante de casa de trabajadores,Comerciante do Dormitório,торговец рабочего общежития,พ่อค้าหอพัก,Thương Nhân Ký Túc Xá,Pedagang Asrama
介绍词草稿,介紹詞草稿,Draft of an Introduction,紹介文の下書き,소개문 초안,Brouillon de présentation,Entwurf für eine Vorstellung,Bozza di introduzione,Borrador de una presentación,Rascunho de uma Apresentação,Черновик приветственной речи,ร่าง​คำกล่าว​ต้อนรับ,Bản nháp giới thiệu,Draf Perkenalan
沧溟星梦,滄溟星夢,Dreams of the Starry Beach,蒼星の囁き,바다와 별의 꿈,Rêves de plage étoilée,Träume vom Sternenstrand,Sogni di una spiaggia piena di stelle,Sueños de la playa estrellada,Sonhos da Praia Estrelada,Мечта о звездном береге,ความฝัน​แห่ง​ชายหาด​ที่​เต็มไปด้วย​ดวงดาว,Giấc Mộng Biển Sao,Dreams of the Starry Beach
鳞肉干,鱗肉乾,Dried Fin,干し鱗獣肉,린수 육포,Ailette séchée,Getrockneter Flössler,Pinna essiccata,Aleta seca,Barbatana Seca,Сушеный водоплав,ปลา​แห้ง,Cánh Khô,Ikan Kering
沉沉掩水,Drowned in Depth,Drowned in Depth,Drowned in Depth,Drowned in Depth,Drowned in Depth,Drowned in Depth,Drowned in Depth,Drowned in Depth,Drowned in Depth,Drowned in Depth,Drowned in Depth,Drowned in Depth,Drowned in Depth
电子档案,電子檔案,E-Files,デジタルファイル,전자 파일,Dossiers électroniques,E-Dateien,E-File,Archivos E,Arquivos Eletrônicos,Эл. файлы,ไฟล์​อิเล็กทรอนิกส์,Hồ Sơ-E,E-File
兴冲冲的留言,興沖沖的留言,Eager Message,うれしそうなメモ,신이 난 메시지,Message impatient,Aufgeregte Nachricht,Messaggio impaziente,Mensaje entusiasta,Mensagem Ansiosa,Нетерпеливое сообщение,ข้อความ​ที่​กระตือรือร้น,Tin Nhắn Hào Hứng,Pesan Penuh Semangat
东谷遗迹,東谷遺跡,East Gorge Ruins,谷東の遺跡,동쪽 골짜기 유적,Ruines de la gorge orientale,Ostschluchtruine,Rovine della gola est,Ruinas del desfiladero este,Ruínas do Desfiladeiro Leste,Руины восточного ущелья,ซาก​โบราณ​หุบเขา​ตะวันออก,Phế Tích Hẻm Núi Phía Đông,Reruntuhan Ngarai Timur
东部通道,東部通道,Eastern Passageway,東通路,동쪽 통로,Passage oriental,Östlicher Durchgang,Passaggio a est,Pasillo del Este,Passagem Leste,Восточный путь,ทางเดิน​ฝั่ง​ตะวันออก,Lối Mòn Phía Đông,Jalan Lintas Timur
便捷存取站,便利存取站,Easy Stash,倉庫中継ボックス,간편 보관소,Coffre partagé,Einfaches Lager,Scorta facile,Reserva fácil,Reserva Fácil,Легкий запасник,คลัง​สุด​สะดวก,Lưu Trữ Thuận Tiện,Simpanan Mudah
便捷存取站 - 一,便利存取站 - 一,Easy Stash (1),倉庫中継ボックス - 1,간편 보관소 - 1,Coffre partagé (1),Einfaches Lager (1),Scorta facile (1),Reserva fácil (1),Reserva Fácil (1),Легкий запасник (1),คลัง​สุด​สะดวก​ (1),Lưu Trữ Thuận Tiện (1),Simpanan Mudah (1)
便捷存取站 - 二,便利存取站 - 二,Easy Stash (2),倉庫中継ボックス - 2,간편 보관소 - 2,Coffre partagé (2),Einfaches Lager (2),Scorta facile (2),Reserva fácil (2),Reserva Fácil (2),Легкий запасник (2),คลัง​สุด​สะดวก​ (2),Lưu Trữ Thuận Tiện (2),Simpanan Mudah (2)
便捷存取站模板,便利存取站模板,Easy Stash Template,倉庫中継ボックスの設計図,간편 보관소 템플릿,Modèle de coffre partagé,Vorlage: Einfaches Lager,Schema: scorta facile,Molde de la Reserva fácil,Gabarito de Reserva Fácil,Шаблон легкого запасника,เทม​เพล​ต​คลัง​สุด​สะดวก,Mẫu Kho Lưu Trữ Thuận Tiện,Templat Simpanan Mudah
便捷工具 - 爆炸物,便捷工具 - 爆炸物,Easy Tools: Bomb,探索ツール - 爆発物,간편 도구 - 폭발물,Outils simplifiés : bombe,Einfache Werkzeuge: Bombe,Strumenti rapidi: bomba,Herramientas sencillas: Bomba,Ferramentas Práticas: Bomba,Простые инструменты: взрывчатка,เครื่องมือ​อย่าง​ง่าย​: ระเบิด,Công Cụ Tiện Lợi: Bom,Alat Praktis: Bom
便捷工具 - 拍照,便捷工具 - 拍照,Easy Tools: Camera,探索ツール - 写真撮影,간편 도구 - 촬영,Outils simplifiés : appareil photo,Einfache Werkzeuge: Kamera,Strumenti rapidi: fotocamera,Herramientas sencillas: Cámara,Ferramentas Práticas: Câmera,Простые инструменты: камера,เครื่องมือ​อย่าง​ง่าย​: กล้อง,Công Cụ Tiện Lợi: Camera,Alat Praktis: Kamera
便捷工具 - 盛装,便捷工具 - 盛裝,Easy Tools: Fill,探索ツール - 充填,간편 도구 - 담기,Outils simplifiés : remplissage,Einfache Werkzeuge: Füllen,Strumenti rapidi: riempimento,Herramientas sencillas: Llenar,Ferramentas Práticas: Encher,Простые инструменты: наполнение,เครื่องมือ​อย่าง​ง่าย​: เติม,Công Cụ Tiện Lợi: Rót,Alat Praktis: Isi
便捷工具 - 扫描,便捷工具 - 掃描,Easy Tools: Scan,探索ツール - スキャン,간편 도구 - 스캔,Outils simplifiés : analyser,Einfache Werkzeuge: Scannen,Strumenti rapidi: scansione,Herramientas sencillas: Escanear,Ferramentas Práticas: Varredura,Простые инструменты: сканирование,เครื่องมือ​อย่าง​ง่าย​: สแกน,Công Cụ Tiện Lợi: Quét,Alat Praktis: Pindai
便捷工具 - 喷洒,便捷工具 - 噴灑,Easy Tools: Spray,探索ツール - 噴射,간편 도구 - 분사,Outils simplifiés : vaporisateur,Einfache Werkzeuge: Spray,Strumenti rapidi: spray,Herramientas sencillas: Rociar,Ferramentas Práticas: Pulverizar,Простые инструменты: разбрызгивание,เครื่องมือ​อย่าง​ง่าย​: สเปรย์,Công Cụ Tiện Lợi: Phun,Alat Praktis: Semprot
岩石密语,Echoes in the Rock,Echoes in the Rock,Echoes in the Rock,Echoes in the Rock,Echoes in the Rock,Echoes in the Rock,Echoes in the Rock,Echoes in the Rock,Echoes in the Rock,Echoes in the Rock,Echoes in the Rock,Echoes in the Rock,Echoes in the Rock
坠玉盘,Echoes on a Jade Plate,Echoes on a Jade Plate,Echoes on a Jade Plate,Echoes on a Jade Plate,Echoes on a Jade Plate,Echoes on a Jade Plate,Echoes on a Jade Plate,Echoes on a Jade Plate,Echoes on a Jade Plate,Echoes on a Jade Plate,Echoes on a Jade Plate,Echoes on a Jade Plate,Echoes on a Jade Plate
回响尘埃,迴響塵埃,Echoing Dust,回響の塵埃,메아리의 먼지,Poussière résonnante,Echo-Staub,Polvere echeggiante,Polvo resonante,Poeira Ecoante,Пыль памяти,ฝุ่น​ก้องกังวาน,Bụi Vang Vọng,Debu Bergema
回响秘剂,迴響秘劑,Echoing Remedy,回響の秘薬,메아리의 비약,Remède résonnant,Echo-Heilmittel,Rimedio echeggiante,Remedio de eco,Remédio Ecoante,Памятное средство,ยา​รักษา​สะท้อน​เสียง,Thuốc Vang Vọng,Ramuan Bergema
生态种植区,生態種植區,Eco-Farm,栽培場,생태 재배 구역,Écoferme,Öko-Farm,Ecofattoria,Granja ecológica,Fazenda Ecológica,Экоферма,ฟาร์ม​อี​โ​ค่,Nông Trại Sinh Thái,Ladang Ramah Lingkungan
生态实验站,生態實驗站,Ecological Research Station,生態研究所,생태 실험실,Station de recherche écologique,Ökologische Forschungsstation,Stazione di ricerca ecologica,Estación de investigación ecológica,Estação de Pesquisa Ecológica,Станция экологических исследований,สถานี​วิจัย​นิเวศวิทยา,Trạm Nghiên Cứu Sinh Thái,Stasiun Penelitian Ekologi
可食用巢雕,可食用巢雕,Edible Denstack,巣彫風味ソース,식용 지옥의 용광로,Flambe comestible,Essbarer Denstack,Catasta commestibile,Denstack comestible,Molho com Agagrito,Съедобная гнилотруба,เดน​ส​แ​ท็​ค​กิน​ได้,Lò Đốt Ăn Được,Denstack Layak Makan
高效息壤,高效息壤,Efficient Xiranite,息壌効率化,고효율 식양,Xiranite efficace,Effizientes Xiranit,Xiranite efficiente,Xiranita eficiente,Xiranita Eficiente,Эффективный ксиранит,ซี​เรน​ไนต์​ประสิทธิภาพ​สูง,Xiranite Hiệu Quả,Xiranite Efisien
肖像天使,肖像天使,Effigy,擬態アンゲロス,형상아겔로스,Effigie,Steingolem,Effige,Efigie,Efígie,Пугало,รูปจำลอง,Quái Tượng,Effigy
弹性需求物资,彈性需求物資,Elastic Goods,時価商品,변동 수요 물자,Produits élastiques,Elastische Waren,Beni elastici,Mercancía elástica,Mercadorias elásticas,Товары с эластичным спросом,สินค้า​ยืดหยุ่น,Vật Tư Biến Động,Barang Fluktuatif
电驱矿机,電驅礦機,Electric Mining Rig,電動採鉱機,전동 채굴기,Plateforme d'extraction électrique,Elektrische Abbauanlage,Impianto di estrazione elettrico,Plataforma de minería eléctrica,Sonda de Mineração Elétrica,Добывающая ЭУ,แท่น​ขุด​เหมือง​ไฟฟ้า,Giàn Khai Thác Điện,Rig Tambang Elektrik
二型电驱矿机,電驅礦機II,Electric Mining Rig Mk II,電動採鉱機Ⅱ,전동 채굴기 II,Plateforme d'extraction électrique V2,Elektrische Abbauanlage Mk II,Impianto di estrazione elettrico v2,Plataforma de minería eléctrica Mk II,Sonda de Mineração Elétrica Mk II,Добывающая ЭУ Mk II,แท่น​ขุด​เหมือง​ไฟฟ้า​ Mk II,Giàn Khai Thác Điện Mk II,Rig Tambang Elektrik Mk II
二型电驱矿机模板,電驅礦機II模板,Electric Mining Rig Mk II Template,電動採鉱機Ⅱの設計図,전동 채굴기 II 템플릿,Modèle de plateforme d'extraction électrique V2,Vorlage: Elektrische Abbauanlage Mk II,Schema: impianto di estrazione elettrico v2,Molde de la Plataforma de minería eléctrica Mk II,Gabarito de Sonda de Mineração Elétrica Mk II,Шаблон добывающей электроустановки Mk II,เทม​เพล​ต​แท่น​ขุด​เหมือง​ไฟฟ้า​ Mk II,Mẫu Giàn Khai Thác Điện Mk II,Templat Rig Tambang Elektrik Mk II
电驱矿机模板,電驅礦機模板,Electric Mining Rig Template,電動採鉱機の設計図,전동 채굴기 템플릿,Modèle de plateforme d'extraction électrique,Vorlage: Elektrische Abbauanlage,Schema: impianto di estrazione elettrico,Molde de la Plataforma de minería eléctrica,Gabarito de Sonda de Mineração Elétrica,Шаблон добывающей электроустановки,เทม​เพล​ต​แท่น​ขุด​เหมือง​ไฟฟ้า,Mẫu Giàn Khai Thác Điện,Templat Rig Tambang Elektrik
电驱矿机 - 无线传输模式,電驅礦機 - 無線傳輸模式,Electric Mining Rig: Belt-free Transfer,電動採鉱機 - 無線転送モード,전동 채굴기 - 무선 전송 모드,Plateforme d'extraction électrique : transfert sans courroie,Elektrische Abbauanlage: Übertragung ohne Band,Impianto di estrazione elettrico: trasporto senza nastro,Plataforma de minería eléctrica: Transferencia sin cinta,Sonda de Mineração Elétrica: Transferência sem esteira,Добывающая электроустановка: безленточный трансфер,แท่น​ขุด​เหมือง​ไฟฟ้า​: การขนส่ง​ไร้สาย​พาน,Giàn Khai Thác Điện: Vận Chuyển Không Cần Băng Tải,Rig Tambang Elektrik: Transfer Tanpa Sabuk
供电终端,供電終端,Electric Nexus,給電端末,전력 단말기,Nœud électrique,Elektrischer Nexus,Nexus elettrico,Nexus eléctrico,Nexus Elétrico,Электрический нексус,เ​น็​ก​ซัส​ไฟฟ้า,Trạm Điện Đầu Cuối,Nexus Listrik
供电桩,供電樁,Electric Pylon,送電スタンド,전력 공급기,Pylône électrique,Strommast,Traliccio elettrico,Atalaya eléctrica,Poste de Eletricidade,Электрический пилон,หลัก​เสาไฟฟ้า,Cột Điện,Tiang Listrik
供电桩模板,供電樁模板,Electric Pylon Template,送電スタンドの設計図,전력 공급기 템플릿,Modèle de pylône électrique,Vorlage: Strommast,Schema: traliccio elettrico,Molde de la Atalaya eléctrica,Gabarito de Poste de Eletricidade,Шаблон электрического пилона,เทม​เพล​ต​หลัก​เสาไฟฟ้า,Mẫu Cột Điện,Templat Tiang Listrik
供电桩与设备供电 - 一,供電樁與設備供電 - 一,Electric Pylon: Power Supply (1),送電スタンドと電力供給 - 1,전력 공급기와 설비 전력 공급 - 1,Pylône électrique : alimentation électrique (1),Strommast: Energieversorgung (1),Traliccio elettrico: alimentazione (1),Atalaya eléctrica: Suministro de energía (1),Poste de Eletricidade: Suprimento de Energia (1),Электрический пилон: энергоснабжение (1),หลัก​เสาไฟฟ้า​: การ​จ่าย​พลังงาน​ (1),Cột Điện: Cung Cấp Điện (1),Tiang Listrik: Aliran Listrik (1)
供电桩与设备供电 - 二,供電樁與設備供電 - 二,Electric Pylon: Power Supply (2),送電スタンドと電力供給 - 2,전력 공급기와 설비 전력 공급 - 2,Pylône électrique : alimentation électrique (2),Strommast: Energieversorgung (2),Traliccio elettrico: alimentazione (2),Atalaya eléctrica: Suministro de energía (2),Poste de Eletricidade: Suprimento de Energia (2),Электрический пилон: энергоснабжение (2),หลัก​เสาไฟฟ้า​: การ​จ่าย​พลังงาน​ (2),Cột Điện: Cung Cấp Điện (2),Tiang Listrik: Aliran Listrik (2)
供电桩输电 - 一,供電樁輸電 - 一,Electric Pylon: Power Transmission (1),電力輸送 - 1,전력 공급기 송전 - 1,Pylône électrique : transmission de courant (1),Strommast: Energieübertragung (1),Traliccio elettrico: trasmissione di corrente (1),Atalaya eléctrica: transmisión de energía (1),Poste de Eletricidade: Transmissão de Energia (1),Электрический пилон: передача энергии (1),หลัก​เสาไฟฟ้า​: การ​ส่ง​พลังงาน​ (1),Cột Điện: Truyền Điện (1),Tiang Listrik: Transmisi Daya (1)
供电桩输电 - 二,供電樁輸電 - 二,Electric Pylon: Power Transmission (2),電力輸送 - 2,전력 공급기 송전 - 2,Pylône électrique : transmission de courant (2),Strommast: Energieübertragung (2),Traliccio elettrico: trasmissione di corrente (2),Atalaya eléctrica: transmisión de energía (2),Poste de Eletricidade: Transmissão de Energia (2),Электрический пилон: передача энергии (2),หลัก​เสาไฟฟ้า​: การ​ส่ง​พลังงาน​ (2),Cột Điện: Truyền Điện (2),Tiang Listrik: Transmisi Daya (2)
供电设备零件,供電設備零件,Electrical Supply Part,電力供給設備部品,전력 공급 설비 부품,Pièce d'alimentation électrique,Elektro-Versorgungsteil,Componente di alimentazione,Pieza de suministro eléctrico,Peça de Suprimento Elétrico,Запасной электрический компонент,ชิ้นส่วน​จ่ายไฟ​ฟ้า,Mảnh Cung Cấp Điện,Bagian Pasokan Listrik
甲二型“电荷”,甲二型「電荷」,Electrocharger Model A-2,甲二型「電荷」,갑2형 '전하',Électrochargeur de type A-2,Elektro-Ladegerät Modell A-2,Caricatore elettrico modello A-2,Electrocargador Modelo A-2,Carregador Elétrico Modelo A-2,Электрозарядник модели А-2,เครื่อง​ชาร์จ​ไฟ​ รุ่น​ A-2,Bộ Nạp Điện Mẫu A-2,Electrocharger Model A-2
甲二型“电荷”模板,甲二型「電荷」模板,Electrocharger Model A-2 Template,甲二型「電荷」の設計図,갑2형 '전하' 템플릿,Modèle d'électrochargeur de type A-2,Vorlage: Elektro-Ladegerät Modell A-2,Schema: caricatore elettrico modello A-2,Molde de Electrocargador Modelo A-2,Gabarito de Carregador Elétrico Modelo A-2,Шаблон электрозарядника модели А-2,เทม​เพล​ต​เครื่อง​ชาร์จ​ไฟ​ รุ่น​ A-2,Mẫu Bộ Nạp Điện Mẫu A-2,Templat Electrocharger Model A-2
初级认知载体,初級認知載體,Elementary Cognitive Carrier,初級認識媒体,초급 인지 매개체,Support cognitif de base,Grundlegender kognitiver Datenträger,Vettore cognitivo elementare,Portador Cognitivo Elemental,Portador Cognitivo Elementar,Базовый когнитивный носитель,บันทึก​ประสาท​การรับรู้​เบื้องต้น,Vật Chứa Nhận Thức Sơ Cấp,Unit Kognitif Dasar
初级作战记录,初級作戰紀錄,Elementary Combat Record,初級作戦記録,초급 작전 기록,Archives de combat de base,Grundlegende Kampfaufzeichnung,Registrazione di combattimenti di base,Registro de Combate básico,Registro de Combate Elementar,Базовые записи боя,บันทึก​การต่อสู้​ขั้นพื้นฐาน,Hồ Sơ Chiến Đấu Sơ Cấp,Rekaman Pertarungan Dasar
精英化,精英化,Elite,昇進,정예화,Élite,Elite,Élite,Élite,Elite,Элит.,ระดับสูง​,Tinh Anh,Elite
精锐伏击射手,精銳伏擊射手,Elite Ambusher,潜伏狙撃手・精鋭,저격수 · 정예,Embusqueur d'élite,Elite-Wegelagerer,Tendi-agguati d'élite,Emboscador de élite,Emboscador de Elite,Элитный налетчик,นัก​ซุ่ม​โจมตี​ระดับสูง,Quái Phục Kích Tinh Anh,Elite Ambusher
精锐行刑人,精銳行刑人,Elite Executioner,処刑人・精鋭,처형자 · 정예,Exécuteur d'élite,Elite-Henker,Boia d'élite,Ejecutor de élite,Carrasco de Elite,Элитный палач,เพชฌฆาต​ระดับสูง,Đao Phủ Tinh Anh,Elite Executioner
精锐劫掠者,精銳劫掠者,Elite Raider,略奪者・精鋭,약탈자 · 정예,Pillard d'élite,Elite-Plünderer,Predone d'élite,Asaltante de élite,Invasor de Elite,Элитный захватчик,นัก​ปล้น​ระดับสูง,Đạo Tặc Tinh Anh,Elite Raider
精锐撕裂牙兽,精銳撕裂牙獸,Elite Ripptusk,凶猛牙獣・精鋭,립터스크 · 정예,Lycarne d'élite,Elite-Reißbestie,Sanguizanna d'élite,Colmillo desgarrador de élite,Rasga-Presas de Elite,Элитный рваноклык,ริ​ปทัส​ค์​ระดับสูง,Ripptusk Tinh Anh,Elite Ripptusk
余烬,餘燼,Ember,エンバー,엠버,Ember,Ember,Ember,Ember,Ember,Эмбер,เอ็ม​เบอร์,Ember,Ember
余烬的信物,餘燼的信物,Ember's Token,エンバーの印,엠버의 증표,Jeton d'Ember,Embers Token,Gettone di Ember,Ficha de Ember,Símbolo de Ember,Жетон Эмбер,โท​เคน​ของ​เอ็ม​เบอร์,Tín Vật của Ember,Token Ember
紧急广播记录,緊急廣播紀錄,Emergency Broadcast Log,緊急放送の記録,긴급 방송 기록,Journal de diffusion d'urgence,Notfallsendungslogbuch,Registro delle trasmissioni di emergenza,Registro de transmisión de emergencia,Log de Transmissão de Emergência,Журнал экстренного вещания,บันทึก​การ​ถ่ายทอดสด​ฉุกเฉิน,Nhật Ký Phát Sóng Khẩn Cấp,Log Siaran Darurat
应急联络仪,緊急聯絡儀,Emergency Comm,応急通信機,응급 통신기,Communicateur d'urgence,Notfall-Funkgerät,Trasmittente di emergenza,Comunicador de emergencia,Comunicador de Emergência,Аварийная рация,เครื่อง​สื่อสาร​ฉุกเฉิน,Máy Liên Lạc Khẩn Cấp,Komunikator Darurat
应急压缩核,緊急壓縮核,Emergency Compression Core,応急圧縮装置,응급 압축 장치,Noyau de compression d'urgence,Notfall-Kompressionskern,Nucleo di compressione di emergenza,Núcleo de compresión de emergencia,Núcleo de Compressão de Emergência,Аварийное ядро компрессии,แกน​บีบ​อัด​ฉุกเฉิน,Lõi Nén Khẩn Cấp,Inti Kompresi Darurat
应急侵入式医疗装具,緊急侵入式醫療裝具,Emergency Invasive Medical Kit,緊急侵襲型医療装具,응급 침습식 의료 장비,Trousse de secours invasive d'urgence,Notfall-Invasiv-Medikit,Kit medico invasivo d'emergenza,Kit médico invasivo de emergencia,Kit Médico Invasivo de Emergência,Аптечка для экстренного вмешательства,ชุด​เครื่องมือ​การแพทย์​แบบ​รุกล้ำ​ฉุกเฉิน,Bộ TBYT Xâm Nhập Khẩn Cấp,Kit Medis Invasif Darurat
应急维修套组,萬用維修組合,Emergency Repair Kit,応急メンテナンスキット,응급 수리 세트,Kit de réparation d'urgence,Notfall-Reparaturkit,Kit di riparazione d'emergenza,Kit de reparación de emergencia,Kit de Reparos de Emergência,Экстренный ремнабор,ชุด​เครื่องมือ​ซ่อมแซม​ฉุกเฉิน,Bộ Sửa Chữa Khẩn Cấp,Kit Perbaikan Darurat
应急理智加强剂,緊急理智加強劑,Emergency Sanity Booster,初級理性回復剤,응급 이성 강화제,Bonus de lucidité d'urgence,Verstandsverstärker für den Notfall,Potenziamento di Lucidità d'emergenza,Refuerzo de Cordura de emergencia,Potencializador de Sanidade de Emergência,Экстренный протектор рассудка,บู​สเตอ​ร์​ค่า​สติ​ฉุกเฉิน,Tăng Tỉnh Táo Khẩn Cấp,Booster Sanity Darurat
应急理智浓缩液,緊急理智濃縮液,Emergency Sanity Concentrate,上級理性回復剤,응급 이성 농축액,Concentré de lucidité d'urgence,Verstandskonzentrat für den Notfall,Concentrato di Lucidità d'emergenza,Concentrado de Cordura de emergencia,Concentrado de Sanidade de Emergência,Экстренный концентрат рассудка,น้ำยา​ค่า​สติ​ฉุกเฉิน​เข้มข้น,Tinh Chất Tỉnh Táo Khẩn Cấp,Konsentrat Sanity Darurat
应急理智小样,緊急理智樣品,Emergency Sanity Sample,試供理性回復剤,응급 이성 샘플,Échantillon de lucidité d'urgence,Verstandsdosis für den Notfall,Campione di Lucidità d'emergenza,Muestra de Cordura de emergencia,Amostra de Sanidade de Emergência,Экстренный образец рассудка,ตัวอย่าง​ค่า​สติ​ฉุกเฉิน,Mẫu Tỉnh Táo Khẩn Cấp,Sampel Sanity Darurat
显赫声名,顯赫聲名,Eminent Repute,輝かしき名声,위대한 이름,Réputation éminente,Untadeliger Ruf,Reputazione illustre,Alto prestigio,Reputação Eminente,Безупречная репутация,อี​มิ​เนน​ต์​เร​พิว​ท์,Danh Tiếng Lừng Lẫy,Eminent Repute
空的特殊采样试管,空的特殊採樣試管,Empty Sample Test Tube,空の特殊サンプル試験管,빈 특수 샘플 시험관,Tube à essai vide,Leeres Probenröhrchen,Provetta per campioni vuota,Tubo de ensayo para muestras vacío,Tubo de Ensaio Vazio para Amostras,Пустая пробирка для образца,หลอด​ทดลอง​เก็บตัว​อย่าง​เปล่า,Ống Nghiệm Mẫu Rỗng,Tabung Reaksi Sampel Kosong
加密的终末地箱子,加密的終末地箱子,Encrypted Endfield Crate,暗号化されたコンテナ,암호화된 엔드필드 상자,Caisse d'Endfield cryptée,Verschlüsselte Endfield-Kiste,Cassa Endfield protetta da crittografia,Caja encriptada de Endfield,Caixote da Endfield Criptografado,Зашифрованный ящик Endfield,ลัง​ Endfield เข้ารหัส,Thùng Mã Hóa Endfield,Kerat Endfield Berenkripsi
云·终末地,雲·終末地,Endfield Cloud,エンドフィールド・クラウド版,엔드필드 · 클라우드 버전,Endfield Cloud,Endfield Cloud,Endfield Cloud,Endfield Cloud,Endfield Cloud,Endfield Cloud,Endfield Cloud,Endfield Cloud,Endfield Cloud
终末地百科,終末地百科,Endfield Database (EFDB),エンドフィールドWiki,엔드필드 백과,Endfield Database (EFDB),Endfield-Datenbank (EFDB),Endfield Database (EFDB),Base de datos de Endfield (B.D.E.),Endfield Database (EFDB),База данных Endfield,ฐานข้อมูล​ Endfield (EFDB),Cơ Sở Dữ Liệu Endfield (CSDL Endfield),Endfield Database (EFDB)
终末地工业α,終末地工業α,Endfield Industries α,エンドフィールド工業α,엔드필드 공업 α,Industries Endfield α,Endfield Industries α,Endfield Industries α,Endfield Industries α,Endfield Industries α,Компания Endfield α,Endfield อิน​ดัส​ทรี​ส์​ α,Tập Đoàn Endfield α,Endfield Industries α
终末地工业β,終末地工業β,Endfield Industries β,エンドフィールド工業β,엔드필드 공업 β,Industries Endfield β,Endfield Industries β,Endfield Industries β,Endfield Industries β,Endfield Industries β,Компания Endfield β,Endfield อิน​ดัส​ทรี​ส์​ β,Tập Đoàn Endfield β,Endfield Industries β
管理员的信物,管理員的信物,Endministrator's Token,管理人の印,관리자의 증표,Jeton d'Endministrator,Token des Endministrators,Gettone dell'Endministrator,Ficha de Endministrator,Símbolo do Endministrator,Жетон Эндминистратора,โท​เคน​ของ​ Endministrator,Tín Vật của Endministrator,Token Endministrator
终点配额,終點配額,Endpoint Quota,高級配給,최후의 징표,Quota final,Endpunkt-Quote,Cedola avanzata,Cuota de Punto final,Cota de Endpoints,Премиум-талон,โควต้า​ปลายทาง,Giới Hạn Điểm Cuối,Kuota Titik Akhir
敌人,敵人,Enemy,敵,적,Ennemi,Gegner,Nemico,enemigo,Inimigo,враг,ศัตรู,Kẻ Địch,Musuh
敌人蓄力与打断,敵人蓄力與打斷,Enemy Charge Ups and Interruptions,敵のチャージと中断,적의 차지와 끊기,Charges et interruptions des ennemis,Gegnerisches Aufladen und Angriffsunterbrechungen,Nemici in carica e interruzioni,Cargas e interrupciones de enemigos,Carregamentos e Interrupções de Inimigos,Зарядка и прерывание врагов,การ​ชาร์จ​พลัง​ของ​ศัตรู​และ​การ​ขัดจังหวะ,Kẻ Địch Dồn Lực và Gián Đoạn,Pengisian Kekuatan Musuh dan Menyela Musuh
高能异香石,高能異香石,Energized Aggagrit,高能異香石,활성 상태의 이향석,Aggagrit stimulant,Energiegeladenes Aggagrit,Aggagrit energizzato,Aggagrit energizado,Agagrito Energizado,Заряженный аггагрит,แอก​กาก​ริต​ที่​ถูก​กระตุ้น,Aggagrit Năng Lượng,Aggagrit Berenergi
高能重岩残块,高能重岩殘塊,Energized Densolite Fragment,高能重岩の欠片,고에너지 바위 조각,Fragment de densolite énergisée,Energisiertes Densolit-Fragment,Frammento di densolite energizzata,Fragmento de Densolita Energizado,Fragmento de Densolita Energizado,Заряженный фрагмент плотнита,เศษ​เดน​โซ​ไลต์​กัก​พลังงาน,Mảnh Densolite Năng Lượng,Fragmen Densolite Berenergi
能量淤积点,能量淤積點,Energy Alluvium,超域活性点,에너지 응집점,Alluvion d'énergie,Energie-Alluvium,Sedimento energetico,Aluvión energético,Aluvião de Energia,Аллювий энергии,อัล​ลู​เวีย​ม​พลังงาน,Năng Lượng Bồi Tích,Aluvium Energi
能量淤积点 - 一,能量淤積點 - 一,Energy Alluvium (1),"<p=""ちょういき"" padding=0>超域</p>活性点 - 1",에너지 응집점 - 1,Alluvion d'énergie (1),Energie-Alluvium (1),Sedimento energetico (1),Aluvión energético (1),Aluvião de Energia (1),Аллювий энергии (1),อัล​ลู​เวีย​ม​พลังงาน​ (1),Năng Lượng Bồi Tích (1),Aluvium Energi (1)
能量淤积点 - 二,能量淤積點 - 二,Energy Alluvium (2),"<p=""ちょういき"" padding=0>超域</p>活性点 - 2",에너지 응집점 - 2,Alluvion d'énergie (2),Energie-Alluvium (2),Sedimento energetico (2),Aluvión energético (2),Aluvião de Energia (2),Аллювий энергии (2),อัล​ลู​เวีย​ม​พลังงาน​ (2),Năng Lượng Bồi Tích (2),Aluvium Energi (2)
能量捕获芯片,能量捕獲晶片,Energy Capture Chip,エネルギー捕獲チップ,에너지 수집 칩,Puce de capture d'énergie,Energiegewinnung-Chip,Chip della cattura energetica,Chip de captura de energía,Chip de Captura de Energia,Чип захвата энергии,ชิป​จับ​พลังงาน,Chip Thu Năng Lượng,Chip Perebutan Energi
蚀刻章展示,蝕刻章展示,Engraved Medal Displays,勲章展示,식각 훈장 전시,Affichage de médaille gravée,Ausstellung gravierter Medaillen,Espositori per medaglie incise,Exhibición de medallas grabadas,Exibições de Medalhas Gravadas,Отображение чеканных медалей,การแสดง​เหรียญ​สลัก,Hiển Thị Huy Chương Khắc,Pajangan Medali Ukir
环境监测终端,環境監測終端,ENV Monitoring,環境観測端末,환경 관측 단말기,Surveillance ENV,UMW-Überwachung,Monitoraggio AMB,Monitoreo AMB,Monitoramento AMB,Мониторинг ОС,การตรวจวัด​สิ่งแวดล้อม,Quan Trắc Môi Trường,Pemantauan LING
环境监测奖章,環境監測獎章,Environment Monitor,環境観測勲章,환경 관측 훈장,Surveillance de l'environnement,Umwelt-Überwachung,Monitoraggio ambientale,Monitor ambiental,Monitor Ambiental,Мониторинг окружающей среды,เฝ้า​ระวัง​สภาพแวดล้อม,Quan Trắc Môi Trường,Pemantau Lingkungan
环境监测终端,環境監測終端,Environment Monitoring Terminal,環境観測端末,환경 관측 단말기,Terminal de surveillance de l'environnement,Umwelt-Überwachungsterminal,Terminale di monitoraggio ambientale,Terminal de monitoreo ambiental,Terminal de Monitoramento Ambiental,Терминал мониторинга окружающей среды,หน้าจอ​เฝ้า​ระวัง​สภาพแวดล้อม,Thiết Bị Quan Trắc Môi Trường,Terminal Pantau Lingkungan
环境监测终端的解锁与升级,環境監測終端的解鎖與升級,Environment Monitoring Terminal: Unlock and Upgrade,環境観測端末の解放とレベルアップ,환경 관측 단말기의 잠금 해제와 업그레이드,Terminal de surveillance de l'environnement : déblocage et amélioration,Umwelt-Überwachungsterminal: Freischaltung und Verbesserung,Terminale di monitoraggio ambientale: sblocco e potenziamento,Terminal de monitoreo ambiental: desbloqueo y mejora,Terminal de Monitoramento Ambiental: Desbloqueio e Upgrade,Терминал мониторинга окружающей среды: открытие и улучшение,หน้าจอ​เฝ้า​ระวัง​สภาพแวดล้อม​: ปลดล็อก​และ​อัป​เกรด,Thiết Bị Quan Trắc Môi Trường: Mở Khóa và Nâng Cấp,Terminal Pantau Lingkungan: Membuka dan Meng-upgrade
埃尔埃格尼斯,埃爾埃格尼斯,Ereignis,エアアイグニス,엘 아이그니스,Ereignis,Ereignis,Ereignis,Ereignis,Ereignis,Эрайгнис,เอ​เรน​นิส,Ereignis,Ereignis
埃里克松商贸员工信息终端,埃里克松商貿員工資料終端,Erikssohn Employee Roster HT,エリクソン商事従業員情報端末,에릭슨 비즈니스 직원 정보 단말기,Liste des employés du TM d'Erikssohn,Liste von Erikssohn-Angestellten,Terminale con lista dei dipendenti della Erikssohn,Lista de empleados de la Casa comercial Erikssohn,Lista de Funcionários da Erikssohn HT,Терминал с сотрудниками «Эриксона»,HT ที่​มี​รายชื่อ​พนักงาน​ของ​เฮาส์​การค้า​ของ​เอ​ริก​สัน,Thiết bị cầm tay Danh Sách Nhân Viên Erikssohn,HT Daftar Karyawan Erikssohn
侠迹,俠跡,Errant's Deed,侠影,협객의 흔적,Gestes de la vagabonde,Tat des Irrenden,Spadaccina errante,Acción errante,Ato da Errante,Подвиг скитальца,บันทึก​ของ​ผู้​พเนจร,Hành Động Của Kẻ Lang Thang,Tugas si Petualang
基质,基質,Essence,基質,기질,Essence,Essenz,Essenza,Esencia,Essência,Эссенция,แก่นแท้,Tinh Chất,Esensi
基质扩充补给,基質擴充補給,Essence Supply EX,基質拡張補給,기질 확장 보급,Approvisionnement en essences EX,Essenzvorrat EX,Scorta di essenze EX,Suministro de esencias EX,Suprimento de Essências EX,Большой ящик эссенций,เสบียง​แก่นแท้​ EX,EX Tiếp Tế Tinh Chất,Suplai Esensi EX
基质愿望单,基質願望清單,Essence Wishlist,基質厳選リスト,기질 찜 목록,Liste de souhaits d'essence,Essenz-Wunschliste,Essenze desiderate,Lista de deseos de esencias,Lista de Desejos de Essências,Список желаемых эссенций,แก่นแท้​ที่​อยากได้,Danh Sách Tinh Chất Yêu Thích,Daftar Keinginan Esensi
基质蚀刻,基質蝕刻,Essence: Etching,"<p=""きしつしょっこく"" padding=0>基質食刻</p>",기질 식각,Essence : gravure,Essenz: Ätzen,Essenza: incisione,Esencia: Grabado,Essência: Entalhe,Эссенция: гравировка,แก่นแท้​: การ​ฝัง​รอย,Tinh Chất: Khắc,Esensi: Pengukiran
基质蚀刻的结果,基質蝕刻的結果,Essence: Etching Outcomes,"<p=""きしつしょっこく"" padding=0>基質食刻</p>の結果",기질 식각 결과,Essence : résultats de gravure,Essenz: Ätzungsresultate,Essenza: risultati dell'incisione,Esencia: Resultados del grabado,Essência: Resultados do Entalhe,Эссенция: результат гравировки,แก่นแท้​: ผลลัพธ์​ของ​การ​ฝัง​รอย,Tinh Chất: Kết Quả Khắc,Esensi: Hasil Pengukiran
埃特拉,埃特拉,Estella,エステーラ,에스텔라,Estella,Estella,Estella,Estella,Estella,Эстелла,เอส​เต​ญ่า,Estella,Estella
埃特拉的信物,埃特拉的信物,Estella's Token,エステーラの印,에스텔라의 증표,Jeton d'Estella,Estellas Token,Gettone di Estella,Ficha de Estella,Símbolo de Estella,Жетон Эстеллы,โท​เคน​ของ​เอส​เต​ญ่า,Tín Vật Của Estella,Token Estella
蚀像寻遗,蝕像尋遺,Etchspace Salvage,蝕像探索,침식된 유산을 찾아서,Récupération d'espace de corrosion,Ätzbereich: Bergung,Recupero dallo Squarcio dimensionale,Rescate de grabaespacio,Resgate do Espaço Multidimensional,Вылазка в Гравирпространство,เอท​ช์​สเปซ​ ซัล​เว​จ,Phế Tích Khắc Dẫn,Etchspace Salvage
长息装甲,長息護甲,Eternal Xiranite Armor,流転マント,식양의 숨결 경장갑,Armure en xiranite éternelle,Ewiges-Xiranit-Rüstung,Armatura di xiranite eterna,Armadura de Xiranita eterna,Armadura de Xiranita Eterna,Броня «Вечный ксиранит»,เกราะ​ซี​เรน​ไนต์​นิรันดร์,Giáp Xiranite Vĩnh Cửu,Armor Eternal Xiranite
长息辅助臂,長息輔助臂,Eternal Xiranite Auxiliary Arm,流転ロボットアーム,식양의 숨결 보조 어깨,Bras auxiliaire en xiranite éternelle,Ewiges-Xiranit-Hilfsarm,Braccio secondario di xiranite eterna,Brazo auxiliar de Xiranita eterna,Braço Auxiliar de Xiranita Eterna,Манипулятор «Вечный ксиранит»,แขน​กล​เสริม​ซี​เรน​ไนต์​นิรันดร์,Giáp Phụ Xiranite Vĩnh Cửu,Lengan Bantuan Eternal Xiranite
长息加固板,長息加固板,Eternal Xiranite Bracing Slab,流転補強板,식양의 숨결 강화판,Plaque fortifiante en xiranite éternelle,Ewiges-Xiranit-Schutzteil,Placca di sostegno di xiranite eterna,Losa de refuerzo de Xiranita eterna,Placa de Suporte de Xiranita Eterna,Крепежная пластина «Вечный ксиранит»,แผ่น​เสริม​เกราะ​ซี​เรน​ไนต์​นิรันดร์,Phiến Gia Cố Xiranite Vĩnh Cửu,Lempeng Penopang Eternal Xiranite
长息护手,長息護手,Eternal Xiranite Gloves,流転ガントレット,식양의 숨결 보호 장갑,Gants en xiranite éternelle,Ewiges-Xiranit-Handschuhe,Guanti di xiranite eterna,Guantes de Xiranita eterna,Luvas de Xiranita Eterna,Перчатки «Вечный ксиранит»,ถุงมือ​ซี​เรน​ไนต์​นิรันดร์,Găng Tay Xiranite Vĩnh Cửu,Sarung Tangan Eternal Xiranite
长息护手·壹型,長息護手·I,Eternal Xiranite Gloves T1,流転ガントレットⅠ,식양의 숨결 보호 장갑 · I,Gants en xiranite éternelle G1,Ewiges-Xiranit-Handschuhe S1,Guanti di xiranite eterna O1,Guantes de Xiranita eterna T1,Luvas de Xiranita Eterna T1,Перчатки «Вечный ксиранит» К1,ถุงมือ​ซี​เรน​ไนต์​นิรันดร์​ T1,Găng Tay Xiranite Vĩnh Cửu T1,Sarung Tangan Eternal Xiranite T1
长息手套,長息手套,Eternal Xiranite Hands,流転グローブ,식양의 숨결 장갑,Équipement pour mains en xiranite éternelle,Ewiges-Xiranit-Handschutz,Mani di xiranite eterna,Manos de Xiranita eterna,Mãos de Xiranita Eterna,Краги «Вечный ксиранит»,เกราะ​มือ​ซี​เรน​ไนต์​นิรันดร์,Tay Giáp Xiranite Vĩnh Cửu,Pelindung Tangan Eternal Xiranite
长息轻护甲,長息輕護甲,Eternal Xiranite Light Armor,流転軽防具,식양의 숨결 경량 방어구,Armure légère en xiranite éternelle,Leichte Ewiges-Xiranit-Rüstung,Armatura di xiranite eterna leggera,Armadura ligera de Xiranita eterna,Armadura Leve de Xiranita Eterna,Легкая броня «Вечный ксиранит»,เกราะ​เบา​ซี​เรน​ไนต์​นิรันดร์,Khinh Giáp Xiranite Vĩnh Cửu,Armor Ringan Eternal Xiranite
长息轻护甲·壹型,長息輕護甲·I,Eternal Xiranite Light Armor T1,流転軽防具Ⅰ,식양의 숨결 경량 방어구 · I,Armure légère en xiranite éternelle G1,Leichte Ewiges-Xiranit-Rüstung S1,Armatura di xiranite eterna leggera O1,Armadura ligera de Xiranita eterna T1,Armadura Leve de Xiranita Eterna T1,Легкая броня «Вечный ксиранит» К1,เกราะ​เบา​ซี​เรน​ไนต์​นิรันดร์​ T1,Khinh Giáp Xiranite Vĩnh Cửu T1,Armor Ringan Eternal Xiranite T1
长息蓄电核,長息蓄電核,Eternal Xiranite Power Core,流転蓄電装置,식양의 숨결 충전 코어,Noyau d'énergie en xiranite éternelle,Ewiges-Xiranit-Energiekern,Nucleo energetico di xiranite eterna,Núcleo de energía de Xiranita eterna,Núcleo de Energia de Xiranita Eterna,Энергетическое ядро «Вечный ксиранит»,แกน​พลังงาน​ซี​เรน​ไนต์​นิรันดร์,Lõi Năng Lượng Xiranite Vĩnh Cửu,Inti Daya Eternal Xiranite
长息蓄电核·壹型,長息蓄電核·I,Eternal Xiranite Power Core T1,流転蓄電装置Ⅰ,식양의 숨결 충전 코어 · I,Noyau d'énergie en xiranite éternelle G1,Ewiges-Xiranit-Energiekern S1,Nucleo energetico di xiranite eterna O1,Núcleo de energía de Xiranita eterna T1,Núcleo de Energia de Xiranita Eterna T1,Энергетическое ядро «Вечный ксиранит» К1,แกน​พลังงาน​ซี​เรน​ไนต์​นิรันดร์​ T1,Lõi Năng Lượng Xiranite Vĩnh Cửu T1,Inti Daya Eternal Xiranite T1
长息裹手,長息裹手,Eternal Xiranite Wraps,流転ハンドガード,식양의 숨결 보호대,Bandes pour mains en xiranite éternelle,Ewiges-Xiranit-Wickel,Fasce di xiranite eterna,Envolturas de Xiranita eterna,Bandagens de Xiranita Eterna,Обмотки «Вечный ксиранит»,ผ้า​พัน​มือ​ซี​เรน​ไนต์​นิรันดร์,Băng Quấn Xiranite Vĩnh Cửu,Bebat Tangan Eternal Xiranite
岳研避瘴茶货组,岳研避瘴茶貨組,Eureka Anti-smog Tincture [pkg],岳研瘴気除け茶セット,악연 피장차 상품군,Teintures antibrouillard d'Eurêka [colis],Eureka-Anti-Rauch-Tinktur [Paket],Tintura anti-smog di Eureka (pacco),Tintura antiesmog Eureka [paq.],Chá Bom para Praga Eureka [pct],Противодымный настой «Эврика» [упак.],ทิงเจอร์​ป้องกัน​หมอก​ควัน​ยู​เร​ก้า​ [แพ็ก​],Trà Chống Độc Eureka [bộ],Ramuan Antiasap Eureka [pkt]
岳研茶盒,岳研茶盒,Eureka Teabox,岳研茶詰合せ,악연 찻잎 세트,Boîte à thé d'Eurêka,Eureka-Teeschachtel,Tè di Eureka,Caja de té Eureka,Caixa de Chá Eureka,Чай «Эврика»,กล่อง​ชา​ยู​เร​ก้า,Hộp Trà Eureka,Kotak Teh Eureka
疏散区,疏散區,Evacuation Zone,避難場所,대피 구역,Zone d'évacuation,Evakuierungszone,Zona di evacuazione,Zona de evacuación,Zona de Evacuação,Зона эвакуации,เขต​อพยพ,Khu Vực Sơ Tán,Zona Evakuasi
水泽涧,水澤澗,Everwater Brook,水沢谷,수택 계곡,Ruisseau des eaux éternelles,Ewigwasserbach,Ruscello Acquaeterna,Arroyo de Aguas Eternas,Riacho Everwater,Вечный источник,ลำธาร​นิรันดร์,Suối Vĩnh Cửu,Dermaga Sungai Abadi
袭击预警终端,襲擊預警終端,EW Terminal,襲撃警備端末,습격 경보 단말기,Terminal AP,FW-Terminal,Terminale AP,Terminal de A.T.,Terminal de AA,Терминал РО,สถานี​เตือนภัย​ล่วงหน้า,Trạm Cảnh Báo Sớm,Terminal PD
《天下武评》（节选）,《天下武評》（節選）,Excerpts from Catalog of Warriors Under the Heavens,『天下武術論』（抜粋）,<천하무평>(발췌),Extrait de la collection des Guerriers sous les cieux,Auszüge aus dem Kompendium der Krieger unter dem Himmel,Estratti dal Catalogo dei Guerrieri sotto i Cieli,Extractos del Catálogo de Guerreros bajo los cielos,Trechos do Catálogo de Guerreiros Sob os Céus,Выдержки из «Каталога воинов мира»,ข้อความ​จาก​แค​ต​ตา​ล็อก​นักรบ​ใต้​สรวงสวรรค์,Trích đoạn từ Luận Bàn Võ Thuật Thiên Hạ,Kutipan dari Katalog Kesatria di Bawah Naungan Langit
大号兑换惊喜箱,大號兌換驚喜箱,Exchange Crate-o-Surprise [L],サプライズボックス（大）,교환 깜짝선물 상자(대),Échange de caisse-à-surprises [G],Kiste des Unerwarteten [L],Cassa a sorpresa (L),Caja sorpresa de intercambio [G],Caixote de Surpresas de Troca [G],Ящик обмена с сюрпризом [бол.],แลกเปลี่ยน​ลัง​เซอร์​ไพรส์​ [L],Rương Đổi Bất Ngờ [Lớn],Kerat Kejutan Bursa [L]
中号兑换惊喜箱,中號兌換驚喜箱,Exchange Crate-o-Surprise [M],サプライズボックス（中）,교환 깜짝선물 상자(중),Échange de caisse-à-surprises [M],Kiste des Unerwarteten [M],Cassa a sorpresa (M),Caja sorpresa de intercambio [M],Caixote de Surpresas de Troca [M],Ящик обмена с сюрпризом [ср.],แลกเปลี่ยน​ลัง​เซอร์​ไพรส์​ [M],Rương Đổi Bất Ngờ [Vừa],Kerat Kejutan Bursa [M]
小号兑换惊喜箱,小號兌換驚喜箱,Exchange Crate-o-Surprise [S],サプライズボックス（小）,교환 깜짝선물 상자(소),Échange de caisse-à-surprises [P],Kiste des Unerwarteten [S],Cassa a sorpresa (S),Caja sorpresa de intercambio [P],Caixote de Surpresas de Troca [P],Ящик обмена с сюрпризом [мал.],แลกเปลี่ยน​ลัง​เซอร์​ไพรส์​ [S],Rương Đổi Bất Ngờ [Nhỏ],Kerat Kejutan Bursa [S]
兴奋学生们的通信,興奮學生們的通訊,Excited Students' Correspondence,興奮する学生の通信記録,흥분한 학생들의 통신,Correspondance entre élèves enthousiastes,Korrespondenz zwischen aufgeregten Studenten,Corrispondenza tra studenti entusiasti,Correspondencia de estudiantes entusiasmados,Correspondência de Estudantes Empolgados,Восторженная переписка студентов,จดหมาย​จาก​นักเรียน​ที่​ตื่นเต้น,Thư Của Học Sinh Hào Hứng,Korespondensi Siswa yang Antusias
禁门,禁門,Exclusion Gate,封門,금지 구역 입구,Zone d'exclusion,Tor zur Sperrzone,Varco di interdizione,Puerta de exclusión,Portão de Exclusão,Ворота отчуждения,ประตู​เขต​พิเศษ,Cổng Khu Cấm,Gerbang Eksklusi
典范,典範,Exemplar,鑑,모범,Exemplaire,Mustermodell,Exemplar,Ejemplar,Exemplar,Эталон,เอ็ก​เซม​พลา​ร์,Bảo Kiếm Khó Sánh,Exemplar
扩容反应池,擴容反應池,Expanded Crucible,大型化学反応炉,확장 반응기,Creuset agrandi,Erweiterter Tiegel,Crogiolo ampliato,Crisol expandido,Crisol Expandido,Расширенная камера,เบ้า​หลอม​ส่วนขยาย,Lò Mở Rộng,Reaktor Lebur Luas
扩容反应池模板,擴容反應池模板,Expanded Crucible Template,大型化学反応炉の設計図,확장 반응기 템플릿,Modèle de creuset agrandi,Vorlage: Erweiterter Tiegel,Schema: crogiolo ampliato,Molde de Crisol expandido,Gabarito de Crisol Expandido,Шаблон расширенной камеры,เทม​เพล​ต​เบ้า​หลอม​ส่วนขยาย,Mẫu Lò Mở Rộng,Templat Reaktor Lebur Luas
场地扩大I,場地擴大I,Expansion I,用地拡大Ⅰ,부지 확대 I,Extension I,Erweiterung I,Espansione I,Expansión I,Expansão I,Расширение I,การ​ขยายตัว​ I,Bản Mở Rộng I,Perluasan I
场地扩大II,場地擴大II,Expansion II,用地拡大Ⅱ,부지 확대 II,Extension II,Erweiterung II,Espansione II,Expansión II,Expansão II,Расширение II,การ​ขยายตัว​ II,Bản Mở Rộng II,Perluasan II
扩张管理系统,擴張管理系統,Expansion Management System,拡張管理システム,관리 시스템 확장,Système de gestion d'extension,Erweiterungsverwaltung,Sistema di gestione dell'espansione,Sistema de gestión de expansión,Sistema de Gerenciamento de Expansões,Управление расширениями,สิ่งปลูกสร้าง​การ​ขยาย​พื้นที่,Hệ Thống Quản Lý Mở Rộng,Sistem Pengelolaan Perluasan
从前的实验录音,從前的實驗錄音,Experiment Recording from the Past,過去の実験の録音,옛날의 실험 녹음,Enregistrement d'une expérience passée,Aufzeichnung über ein Experiment aus der Vergangenheit,Registrazione di esperimenti dal passato,Grabación de experimento del pasado,Gravação de Experimento do Passado,Запись о прошлом эксперименте,บันทึก​การทดลอง​จาก​อดีต,Bản Ghi Thí Nghiệm Từ Quá Khứ,Rekaman Eksperimen dari Masa Lalu
实验重息壤瓶,實驗重息壤瓶,Experimental Heavy Xiranite Bottle,実験用重息壌ボトル,실험용 중식양 병,Bouteille en xiranite lourde expérimentale,Experimentelle Schwere Xiranit-Flasche,Bottiglia di xiranite pesante sperimentale,Botella de Xiranita pesada experimental,Garrafa de Xiranita Pesada Experimental,Экспериментальная тяжелая ксиранитовая бутылка,ขวด​ซี​เรน​ไนต์​หนัก​ทดลอง,Lọ Xiranite Hạng Nặng Thử Nghiệm,Botol Xiranite Berat Eksperimental
实验重息壤零件,實驗重息壤零件,Experimental Heavy Xiranite Part,実験用重息壌部品,실험용 중식양 부품,Pièce en xiranite lourde expérimentale,Experimentelles Schweres Xiranit-Teil,Parte di xiranite pesante sperimentale,Pieza de Xiranita pesada experimental,Peça de Xiranita Pesada Experimental,Экспериментальная тяжелая ксиранитовая деталь,ชิ้นส่วน​ซี​เรน​ไนต์​หนัก​ทดลอง,Mảnh Xiranite Hạng Nặng Thử Nghiệm,Bagian Xiranite Berat Eksperimental
实验玉铜发散器,實驗玉銅發散器,Experimental Xiran-Hue Atomizer,実験用玉銅拡散装置,실험용 옥동 발산기,Atomiseur Xiran-Hue expérimental,Experimenteller Xiranit-farbener Zerstäuber,Atomizzatore color xiranite sperimentale,Dispersor experimental de tinte Xiran,Atomizador Experimental Xiran-Hue,Экспериментальный ксиранитовый распылитель,เครื่อง​พ่น​ละออง​ซี​เรน​ฮิว​รุ่น​ทดลอง,Máy Phun Sắc Xiran Thử Nghiệm,Atomisator Xiranite Warna Eksperimental
实验息壤瓶,實驗息壤瓶,Experimental Xiranite Bottle,実験用息壌ボトル,실험용 식양 병,Bouteille en xiranite expérimentale,Experimentelle Xiranit-Flasche,Bottiglia di xiranite sperimentale,Botella de Xiranita experimental,Garrafa de Xiranita Experimental,Экспериментальная ксиранитовая бутылка,ขวด​ซี​เรน​ไนต์​ทดลอง,Lọ Xiranite Thử Nghiệm,Botol Xiranite Eksperimental
实验息壤零件,實驗息壤零件,Experimental Xiranite Part,実験用息壌部品,실험용 식양 부품,Pièce en xiranite expérimentale,Experimentelles Xiranit-Teil,Parte di xiranite sperimentale,Pieza de Xiranita experimental,Peça de Xiranita Experimental,Экспериментальная ксиранитовая деталь,ชิ้นส่วน​ซี​เรน​ไนต์​ทดลอง,Mảnh Xiranite Thử Nghiệm,Bagian Xiranite Eksperimental
涤尘专家,滌塵專家,Expert Cleaner,洗塵エキスパート,세척 전문가,Expertise en nettoyage,Putzprofi,Specialista della pulizia,Limpiador experto,Especialista em Limpeza,Эксперт по уборке,ผู้ชำนาญการ​ทำความสะอาด,Chuyên Gia Dọn Dẹp,Ahli Bersih-Bersih
生存专家,生存專家,Expert Survivor,サバイバルエキスパート,생존 전문가,Expertise en survie,Überlebensexperte,Specialista della sopravvivenza,Especialista en supervivencia,Sobrevivente Especialista,Эксперт по выживанию,ผู้เชี่ยวชาญ​การ​เอาชีวิต​รอด,Bậc Thầy Sinh Tồn,Penyintas Ahli
探索,探索,exploration,探索,탐험,Exploration,Erkundung,Esplorazione,exploración,Exploração,Исследование,การสำรวจ,Khám Phá,Eksplorasi
探索等级,探索等級,Exploration Level,探索レベル,탐색 레벨,Niveau d'exploration,Erkundungslevel,Livello di esplorazione,Nivel de exploración,Nível de Exploração,Уровень исследования,ระดับ​การสำรวจ,Cấp Khám Phá,Level Eksplorasi
探索等级·一,探索等級 - 一,Exploration Level (1),探索レベル - 1,탐색 레벨 · 1,Niveau d'exploration (1),Erkundungslevel (1),Livello di esplorazione (1),Nivel de exploración (1),Nível de Exploração (1),Уровень исследования (1),ระดับ​การสำรวจ​ (1),Cấp Khám Phá (1),Level Eksplorasi (1)
探索等级·二,探索等級 - 二,Exploration Level (2),探索レベル - 2,탐색 레벨 · 2,Niveau d'exploration (2),Erkundungslevel (2),Livello di esplorazione (2),Nivel de exploración (2),Nível de Exploração (2),Уровень исследования (2),ระดับ​การสำรวจ​ (2),Cấp Khám Phá (2),Level Eksplorasi (2)
探索等级的提升,探索等級的提升,Exploration Level: Increasing,探索レベルの上昇,탐색 레벨을 올리기,Niveau d'exploration : augmentation,Erkundungslevel: Erhöhen,Livello di esplorazione: aumento,Nivel de exploración: aumentar,Nível de Exploração: Aumento,Уровень исследования: повышение,ระดับ​การสำรวจ​: การ​เพิ่มขึ้น,Cấp Khám Phá: Tăng Cấp,Level Eksplorasi: Naik
探索等级的下调,探索等級的下調,Exploration Level: Lowering,探索レベルの引き下げ,탐색 레벨을 내리기,Niveau d'exploration : diminution,Erkundungslevel: Senken,Livello di esplorazione: riduzione,Nivel de exploración: reducir,Nível de Exploração: Redução,Уровень исследования: понижение,ระดับ​การสำรวจ​: การ​ลดลง,Cấp Khám Phá: Giảm Cấp,Level Eksplorasi: Turun
辅助探测技术,輔助探測技術,Exploration Support Tech,探索補助技術,보조 탐측 기술,Technologie de soutien à l'exploration,Unterstützungs-Tech für Erkundungen,Tecnologia di supporto all'esplorazione,Tecnología de soporte para la exploración,Tecnologia de Apoio à Exploração,Технологии для исследования,เทคโนโลยี​สนับสนุน​การสำรวจ,Công Nghệ Hỗ Trợ Khám Phá,Teknologi Dukungan Eksplorasi
易爆物储藏桶,易爆物儲藏桶,Explosive Storage Barrel,爆発物貯蔵樽,폭발물 저장통,Fût de stockage explosif,Explosives Lagerfass,Barile per lo stoccaggio di esplosivi,Barril de almacenamiento explosivo,Barril de Armazenamento de Explosivos,Бочка со взрывчаткой,ถัง​เก็บ​วัตถุระเบิด,Thùng Thuốc Nổ,Tong Penyimpanan Bahan Peledak
爆炸物,爆炸物,Explosives,爆発物,폭발물,Explosifs,Sprengstoffe,Esplosivi,Explosivos,Explosivos,Взрывчатка,วัตถุระเบิด,Thuốc Nổ,Bahan Peledak
野外爆炸物制作,野外爆炸物製作,Explosives: Field Crafting,エリア外の爆発物製作,야외 폭발물 제작,Explosifs : fabrication sur le terrain,Sprengstoffe: Herstellung vor Ort,Esplosivi: creazione sul campo,Explosivos: Fabricación en campo,Explosivos: Confecção em Campo,Взрывчатка: получение,ระเบิด​: การ​สร้าง​ภาค​สนาม,Thuốc Nổ: Chế Tạo Thực Địa,Bahan Peledak: Crafting Medan
地图设施,地圖設施,Facility,マップ施設,지도 시설,Installation,Anlage,Struttura,instalación del mapa,Instalação,объект карты,สิ่งปลูกสร้าง,Công Trình,Fasilitas
设备界面的物流,設備介面的物流,Facility Control Panel: Logistics Info,設備詳細での物流確認,설비 화면의 물류 정보,Panneau de contrôle d'une installation : informations logistiques,Anlagen-Steuertafel: Logistische Informationen,Pannello di controllo della struttura: informazioni sulla logistica,Panel de control de la instalación: información logística,Painel de Controle da Instalação: Informações de Logística,Панель управления сооружением: логистика,แผง​ควบคุม​สิ่งปลูกสร้าง​: ข้อมูล​โลจิสติกส์,Bảng Điều Khiển Công Trình: Chi Tiết Vận Chuyển,Panel Kontrol Fasilitas: Info Logistik
设备解锁凭证,設備解鎖憑證,Facility Unlocking Permit,設備解放許可証,설비 잠금 해제 허가증,Permis de déblocage d'installation,Anlagen-Freischaltungs-Genehmigung,Permesso di sblocco dello strumento,Permiso de desbloqueo de instalaciones,Permissão para Desbloqueio de Instalações,Разрешение на открытие сооружений,ใบอนุญาต​ปลดล็อก​สิ่งปลูกสร้าง,Vé Mở Khóa Công Trình,Surat Izin Pembukaan Fasilitas
设备加工,設備加工,Facility: Processing,設備での生産と製造,설비 가공,Installation : traitement,Anlage: Verarbeitung,Struttura: lavorazione,Instalación: procesamiento,Instalação: Processamento,Сооружение: обработка,สิ่งปลูกสร้าง​: การแปร​รูป,Công Trình: Xử Lý,Fasilitas: Pemrosesan
设备配方,設備配方,Facility: Production Formulas,レシピ,설비 조합 공식,Installation : formules de production,Anlage: Produktionsformeln,Struttura: formule di produzione,Instalación: Fórmulas de producción,Instalação: Fórmulas de Produção,Сооружение: производственные формулы,สิ่งปลูกสร้าง​: สูตร​การผลิต,Công Trình: Công Thức Sản Xuất,Fasilitas: Formula Produksi
模拟空间奖章,模擬空間獎章,Factory Simulation,模擬空間勲章,시뮬레이션 공간 훈장,Simulation d'usine,Fabriksimulation,Simulazione fabbrica,Simulación de fábrica,Simulação de Fábrica,Симуляция завода,การจำลอง​โรงงาน,Mô Phỏng Nhà Máy,Simulasi Pabrik
模拟空间奖章·Ⅱ,模擬空間獎章·II,Factory Simulation Ⅱ,模擬空間勲章Ⅱ,시뮬레이션 공간 훈장 II,Simulation d'usine II,Fabriksimulation II,Simulazione fabbrica Ⅱ,Simulación de fábrica II,Simulação de Fábrica II,Симуляция завода II,การจำลอง​โรงงาน​ Ⅱ,Mô Phỏng Nhà Máy II,Simulasi Pabrik II
岩天使叶,岩天使葉,False Aggela,岩アンゲロス葉,바위아겔로스 잎,Faux aggela,Falsche Aggela,Falsa aggela,Aggela falsa,Aggela Falso,Ложная аггела,แอง​เกลา​เทียม,Aggela Giả,Aggela Palsu
岩天使叶,岩天使葉,False Aggela Spot,岩アンゲロス葉,바위아겔로스 잎,Faux aggela,Falsche Aggela,Falsa aggela,Aggela falsa,Aggela Falso,Ложная аггела,แอง​เกลา​เทียม,Aggela Giả,Aggela Palsu
岩天使叶根茎,岩天使葉根莖,False Aggela Tuber,岩アンゲロス葉の茎,바위아겔로스 잎 줄기,Tubercule de faux aggela,Knolle der Falschen Aggela,Tubero di falsa aggela,Tubérculo de Aggela falsa,Tubérculo de Aggela Falso,Клубень ложной аггелы,หัว​แอง​เกลา​เทียม,Củ Aggela Giả,Umbi Aggela Palsu
仿生翅天使,仿生翅天使,Falsewings,擬翼アンゲロス,모방아겔로스,Illusailes,Falschflügel,Falseali,Alas falsas,Asas-Falsas,Лжекрыл,ปีก​เทียม,Cánh Giả,Falsewing
仿生翅天使α,仿生翅天使α,Falsewings α,擬翼アンゲロスα,모방아겔로스 · α,Illusailes α,Falschflügel α,Falseali α,Alas falsas α,Asas-Falsas α,Лжекрыл α,ปีก​เทียม​ α,Cánh Giả α,Falsewing α
方兴衢,方興衢,Fangxing Avenue,方興街,방흥거리,Avenue Fangxing,Fangxing-Straße,Viale Fangxing,Avenida Fangxing,Avenida Fangxing,Улица Фансин,ถนน​ฟาง​ซิง,Đại Lộ Phương Hưng,Jalan Lebar Fangxing
阡陌,阡陌,Farm Trails,あぜ道,들판의 길,Sentiers agricoles,Farmpfade,Sentieri campestri,Senderos de granja,Trilhas na Fazenda,Фермерские тропы,เส้นทาง​ฟาร์ม,Đường Mòn Nông Trại,Jalur Ladang
遥望,遙望,Farsight,ファーサイト,조망,Clairvoyance,Weitsicht,Lungimiranza,Vista lejana,Visão Longínqua,Дальновидность,สุดลูกหูลูกตา,Viễn Kiến,Farsight
特效药剂,特效藥劑,Fast-acting Medication,特効薬,특효 약제,Médicament à action rapide,Schnellwirk-Medikation,Farmaco ad azione rapida,Medicamento de rápida acción,Medicamento de Ação Rápida,Быстродействующий препарат,ยา​ออกฤทธิ์​เร็ว,Thuốc Đặc Hiệu,Obat Aksi Cepat
钓友,釣友,Fellow Angler,釣り友,낚시 친구,Camarade de pêche,Angler-Kumpel,Compagno di pesca,Compañero Pescador,Companheiro Pescador,Друг-удильщик,สหาย​ตกปลา,Người Bạn Câu Cá,Sesama Pemancing
巨兽心脏 - 一,巨獸心臟 - 一,Feranmut Heart (1),巨獣の心臓 - 1,베헤모스의 심장 - 1,Cœur de feranmouth (1),Feranmut-Herz (1),Cuore di Feranmut (1),Corazón de Feranmut (1),Coração de Feranmut (1),Сердце феранмута (1),หัวใจ​เฟ​ราน​มุ​ต​ (1),Trái Tim Cự Thú (1),Jantung Feranmut (1)
巨兽心脏 - 二,巨獸心臟 - 二,Feranmut Heart (2),巨獣の心臓 - 2,베헤모스의 심장 - 2,Cœur de feranmouth (2),Feranmut-Herz (2),Cuore di Feranmut (2),Corazón de Feranmut (2),Coração de Feranmut (2),Сердце феранмута (2),หัวใจ​เฟ​ราน​มุ​ต​ (2),Trái Tim Cự Thú (2),Jantung Feranmut (2)
蓝铁块,藍鐵塊,Ferrium,青鉄塊,페리움 조각,Ferrium,Ferrium,Ferrium,Ferrio,Ferrium,Феррий,เฟอร์​เรียม,Sắt,Ferrium
蓝铁瓶,藍鐵瓶,Ferrium Bottle,青鉄製ボトル,페리움 병,Bouteille en ferrium,Ferrium-Flasche,Bottiglia di ferrium,Botella de ferrio,Garrafa de Ferrium,Ферриевая бутылка,ขวด​เฟอร์​เรียม,Lọ Sắt,Botol Ferrium
蓝铁装备原件,藍鐵裝備原件,Ferrium Component,青鉄装備部品,페리움 장비 부품,Composant en ferrium,Ferrium-Komponente,Componente di ferrium,Componente de ferrio,Componente de Ferrium,Ферриевый компонент,ส่วนประกอบ​เฟอร์​เรียม,Linh Kiện Sắt,Komponen Ferrium
蓝铁矿矿点,藍鐵礦礦點,Ferrium Mining Spot,青鉄鉱物スポット,페리움 광석 광산 지점,Zone d'extraction de ferrium,Ferrium-Erz-Abbaustelle,Punto di estrazione: ferrium,Punto de minería de ferrio,Ponto de Mineração de Ferrium,Место разработки феррия,จุด​ขุด​แร่​เฟอร์​เรียม,Điểm Khai Thác Sắt,Titik Tambang Ferrium
蓝铁矿,藍鐵礦,Ferrium Ore,青鉄鉱物,페리움 광석,Minerai de ferrium,Ferrium-Erz,Minerale di ferrium,Mineral de ferrio,Minério de Ferrium,Ферриевая руда,แร่​เฟอร์​เรียม,Quặng Sắt,Bijih Ferrium
铁制零件,鐵製零件,Ferrium Part,鉄製部品,페리움 부품,Pièce en ferrium,Ferrium-Teil,Parte di Ferrium,Pieza de ferrio,Peça de Ferrium,Ферриевая деталь,ชิ้นส่วน​เฟอร์​เรียม,Mảnh Sắt,Bagian Ferrium
蓝铁粉末,藍鐵粉末,Ferrium Powder,青鉄粉末,페리움 가루,Poudre de ferrium,Ferrium-Pulver,Polvere di ferrium,Polvo de ferrio,Pó de Ferrium,Молотый феррий,ผง​เฟอร์​เรียม,Bột Sắt,Bubuk Ferrium
蓝铁矿脉,藍鐵礦脈,Ferrium Spot,青鉄鉱脈,청철 광맥,Veine de ferrium,Ferrium-Ader,Vena di ferrium,vena de ferrio,Veio de Ferrium,феррумовая жила,สาย​แร่​เฟอร์​เรียม,Mạch Sắt,Sulur Ferrium
铁叶转轮,鐵葉轉輪,Ferrium Turbine,羽根車装置,강철 잎 터빈,Turbine de ferrium,Ferrium-Turbine,Turbina di ferrium,Turbina de ferrio,Turbina de Ferrium,Ферриевая турбина,กังหัน​เฟอร์​เรียม,Tuabin Sắt,Turbin Ferrium
肥料配方宣传单,肥料配方宣傳單,Fertilizer Formula Flyer,肥料配合のチラシ,비료 조합 공식 전단,Affiche sur une formule d'engrais,Flyer mit einer Düngerformel,Opuscolo sulla formula del fertilizzante,Volante de fórmula de fertilizante,Folheto Informativo sobre Fórmulas de Fertilizantes,Листовка с формулой удобрения,โปสเตอร์​สูตร​ปุ๋ย,Tờ Rơi Công Thức Phân Bón,Selebaran Formula Pupuk
肥料测试1,肥料測試1,Fertilizer Test 1,肥料テスト1,비료 테스트 1,Test d'engrais n°1,Testdünger 1,Fertilizzante di test 1,Fertilizante de prueba 1,Teste de Fertilizante 1,Тест удобрения 1,ทดสอบ​ปุ๋ย​ 1,Thử Nghiệm Phân Bón 1,Tes Pupuk 1
肥料测试2,肥料測試2,Fertilizer Test 2,肥料テスト2,비료 테스트 2,Test d'engrais n°2,Testdünger 2,Fertilizzante di test 2,Fertilizante de prueba 2,Teste de Fertilizante 2,Тест удобрения 2,ทดสอบ​ปุ๋ย​ 2,Thử Nghiệm Phân Bón 2,Tes Pupuk 2
储备站,儲備站,Field Logistics Depot,備蓄施設,보급소,Entrepôt logistique,Depot für Feldlogistik,Deposito logistico sul campo,Depósito logístico de campo,Depósito de Logística de Campo,Склад полевого снабжения,คลัง​โลจิสติกส์​ภาค​สนาม,Kho Hàng Vận Chuyển Chiến Trường,Depot Logistik Medan
数据分析员的同步文件,數據分析員的同步檔案,File: Data Analyst Sync,データ分析員の同期ファイル,데이터 분석원이 동기화한 파일,Dossier : synchronisation d'analyste de données,Datei: Datenanalyst-Synchronisation,File: Sincronizzazione analista dati,Archivo: Sincronización del analista de datos,Arquivo: Sincronização do Analista de Dados,Файл: синхронизация аналитики,ไฟล์​: การ​ซิง​ก์​ของ​นักวิเคราะห์​ข้อมูล,Hồ Sơ: Đồng Bộ Nhà Phân Tích Dữ Liệu,File: Sinkronisasi Analis Data
档案,檔案,Files,ファイル,파일,Fichiers,Dateien,File,Archivos,Ficheiros,Файлы,ไฟล์,Tệp,Berkas
盛装的区域限制,盛裝的區域限制,Fill Action: Regional Restrictions,充填の地域制限,담기 구역 제한,Action de remplissage : restrictions régionales,Füllen-Aktion: Regionale Beschränkungen,Azione di riempimento: limiti regionali,Acción de llenado: Restricciones de zona,Ação Encher: Restrições Regionais,Наполнение: региональные ограничения,ทำการ​เติม​: ข้อจำกัด​ประจำ​ภูมิภาค,Hành Động Rót: Giới Hạn Khu Vực,Tindakan Pengisian: Batas Regional
兽肉,獸肉,Fillet,獣肉,비스트의 고기,Filet,Filet,Filetto,Filete,Filé,Стейк,เนื้อ​แล่,Phi Lê,Filet
油封赤盐焗兽排·升级,油封赤鹽焗獸排·升級,Fillet Confit Upgrade,塩漬け肉のコンフィ（強化）,소금구이 스테이크 · 업그레이드,Amélioration de filet confit,Verbesserung: Filet-Confit,Potenziamento: filetto confit,Mejora de confit de filete,Upgrade de Filé Confitado,Улучшение стейка конфи,อัป​เกรด​ฟิ​เล​ต์​กง​ฟี,Nâng Cấp Phi Lê Confit,Upgrade untuk Confit Filet
灌装机,灌裝機,Filling Unit,充填機,충진기,Unité de remplissage,Fülleinheit,Unità di riempimento,Unidad de relleno,Unidade de Enchimento,Модуль наполнения,ยู​นิต​เติม,Máy Chiết Rót,Unit Pengisi
灌装机模板,灌裝機模板,Filling Unit Template,充填機の設計図,충진기 템플릿,Modèle d'unité de remplissage,Vorlage: Fülleinheit,Schema: unità di riempimento,Molde de la Unidad de relleno,Gabarito de Unidade de Enchimento,Шаблон модуля наполнения,เทม​เพล​ต​ยู​นิต​เติม,Mẫu Máy Chiết Rót,Templat Unit Pengisi
灌装机 - 液体模式,灌裝機 - 液體模式,Filling Unit: Fluid Mode,充填機 - 液体対応,충진기 - 액체 모드,Unité de remplissage : mode Fluide,Fülleinheit: Flüssigkeitsmodus,Unità di riempimento: modalità liquidi,Unidad de relleno: Modo Fluido,Unidade de Enchimento: Modo de Fluido,Модуль наполнения: режим жидкостей,ยู​นิต​เติม​: โหม​ด​ของเหลว,Máy Chiết Rót: Chế Độ Lỏng,Unit Pengisi: Mode Cairan
灌装机 - 气液模式,灌裝機 - 氣液模式,Filling Unit: Gas & Fluid Mode,充填機 - ガス&液体モード,충진기 - 기체 · 액체 모드,Unité de remplissage : mode Gaz & Fluide,Fülleinheit: Gas- und Flüssigkeitsmodus,Unità di riempimento: modalità gas e liquido,Unidad de relleno: Modo gas y fluido,Unidade de Enchimento: Modo de Gás e Fluido,Модуль наполнения: газожидкостный режим,ยู​นิต​เติม​: โหม​ด​ก๊าซ​และ​ของเหลว,Máy Chiết Rót: Chế Độ Khí & Lỏng,Unit Pengisi: Mode Gas & Cairan
滤镜·黑金,濾鏡·黑金,Filter: Black and Gold,フィルター・ブラックゴールド,필터 · 블랙 골드,Filtre : noir et or,Filter: Schwarz und Gold,Filtro: dorato e nero,Filtro: Negro y Dorado,Filtro: Preto e Dourado,Фильтр «Черный с золотом»,ฟิลเตอร์​: ดำ​และ​ทอง,Bộ Lọc: Đen Và Vàng,Filter: Hitam dan Emas
滤镜·明亮,濾鏡·明亮,Filter: Bright,フィルター・ライト,필터 · 화사함,Filtre : clair,Filter: Hell,Filtro: luminoso,Filtro: Brillante,Filtro: Brilhante,Фильтр «Яркий»,ฟิลเตอร์​: สว่าง​สดใส,Bộ Lọc: Sáng,Filter: Terang
滤镜·冷调,濾鏡·冷調,Filter: Cool,フィルター・クール,필터 · 차가움,Filtre : froid,Filter: Kühl,Filtro: freddo,Filtro: Fresco,Filtro: Frio,Фильтр «Холодный»,ฟิลเตอร์​: เ​ท่ๆ​ คู​ลๆ,Bộ Lọc: Lạnh,Filter: Dingin
滤镜·暗色,濾鏡·暗色,Filter: Dark,フィルター・ダーク,필터 · 어두움,Filtre : sombre,Filter: Dunkel,Filtro: scuro,Filtro: Oscuro,Filtro: Escuro,Фильтр «Темный»,ฟิลเตอร์​: มืด​หม่น,Bộ Lọc: Tối,Filter: Gelap
滤镜·胶片,濾鏡·底片,Filter: Film Stock,フィルター・フィルム,필터 · 필름,Filtre : pellicule,Filter: Filmmaterial,Filtro: pellicola,Filtro: Película fotográfica,Filtro: Rolo de Filme,Фильтр «Кинопленка»,ฟิลเตอร์​: ม้วน​ฟิล์ม,Bộ Lọc: Cuộn Phim,Filter: Stok Film
滤镜·希望色彩,濾鏡·希望色彩,Filter: Hues of Hope,フィルター・ブライトカラー,필터 · 희망적인 색채,Filtre : teintes d'espoir,Filter: Farben der Hoffnung,Filtro: sfumature di speranza,Filtro: Tonos de esperanza,Filtro: Tons de Esperança,Фильтр «Оттенки надежды»,ฟิลเตอร์​: เฉดสี​แห่ง​ความหวัง,Bộ Lọc: Sắc Màu Hy Vọng,Filter: Rona Harapan
滤镜·黑白,濾鏡·黑白,Filter: Monochrome,フィルター・モノクロ,필터 · 흑백,Filtre : monochrome,Filter: Monochrom,Filtro: monocromatico,Filtro: Monocromático,Filtro: Monocromático,Фильтр «Монохром»,ฟิลเตอร์​: โม​โน​โครม,Bộ Lọc: Đơn Sắc,Filter: Monokrom
滤镜·苍白,濾鏡·蒼白,Filter: Pale,フィルター・ブルーホワイト,필터 · 창백,Filtre : pâle,Filter: Blass,Filtro: pallido,Filtro: Tenue,Filtro: Pálido,Фильтр «Блеклый»,ฟิลเตอร์​: สีซีด,Bộ Lọc: Nhạt Màu,Filter: Pucat
滤镜·清新,濾鏡·清新,Filter: Refreshing,フィルター・ナチュラル,필터 · 산뜻함,Filtre : rafraîchissant,Filter: Erfrischend,Filtro: rinfrescante,Filtro: Refrescante,Filtro: Frescor,Фильтр «Свежий»,ฟิลเตอร์​: สดชื่น,Bộ Lọc: Tươi Mới,Filter: Segar
滤镜·春,濾鏡·春,Filter: Spring,フィルター・スプリング,필터 · 봄날,Filtre : printanier,Filter: Frühling,Filtro: primavera,Filtro: Primavera,Filtro: Primavera,Фильтр «Весенний»,ฟิลเตอร์​: ฤดูใบไม้ผลิ,Bộ Lọc: Mùa Xuân,Filter: Musim Semi
滤镜·蓝橙,濾鏡·藍橙,Filter: Teal and Orange,フィルター・ブルーオレンジ,필터 · 블루 오렌지,Filtre : bleu et orange,Filter: Aquamarin und Orange,Filtro: verde e arancione,Filtro: Cian y naranja,Filtro: Azul e Laranja,Фильтр «Контрастный»,ฟิลเตอร์​: เขียว​นก​เป็ด​น้ำ​และ​ส้ม,Bộ Lọc: Xanh Lục Lam và Cam,Filter: Teal dan Oranye
滤镜·文艺,濾鏡·文藝,Filter: Thespian,フィルター・ロマンス,필터 · 문예,Filtre : théâtral,Filter: Theater,Filtro: teatrale,Filtro: Arte dramático,Filtro: Thespian,Фильтр «Эффектный»,ฟิลเตอร์​: เวที​การแสดง,Bộ Lọc: Diễn Giả,Filter: Thespian
滤镜·温暖,濾鏡·溫暖,Filter: Warm,フィルター・ウォーム,필터 · 따뜻함,Filtre : chaud,Filter: Warm,Filtro: caldo,Filtro: Cálido,Filtro: Quente,Фильтр «Теплый»,ฟิลเตอร์​: อบอุ่น,Bộ Lọc: Ấm Áp,Filter: Hangat
炸鳞薯条,炸鱗薯條,Fin-n-Chips,鱗獣アンドチップス,린수 앤 칩스,Frites et ailerons,Fin-n-Chips,Pinne e patatine,Aleta con papas fritas,Barbatanas e Fritas,Водоплав и картофель фри,ฟิน​แอนด์​ชิป​ส์,Cá và Khoai Chiên,Fin-n-Chip
马克的遗声,馬克的遺聲,Final Recording: Mark,マークの遺言,마크의 유언,Dernier enregistrement : marque,Finale Aufzeichnung: Mark,Registrazione finale: Mark,Grabación final: Mark,Gravação Final: Mark,Последняя запись: Марк,การ​บันทึก​สุดท้าย​: มาร์ค,Bản Ghi Cuối Cùng: Mark,Rekaman Terakhir: Mark
逐鳞3.0,逐鱗3.0,Finchaser 3.0,フィンチェイサー3.0,린수를 찾아서 3.0,Chassailettes 3.0,Flösslerjäger 3.0,Predatrice 3.0,Cazaletas 3.0,Caça-Barbatanas 3.0,Водоплаволов 3.0,ฟิน​เช​ส​เซอร์​ 3.0,Thợ Săn Cá 3.0,Finchaser 3.0
重新找到长耳兽,重新找到長耳獸,Finding Long-ears Again,"<p=""ながみみじゅう"" padding=0>長耳獣</p>のリセット",큰 귀 토끼 다시 찾기,Retrouver des longauris,Langohren erneut finden,Ritrovare i lungorecchi,Encontrar de nuevo al orejilarga.,Como Encontrar Orelhas Longas Novamente,Повторный поиск длинноуха,ตามหา​เจ้า​หู​ยาว​อีกครั้ง,Tìm Lại Tai Dài,Mencari Kuping Panjang Lagi
定位协议采录桩,定位協議採錄樁,Finding Protocol Dataloggers,協約測定装置の特定,프로토콜 데이터 수집기 위치를 확인하기,Trouver les enregistreurs de données du Protocole,Protokoll-Datenlogger finden,Trovare i registratori dati protocollari,Encontrando Registradores de datos de protocolo,Encontrando Registros de Dados do Protocolo,Поиск протокольных регистраторов,การ​ค้นหา​เครื่อง​เก็บข้อมูล​โปร​โต​คอล,Tìm Thiết Bị Ghi Dữ Liệu Giao Thức,Mencari Pencatat Datalog Protokol
精良的大结核,精良的大結核,Fine Nodule [L],精巧な大晶核,양질 대결핵,Nodule fin [G],Erstklassiger Nodulus [L],Nodulo fine (L),Nódulo fino [G],Nódulo Fino [G],Улучшенное отложение [бол.],ก้อน​ผลึก​ชั้นดี​ [L],Hạch Tinh Mịn [Lớn],Nodul Halus [L]
精良的中结核,精良的中結核,Fine Nodule [M],精巧な中晶核,양질 중결핵,Nodule fin [M],Erstklassiger Nodulus [M],Nodulo fine (M),Nódulo fino [M],Nódulo Fino [M],Улучшенное отложение [ср.],ก้อน​ผลึก​ชั้นดี​ [M],Hạch Tinh Mịn [Trung],Nodul Halus [M]
精良的小结核,精良的小結核,Fine Nodule [S],精巧な小晶核,양질 소결핵,Nodule fin [P],Erstklassiger Nodulus [S],Nodulo fine (S),Nódulo fino [P],Nódulo Fino [P],Улучшенное отложение [мал.],ก้อน​ผลึก​ชั้นดี​ [S],Hạch Tinh Mịn [Nhỏ],Nodul Halus [S]
精良的大结核,精良的大結核,Fine Nodule L,精巧な大晶核,양질 대결핵,Nodule fin G,Erstklassiger Nodulus L,Nodulo fine L,Nódulo fino G,Nódulo Fino G,Улучшенное отложение бол.,ก้อน​ผลึก​ชั้นดี​ L,Hạch Tinh Mịn Lớn,Nodul Halus L
精良的中结核,精良的中結核,Fine Nodule M,精巧な中晶核,양질 중결핵,Nodule fin M,Erstklassiger Nodulus M,Nodulo fine M,Nódulo fino M,Nódulo Fino M,Улучшенное отложение ср.,ก้อน​ผลึก​ชั้นดี​ M,Hạch Tinh Mịn Trung,Nodul Halus M
精良的小结核,精良的小結核,Fine Nodule S,精巧な小晶核,양질 소결핵,Nodule fin P,Erstklassiger Nodulus S,Nodulo fine S,Nódulo fino P,Nódulo Fino P,Улучшенное отложение мал.,ก้อน​ผลึก​ชั้นดี​ S,Hạch Tinh Mịn Nhỏ,Nodul Halus S
处决,處決,Finisher,終撃,처형,Coup fatal,Wuchtschlag,Mossa letale,Remate,Finalizador,Добивание,ท่า​ไม้ตาย,Kết Liễu,Penuntas
终点之声,終點之聲,Finishing Call,最期の声,최후의 메아리,Appel final,Finaler Schrei,Chiamata finale,Llamada final,Chamado Final,Финальный вызов,สัญญาณ​จบ​งาน,Thanh Âm Kết Liễu,Finishing Call
火与剑,火與劍,Fire and Sword,剣と炎,불과 검,Le feu et l'épée,Feuer und Schwert,Il fuoco e la spada,Fuego y espada,Fogo e Espada,Огонь и меч,ไฟ​และ​ดาบ,Lửa và Kiếm,Api dan Pedang
映火荞花,映火蕎花,Firebuckle,火映蕎花,화염 메밀꽃,Flammélis,Feuerschnalle,Arcorubino,Hebilla de fuego,Cervina Vermelha,Огнегреч,ไฟร์​บัค​เคิล,Kiều Mạch Lửa,Firebuckle
荞愈药粉,蕎癒藥粉,Firebuckle Powder,火映蕎花粉薬,화염 메밀꽃 가루,Poudre de flammélis,Feuerschnallen-Pulver,Polvere di arcorubini,Polvo de hebilla de fuego,Pó de Cervina Vermelha,Молотый огнегреч,ผง​ไฟร์​บัค​เคิล,Bột Kiều Mạch Lửa,Bubuk Firebuckle
映火荞花样本,映火蕎花樣本,Firebuckle Sample,火映蕎花のサンプル,화염 메밀꽃 표본,Échantillon de flammélis,Probe: Feuerschnalle,Campione di arcorubino,Muestra de Hebilla de fuego,Amostra de Cervina Vermelha,Образец огнегреча,ตัวอย่าง​ไฟร์​บัค​เคิล,Mẫu Kiều Mạch Lửa,Sampel Firebuckle
火雾源石虫,火霧源石蟲,Firemist Originium Slug,熱霧オリジムシ,화염원석충,Limace d'originium de brumefeu,Feuernebel-Originium-Schnecke,Origilumaca ardifoschia,Babosa de Originio de brumafuego,Lesma do Originium Névoa de Fogo,Ориджиниевый слизень огнетумана,ทาก​ออ​ริ​จิ​เนียม​หมอก​เพลิง,Sên Originium Sương Lửa,Siput Originium Firemist
柴火白饭·升级,柴火白飯·升級,Firestove Rice Upgrade,薪火のふっくらごはん（強化）,장작불 쌀밥 · 업그레이드,Amélioration de riz au fourneau,Verbesserung: Holzfeuerreis,Potenziamento: riso su fuoco a legna,Mejora de arroz al fuego,Upgrade de Arroz no Fogão a Lenha,Улучшение риса из дровяной печи,อัป​เกรด​ข้าว​หม้อ​ไฟ,Nâng Cấp Cơm Bếp Củi,Upgrade untuk Nasi Tungku
香辣压制粉块·升级,香辣壓製粉塊·升級,Firetack Upgrade,スパイシービスケット（強化）,매운 압축 분말 · 업그레이드,Amélioration des biscuits épicés,Verbesserung: Feuer-Keks,Potenziamento: galletta piccante,Mejora de galleta picante,Upgrade de Cracker Apimentado,Улучшение огненной галеты,อัป​เกรด​ไฟร์​แทค,Nâng Cấp Bánh Quy Cay,Upgrade untuk Firetack
行火留烬十连凭证,行火留燼十連憑證,Firewalker's Trail 10×Permit,「不滅の残火」10回スカウト券,불꽃의 여운 헤드헌팅 10회 허가증,Permis REC Piste des marchefeux ×10,10er-Feuerläuferpfad-RK-Genehmigung,Permesso CT-10: Scia incandescente,Permiso de Sendero del Caminante de Fuego x10,Permissão 10× do Andarilho de Fogo,Разрешение на наем х10 «Тропа огнестранника»,ใบอนุญาต​เส้นทาง​ผู้เดิน​บน​เปลวเพลิง​×10,Vé Dấu Chân Lửa ×10,Surat Izin 10× Jejak si Pengembara Api
行火留烬寻访凭证,行火留燼尋訪憑證,Firewalker's Trail HH Permit,「不滅の残火」スカウト券,불꽃의 여운 헤드헌팅 허가증,Permis REC Piste des marchefeux,Feuerläuferpfad-RK-Genehmigung,Permesso CT: Scia incandescente,Permiso de C.R. de Sendero del Caminante de fuego,Permissão para CT do Andarilho de Fogo,Разрешение на наем «Тропа огнестранника»,ใบอนุญาต​ HH เส้นทาง​ผู้เดิน​บน​เปลวเพลิง,Vé Chiêu Mộ Dấu Chân Lửa,Surat Izin HH Jejak si Pengembara Api
初绽霜花,初綻霜花,First Rime to Bloom,霜華開く,첫 서리꽃,Givre fleuri,Erblühen des ersten Raureifs,Fiori nati dal gelo,Primera escarcha en florecer,Primeira Rima a Florescer,Первые заморозки,น้ำค้าง​แรก​ผลิบาน,Sương Giá Đầu Tiên Nở Hoa,Mekarnya Bunga Es Pertama
配件机,配件機,Fitting Unit,組立機,부품 가공기,Unité d'ajustage,Einpasseinheit,Unità di adattamento,Unidad de ajuste,Unidade de Montagem,Модуль штамповки,ยู​นิต​พิมพ์​แบบ,Máy Lắp Ráp,Unit Pengepas
配件机模板,配件機模板,Fitting Unit Template,組立機の設計図,부품 가공기 템플릿,Modèle d'unité d'ajustage,Vorlage: Einpasseinheit,Schema: unità di adattamento,Molde de la Unidad de ajuste,Gabarito de Unidade de Montagem,Шаблон модуля штамповки,เทม​เพล​ต​ยู​นิต​พิมพ์​แบบ,Mẫu Máy Lắp Ráp,Templat Unit Pengepas
易燃凝胶,易燃凝膠,Flammable Gel,可燃ゲル,가연성 젤,Gel inflammable,Brennbares Gel,Gel infiammabile,Gel inflamable,Gel Inflamável,Огнеопасный гель,เจล​ไวไฟ,Keo Dễ Cháy,Gel Mudah Terbakar
无瑕基质,無瑕基質,Flawless Essence,純粋基質,무결 기질,Essence parfaite,Makellose Essenz,Essenza immacolata,Esencia impecable,Essência Perfeita,Безупречная эссенция,แก่นแท้​ไร้​ที่​ติ,Tinh Chất Hoàn Hảo,Esensi Jernih
无瑕基质·强攻,無瑕基質·強攻,Flawless Essence: Assault,純粋基質・強攻,무결 기질 · 강공,Essence parfaite : assaut,Makellose Essenz: Sturmangriff,Essenza immacolata: Assalto,Esencia impecable: Asalto,Essência Perfeita: Assalto,Безупречная эссенция: натиск,แก่นแท้​ไร้​ที่​ติ​ จู่โจม,Tinh Chất Hoàn Hảo: Đột Kích,Esensi Jernih: Assault
无瑕基质·残暴,無瑕基質·殘暴,Flawless Essence: Brutality,純粋基質・残虐,무결 기질 · 잔혹,Essence parfaite : brutalité,Makellose Essenz: Brutalität,Essenza immacolata: Brutalità,Esencia impecable: Brutalidad,Essência Perfeita: Brutalidade,Безупречная эссенция: жестокость,แก่นแท้​ไร้​ที่​ติ​ เกรี้ยวกราด,Tinh Chất Hoàn Hảo: Tàn Bạo,Esensi Jernih: Brutality
无瑕基质·巧技,無瑕基質·巧技,Flawless Essence: Combative,純粋基質・巧技,무결 기질 · 기예,Essence parfaite : combativité,Makellose Essenz: Kämpferisch,Essenza immacolata: Combattività,Esencia impecable: Combativa,Essência Perfeita: Combativo,Безупречная эссенция: драчливость,แก่นแท้​ไร้​ที่​ติ​ บุก​ตะลุย,Tinh Chất Hoàn Hảo: Hiếu Chiến,Esensi Jernih: Combative
无瑕基质·粉碎,無瑕基質·粉碎,Flawless Essence: Crusher,純粋基質・破砕,무결 기질 · 분쇄,Essence parfaite : broyage,Makellose Essenz: Brecher,Essenza immacolata: Distruzione,Esencia impecable: Triturador,Essência Perfeita: Esmagador,Безупречная эссенция: разрушение,แก่นแท้​ไร้​ที่​ติ​ จอม​บดขยี้,Tinh Chất Hoàn Hảo: Nghiền,Esensi Jernih: Crusher
无瑕基质·迸发,無瑕基質·迸發,Flawless Essence: Detonate,純粋基質・噴発,무결 기질 · 방출,Essence parfaite : détonation,Makellose Essenz: Explodieren,Essenza immacolata: Detonazione,Esencia impecable: Detonar,Essência Perfeita: Detonar,Безупречная эссенция: детонация,แก่นแท้​ไร้​ที่​ติ​ จุด​ระเบิด,Tinh Chất Hoàn Hảo: Kích Nổ,Esensi Jernih: Detonate
无瑕基质·效益,無瑕基質·效益,Flawless Essence: Efficacy,純粋基質・効率,무결 기질 · 효율,Essence parfaite : efficacité,Makellose Essenz: Wirksamkeit,Essenza immacolata: Efficacia,Esencia impecable: Eficacia,Essência Perfeita: Eficácia,Безупречная эссенция: эффективность,แก่นแท้​ไร้​ที่​ติ​ ประสิทธิภาพ,Tinh Chất Hoàn Hảo: Hiệu Lực,Esensi Jernih: Efficacy
无瑕基质·流转,無瑕基質·流轉,Flawless Essence: Flow,純粋基質・流回,무결 기질 · 흐름,Essence parfaite : flux,Makellose Essenz: Strömung,Essenza immacolata: Flusso,Esencia impecable: Flujo,Essência Perfeita: Fluxo,Безупречная эссенция: поток,แก่นแท้​ไร้​ที่​ติ​ ไหล​ลื่น,Tinh Chất Hoàn Hảo: Uyển Chuyển,Esensi Jernih: Flow
无瑕基质·切骨,無瑕基質·切骨,Flawless Essence: Fracture,純粋基質・切骨,무결 기질 · 골절,Essence parfaite : fracture,Makellose Essenz: Bruch,Essenza immacolata: Frattura,Esencia impecable: Fractura,Essência Perfeita: Fratura,Безупречная эссенция: разрыв,แก่นแท้​ไร้​ที่​ติ​ พังทลาย,Tinh Chất Hoàn Hảo: Rạn Nứt,Esensi Jernih: Fracture
无瑕基质·附术,無瑕基質·附術,Flawless Essence: Infliction,純粋基質・付術,무결 기질 · 고통,Essence parfaite : altération,Makellose Essenz: Zufügen,Essenza immacolata: Afflizione,Esencia impecable: Imposición,Essência Perfeita: Inflição,Безупречная эссенция: поражение,แก่นแท้​ไร้​ที่​ติ​ สร้าง​บาดแผล,Tinh Chất Hoàn Hảo: Nhiễm,Esensi Jernih: Infliction
无瑕基质·昂扬,無瑕基質·昂揚,Flawless Essence: Inspiring,純粋基質・昂揚,무결 기질 · 사기,Essence parfaite : inspiration,Makellose Essenz: Inspirierend,Essenza immacolata: Ispirazione,Esencia impecable: Inspiradora,Essência Perfeita: Inspirador,Безупречная эссенция: муза,แก่นแท้​ไร้​ที่​ติ​ สร้าง​กำลังใจ,Tinh Chất Hoàn Hảo: Cảm Hứng,Esensi Jernih: Inspiring
无瑕基质·医疗,無瑕基質·醫療,Flawless Essence: Medicant,純粋基質・治癒,무결 기질 · 의료,Essence parfaite : cure,Makellose Essenz: Pharmakon,Essenza immacolata: Cura,Esencia impecable: Medicante,Essência Perfeita: Medicinal,Безупречная эссенция: лечение,แก่นแท้​ไร้​ที่​ติ​ เยียวยา,Tinh Chất Hoàn Hảo: Chữa Lành,Esensi Jernih: Medicant
无瑕基质·追袭,無瑕基質·追襲,Flawless Essence: Pursuit,純粋基質・追襲,무결 기질 · 추격,Essence parfaite : poursuite,Makellose Essenz: Verfolgungsangriff,Essenza immacolata: Inseguimento,Esencia impecable: Persecución,Essência Perfeita: Perseguição,Безупречная эссенция: азарт,แก่นแท้​ไร้​ที่​ติ​ ไล่​ล่า,Tinh Chất Hoàn Hảo: Truy Kích,Esensi Jernih: Pursuit
无瑕基质·压制,無瑕基質·壓制,Flawless Essence: Suppression,純粋基質・圧制,무결 기질 · 억제,Essence parfaite : suppression,Makellose Essenz: Unterdrückung,Essenza immacolata: Soppressione,Esencia impecable: Supresión,Essência Perfeita: Supressão,Безупречная эссенция: подавление,แก่นแท้​ไร้​ที่​ติ​ ปราบปราม,Tinh Chất Hoàn Hảo: Áp Chế,Esensi Jernih: Suppression
无瑕基质·夜幕,無瑕基質·夜幕,Flawless Essence: Twilight,純粋基質・夜幕,무결 기질 · 어둠,Essence parfaite : crépuscule,Makellose Essenz: Abenddämmerung,Essenza immacolata: Crepuscolo,Esencia impecable: Crepúsculo,Essência Perfeita: Crepúsculo,Безупречная эссенция: сумерки,แก่นแท้​ไร้​ที่​ติ​ ลี้ลับ,Tinh Chất Hoàn Hảo: Chạng Vạng,Esensi Jernih: Twilight
雾中微光,霧中微光,Flickers in the Mist,朧光,안개 속 불빛,Faible lueur dans la brume,Schimmer im Nebel,Scintille nella nebbia,Destellos en la niebla,Brilhos na Névoa,Всполохи в тумане,แสง​ริบหรี่​ใน​ม่าน​หมอก,Đốm Sáng giữa Màn Sương,Flickers in the Mist
悬浮箱子 -  一,懸浮箱子 - 一,Floating Crate (1),浮遊箱 - 1,이동 가능 상자 - 1,Caisse flottante (1),Schwebende Kiste (1),Cassa sospesa (1),Caja flotante (1),Caixote Flutuante (1),Парящий ящик (1),ลัง​ลอย​ (1),Thùng Nổi (1),Kerat Apung (1)
悬浮箱子 -  二,懸浮箱子 - 二,Floating Crate (2),浮遊箱 - 2,이동 가능 상자 - 2,Caisse flottante (2),Schwebende Kiste (2),Cassa sospesa (2),Caja flotante (2),Caixote Flutuante (2),Парящий ящик (2),ลัง​ลอย​ (2),Thùng Nổi (2),Kerat Apung (2)
悬浮箱子感应开关,懸浮箱子感應開關,Floating Crate: Pressure Switch,浮遊箱センサー装置,이동 가능 상자 센서,Caisse flottante : plaque de pression,Schwebende Kiste: Druckschalter,Cassa sospesa: interruttore a pressione,Caja flotante: Interruptor de presión,Caixote Flutuante: Interruptor de Pressão,Парящий ящик: переключатель давления,ลัง​ลอย​: สวิตช์​แรงดัน,Thùng Nổi: Công Tắc Áp Suất,Kerat Apung: Sakelar Tekanan
悬浮箱子运输电梯,懸浮箱子運輸電梯,Floating Crate: Transport Elevator,浮遊箱輸送リフト,이동 가능 상자 운송 엘리베이터,Caisse flottante : monte-charge,Schwebende Kiste: Transportaufzug,Cassa sospesa: montacarichi,Caja flotante: ascensor de transporte,Caixote Flutuante: Elevador de Transporte,Парящий ящик: лифт,ลัง​ลอย​: ลิฟต์​ขนส่ง,Thùng Nổi: Thang Máy Vận Chuyển,Kerat Apung: Elevator Angkut
控流节点,控流節點,Flow Control Node,"水<p=""せいりゅう"" padding=0>制流</p>装置",유량 제어 노드,Nœud de contrôle des flux,Strömungssteuerungsknoten,Nodo di controllo del flusso,Nodo de control de flujo,Nó de Controle de Fluxo,Узел регулирования потока,โหนด​ควบคุม​การ​ไหล,Điểm Kiểm Soát Dòng,Nodus Kontrol Aliran
万古流,Flow of Eons,Flow of Eons,Flow of Eons,Flow of Eons,Flow of Eons,Flow of Eons,Flow of Eons,Flow of Eons,Flow of Eons,Flow of Eons,Flow of Eons,Flow of Eons,Flow of Eons
物流限速,物流限速,Flow Rate Adjustment,物流速度制限,물류 속도 제한,Réglage du débit,Flussrate-Anpassung,Regolazione della portata,Ajuste de la tasa de flujo,Ajuste na Taxa de Fluxo,Настройка скорости потока,การ​ปรับ​อัตรา​การ​ไหล,Điều Chỉnh Tốc Độ Chảy,Penyesuaian Laju Aliran
沉浮,沉浮,Flowing with the Go,浮き沈み,오르내림,Aucun secret,Strömen mit dem Schwimmer,Segui la corrente,Siguiendo el flujo,Seguindo o Fluxo,Идти по течению,ไหล​ไป​กับ​กระแส,Theo Dòng Chảy,Mengalir Bersama Arus
蓬茸锦草,蓬茸錦草,Fluffed Jincao,毛羽錦草,우거진 금초,Astéracée duveteuse,Flauschiges Jincao,Jincao soffice,Jincao esponjado,Capim-Seda Amaciado,Пышный цзиньцао,หญ้า​ไหม​ฟู,Cỏ Sao Lụa Xù,Jincao Halus
蓬茸锦草粉末,蓬茸錦草粉末,Fluffed Jincao Powder,毛羽錦草粉薬,우거진 금초 가루,Poudre d'astéracée duveteuse,Flauschiges Jincao-Pulver,Polvere di jincao soffice,Polvo de Jincao esponjado,Pó de Capim-Seda Amaciado,Молотый пышный цзиньцао,ผง​หญ้า​ไหม​ฟู,Bột Cỏ Sao Lụa Xù,Bubuk Jincao Halus
蓬茸锦草样本,蓬茸錦草樣本,Fluffed Jincao Sample,毛羽錦草のサンプル,우거진 금초 표본,Échantillon d'astéracée duveteuse,Probe: Flauschiges Jincao,Campione di jincao soffice,Muestra de Jincao esponjado,Amostra de Capim-Seda Amaciado,Образец пышного цзиньцао,ตัวอย่าง​หญ้า​ไหม​ฟู,Mẫu Cỏ Sao Lụa Xù,Sampel Jincao Halus
精炼炉的液体模式,精煉爐的液體模式,Fluid Mode: Refining Unit,精錬炉の液体対応モード,정련로의 액체 모드,Mode Fluide : unité de raffinage,Flüssigkeitsmodus: Veredelungseinheit,Modalità liquidi: unità di raffinazione,Modo fluido: Unidad de refinado,Modo de Fluido: Unidade de Refinaria,Режим жидкостей: модуль очистки,โหม​ด​ของเหลว​: ยู​นิต​กลั่น​หลอม,Chế Độ Lỏng: Lò Tinh Luyện,Mode Cairan: Unit Rafinasi
水泵,水泵,Fluid Pump,液体ポンプ,양수기,Pompe à fluide,"Flüssigkeits-
pumpe",Pompa per liquidi,Bomba de fluido,Bomba de Fluido,Гидронасос,ปั๊ม​ของเหลว,Máy Bơm Chất Lỏng,Pompa Cairan
水泵模板,水泵模板,Fluid Pump Template,液体ポンプの設計図,양수기 템플릿,Modèle de pompe à fluide,Vorlage: Flüssigkeitspumpe,Schema: pompa per liquidi,Molde de la Bomba de fluido,Gabarito de Bomba de Fluido,Шаблон гидронасоса,เทม​เพล​ต​ปั๊ม​ของเหลว,Mẫu Máy Bơm Chất Lỏng,Templat Pompa Cairan
使用水泵获取液体,使用水泵獲得液體,Fluid Pump: Acquiring Fluids,液体ポンプでの汲み上げ,양수기를 사용하여 액체를 획득하기,Pompe à fluide : obtenir des fluides,Flüssigkeitspumpe: Flüssigkeiten gewinnen,Pompa per liquidi: acquisizione liquidi,Bomba de fluido: Adquisición de fluidos,Bomba de Fluido: Aquisição de Fluidos,Гидронасос: закачка жидкости,ปั๊ม​ของเหลว​: การ​ดูด​ของเหลว,Máy Bơm Chất Lỏng: Thu Thập Chất Lỏng,Pompa Cairan: Mendapatkan Cairan
水泵的放置,水泵的擺放,Fluid Pump: Placement,液体ポンプの設置,양수기의 배치,Pompe à fluide : placement,Flüssigkeitspumpe: Platzierung,Pompa per liquidi: posizionamento,Bomba de fluido: Colocación,Bomba de Fluido: Colocação,Гидронасос: размещение,ปั๊ม​ของเหลว​: การ​จัดวาง,Máy Bơm Chất Lỏng: Lắp Đặt,Pompa Cairan: Penempatan
水泵抽水 - 液面下降,水泵抽水 - 液面下降,Fluid Pumps: Lowering Fluid Levels,液体ポンプで汲み上げる - 水位低下,양수기로 물을 끌어올리기 - 수면 하강,Pompes à fluide : abaissement des niveaux de fluide,Flüssigkeitspumpe: Flüssigkeitsstand senken,Pompe per liquidi: abbassare i livelli di liquido,Bombas de fluido: Disminución de niveles de fluido,Bombas de Fluido: Redução dos Níveis de Fluido,Гидронасос: понижение уровня жидкости,ปั๊ม​ของเหลว​: การ​ลด​ระดับ​ของเหลว,Máy Bơm Chất Lỏng: Giảm Mức Chất Lỏng,Pompa Cairan: Menurunkan Ketinggian Cairan
给水器,液體供給器,Fluid Supply Unit,排水機,액체 배출 장치,Unité d'alimentation en fluide,Flüssigkeitsversor-gungseinheit,Unità di erogazione liquidi,Unidad de suministro de fluido,Unidade de Suprimento de Fluidos,Модуль подачи жидкости,ยู​นิต​จ่าย​ของเหลว,Bộ Cấp Nước,Unit Pasokan Cairan
给水器模板,液體供給器模板,Fluid Supply Unit Template,排水機の設計図,액체 배출 장치 템플릿,Modèle d'unité d'alimentation en fluide,Vorlage: Flüssigkeitsversorgungseinheit,Schema: unità di erogazione liquidi,Molde de la Unidad de suministro de fluido,Gabarito de Unidade de Suprimento de Fluidos,Шаблон модуля подачи жидкости,เทม​เพล​ต​ยู​นิต​จ่าย​ของเหลว,Mẫu Bộ Cấp Nước,Templat Unit Pasokan Cairan
使用给水器供给液体,使用液體供給器供給液體,Fluid Supply Unit: Fluid Supplying,排水機で液体を放出,액체 배출 장치를 사용하여 액체를 배출하기,Unité d'alimentation en fluide : alimentation en fluide,Flüssigkeitsversorgungseinheit: Flüssigkeitsversorgung,Unità di erogazione liquidi: erogazione liquidi,Unidad de suministro de fluido: Suministro de fluido,Unidade de Suprimento de Fluidos: Suprimento de Fluidos,Модуль подачи жидкости: подача жидкости,ยู​นิต​จ่าย​ของเหลว​: การ​จ่าย​ของเหลว,Bộ Cấp Nước: Cung Cấp Chất Lỏng,Unit Pasokan Cairan: Mengalirkan Cairan
给水器的放置,液體供給器的擺放,Fluid Supply Unit: Placement,排水機の設置,액체 배출 장치의 배치,Unité d'alimentation en fluide : placement,Flüssigkeitsversorgungseinheit: Platzierung,Unità di erogazione liquidi: posizionamento,Unidad de suministro de fluido: Colocación,Unidade de Suprimento de Fluidos: Colocação,Модуль подачи жидкости: размещение,ยู​นิต​จ่าย​ของเหลว​: การ​จัดวาง,Bộ Cấp Nước: Lắp Đặt,Unit Pasokan Cairan: Penempatan
给水器输出水 - 液面上升,液體供給器輸出水 - 液面上升,Fluid Supply Unit: Raising Fluid Levels,排水機で放出する - 水位上昇,액체 배출 장치로 물을 배출하기 - 수면 상승,Unité d'alimentation en fluide : augmentation des niveaux de fluide,Flüssigkeitsversorgungseinheit: Flüssigkeitsstand anheben,Unità di erogazione liquidi: aumentare i livelli di liquido,Unidad de suministro de fluido: Incremento de niveles de fluido,Unidade de Suprimento de Fluidos: Aumento dos Níveis de Fluido,Модуль подачи жидкости: повышение уровня жидкости,ยู​นิต​จ่าย​ของเหลว​: การ​เพิ่ม​ระดับ​ของเหลว,Bộ Cấp Nước: Tăng Mức Chất Lỏng,Unit Pasokan Cairan: Menaikkan Ketinggian Cairan
储液罐,儲液罐,Fluid Tank,液体貯蔵タンク,액체 저장 탱크,Réservoir de fluide,Flüssigkeitstank,Serbatoio per liquidi,Tanque de fluido,Tanque de Fluido,Бак для жидкости,ถัง​เก็บของ​เหลว,Bể Chứa Chất Lỏng,Tangki Cairan
储液罐模板,儲液罐模板,Fluid Tank Template,液体貯蔵タンクの設計図,액체 저장 탱크 템플릿,Modèle de réservoir de fluide,Vorlage: Flüssigkeitstank,Schema: serbatoio per liquidi,Molde del Tanque de fluido,Gabarito de Tanque de Fluido,Шаблон бака для жидкости,เทม​เพล​ต​ถัง​เก็บของ​เหลว,Mẫu Bể Chứa Chất Lỏng,Templat Tangki Cairan
液气转化机,液氣轉化機,Fluid-Gas Transmuting Unit,ガス液体転換機,액체 · 기체 전환기,Unité de transmutation fluide-gaz,Flüssigkeit-Gas-Transmutations-einheit,Unità di trasmutazione liquido-gas,Unidad de transmutación fluido-gas,Unidade de Transmutação Fluido-Gás,Модуль жидкостно-газового видоизменения,ยู​นิต​แปรสภาพ​ของเหลว​-​ก๊าซ,Máy Chuyển Hóa Khí Lỏng,Unit Transmutasi Cair-Gas
液气转化机模板,液氣轉化機模板,Fluid-Gas Transmuting Unit Template,ガス液体転換機の設計図,액체 · 기체 전환기 템플릿,Modèle d'unité de transmutation fluide-gaz,Vorlage: Flüssigkeit-Gas-Transmutationseinheit,Schema: unità di trasmutazione liquido-gas,Molde de Unidad de transmutación fluido-gas,Gabarito de Unidade de Transmutação Fluido-Gás,Шаблон модуля жидкостно-газового видоизменения,เทม​เพล​ต​ยู​นิต​แปรสภาพ​ของเหลว​-​ก๊าซ,Mẫu Máy Chuyển Hóa Khí Lỏng,Templat Unit Transmutasi Cair-Gas
激活端口 - 液气转化机,啟動口 - 液氣轉化機,Fluid-Gas Transmuting Unit: Activation Port,起動接続口 - ガス液体転換機,활성화 포트 - 액체 · 기체 전환기,Unité de transmutation fluide-gaz : port d'activation,Flüssigkeit-Gas-Transmutationseinheit: Aktivierungs-Port,Unità di trasmutazione liquido-gas: porta di attivazione,Unidad de transmutación fluido-gas: Puerto de activación,Unidade de Transmutação Fluido-Gás: Porta de Ativação,Модуль жидкостно-газового видоизменения: порт активации,ยู​นิต​แปรสภาพ​ของเหลว​-​ก๊าซ​: พอร์ต​เปิด​ใช้งาน,Máy Chuyển Hóa Khí Lỏng: Cổng Kích Hoạt,Unit Transmutasi Cair-Gas: Porta Aktivasi
不可混合液体,不可混合液體,Fluids Cannot be Mixed,液体混合不可,혼합할 수 없는 액체,Les fluides ne peuvent pas être mélangés.,Kein Vermischen von Flüssigkeiten,I liquidi non si possono mescolare,Los fluidos no pueden mezclarse,Não é possível misturar fluidos,Жидкости нельзя смешивать,ของเหลว​ไม่​สามารถ​ผสม​กัน​ได้,Chất Lỏng Không Thể Trộn Lẫn,Cairan Tidak Boleh Dicampur
荧光雷羽,螢光雷羽,Fluorescent Roc,蛍光雷羽,섬광 번개,Roc fluorescent,Fluoreszierende Drohne,Roccia fluorescente,Roc fluorescente,Rocha Fluorescente,Флуоресценция,ร็อก​ฟลู​ออ​เรส​เซนต์,Lôi Quang Vũ,Fluorescent Roc
萤石,螢石,Fluorite,フローライト,플루라이트,Fluorite,Fluorite,Fluorite,Fluorite,Fluorite,Флюорит,ฟลู​โอ​ไรต์,Fluorite,Fluorite
萤石的信物,螢石的信物,Fluorite's Token,フローライトの印,플루라이트의 증표,Jeton de Fluorite,Fluorites Token,Gettone di Fluorite,Ficha de Fluorite,Símbolo de Fluorite,Жетон Флюорит,โท​เคน​ของ​ฟลู​โอ​ไรต์,Tín Vật Của Fluorite,Token Fluorite
一支笛子,一支笛子,Flute,1本の笛,피리 한 자루,Flûte,Flöte,Flauto,Flauta,Flauta,Флейта,ขลุ่ย,Cây Sáo,Seruling
食品包裹,食品包裹,Food Package,食料品の荷物,식품 소포,Colis de nourriture,Nahrungspäckchen,Pacco di cibo,Empaquetado de comida,Pacote de Alimentos,Посылка с едой,อาหาร​บรรจุ​ห่อ,Gói Thực Phẩm,Kemasan Makanan
洪炉扩容I,洪爐擴容I,Forge Expansion I,洪炉拡張Ⅰ,화로 확장 I,Extension de forge I,Schmiedeerweiterung I,Espansione forgiatura I,Expansión de la Forja I,Expansão da Forja I,Расширение кузницы I,การ​ขยาย​โรง​ตี​เหล็ก​ I,Mở Rộng Lò Rèn I,Perluasan Tempa I
洪炉扩容II,洪爐擴容II,Forge Expansion II,洪炉拡張Ⅱ,화로 확장 II,Extension de forge II,Schmiedeerweiterung II,Espansione forgiatura II,Expansión de la Forja II,Expansão da Forja II,Расширение кузницы II,การ​ขยาย​โรง​ตี​เหล็ก​ II,Mở Rộng Lò Rèn II,Perluasan Tempa II
洪炉扩容III,洪爐擴容III,Forge Expansion III,洪炉拡張Ⅲ,화로 확장 III,Extension de forge III,Schmiedeerweiterung III,Espansione forgiatura III,Expansión de la forja III,Expansão da Forja III,Расширение кузницы III,การ​ขยาย​โรง​ตี​เหล็ก​ III,Mở Rộng Lò Rèn III,Perluasan Tempa III
洪炉扩容IV,洪爐擴容IV,Forge Expansion IV,洪炉拡張Ⅳ,화로 확장 IV,Extension de forge IV,Schmiedeerweiterung IV,Espansione forgiatura IV,Expansión de la forja IV,Expansão da Forja IV,Расширение кузницы IV,การ​ขยาย​โรง​ตี​เหล็ก​ IV,Mở Rộng Lò Rèn IV,Perluasan Tempa IV
天有洪炉,天有洪爐,Forge of the Sky,天有洪炉,천화로,Forge des cieux,Schmiede des Himmels,Forgia celeste,Forja del cielo,Forja dos Céus,Небесная кузница,โรง​ตี​เหล็ก​แห่ง​ท้องฟ้า,Lò Rèn Bầu Trời,Tempaan Langit
天有洪炉研究记录,天有洪爐研究紀錄,Forge of the Sky Research Log,天有洪炉研究記録,천화로 연구 기록,Journal de recherche sur la forge des cieux,Schmiede-des-Himmels-Forschungs-Logbuch,Registro di ricerca sulla Forgia celeste,Registro de investigación de Forja del cielo,Log de Pesquisa da Forja dos Céus,Журнал исследований небесной кузницы,บันทึก​การวิจัย​โรง​ตี​เหล็ก​แห่ง​ท้องฟ้า,Nhật Ký Nghiên Cứu Lò Rèn Bầu Trời,Log Penelitian Tempaan Langit
天有洪炉模板,天有洪爐模板,Forge of the Sky Template,天有洪炉の設計図,천화로 템플릿,Modèle de Forge des cieux,Vorlage: Schmiede des Himmels,Schema: Forgia celeste,Molde de Forja del cielo,Gabarito de Forja dos Céus,Шаблон небесной кузницы,เทม​เพล​ต​โรง​ตี​เหล็ก​แห่ง​ท้องฟ้า,Mẫu Lò Rèn Bầu Trời,Templat Tempaan Langit
天有洪炉 - 气液模式,天有洪爐 - 氣液模式,Forge of the Sky: Gas & Fluid Mode,天有洪炉 - ガス&液体モード,천화로 - 기체 · 액체 모드,Forge des cieux : mode Gaz & Fluide,Schmiede des Himmels: Gas- und Flüssigkeitsmodus,Forgia celeste: modalità gas e liquido,Forja del cielo: Modo gas y fluido,Forja dos Céus: Modo de Gás e Fluido,Небесная кузница: газожидкостный режим,โรง​ตี​เหล็ก​แห่ง​ท้องฟ้า​: โหม​ด​ก๊าซ​และ​ของเหลว,Lò Rèn Bầu Trời: Chế Độ Khí & Lỏng,Tempaan Langit: Mode Gas & Cairan
天有洪炉的数量限制,天有洪爐的數量限制,Forge of the Sky: Placement Limit,"<p=""てんゆうこうろ"" padding=0>天有洪炉</p>の数量制限",천화로의 수량 제한,Forge des cieux : limite de placement,Schmiede des Himmels: Platzierungslimit,Forgia celeste: limite di posizionamento,Forja del cielo: Límite de colocación,Forja dos Céus: Limite de Colocação,Лимит небесных кузниц,โรง​ตี​เหล็ก​แห่ง​ท้องฟ้า​: ขีดจำกัด​การ​จัดวาง,Lò Rèn Bầu Trời: Giới Hạn Lắp Đặt,Tempaan Langit: Batas Penempatan
熔铸火焰,熔鑄火焰,Forgeborn Scathe,フレイムフォージ,용조의 불꽃,Blessure forgée,Tadel des Schmiedefeuers,Flagello temprato,Azote forjado,Perigo Nascido na Forja,Гнев кузни,ฟอร์​จบ​อ​ร์​น​ส​เค​ท,Hỏa Diệm Dung Chú,Forgeborn Scathe
大局已定,大局已定,Forged and Finalized,勝敗既決,주사위는 던져졌다,Forgée et achevée,Fix und fertig geschmiedet,Forgiata e rifinita,Forjada y finalizada,Forjado e Finalizado,Решительная закалка,หลอม​แกร่ง​สมบูรณ์แบบ,Định Hình Cục Diện,Ditempa Hingga Tuntas
叉车,堆高機,Forklift,フォークリフト,지게차,Chariot élévateur,Gabelstapler,Muletto,Montacargas,Empilhadeira,Вилочный погрузчик,รถ​ยก,Xe Nâng,Forklift
昔日精品,昔日精品,Former Finery,昔日の逸品,과거의 일품,Raffinement ancien,Ehemalige Eleganz,Antichi fasti,Antigua fineza,Fineza Antiga,Былой шик,เครื่องประดับ​เก่า,Bảo Kiếm Đời Trước,Former Finery
浮空回收器Ⅰ配方,浮空回收器I配方,Formula: Aero-Salvager Ⅰ,空中回収装置Ⅰのレシピ,부유식 회수기 I 조합 공식,Formule : aéro-récupérateur Ⅰ,Formel: Aero-Bergungsmodul I,Formula: Aero-Salvager I,Fórmula: Aerorrecuperador Ⅰ,Fórmula: Aerorrecuperador I,Формула: аэроэвакуатор I,สูตร​: เครื่อง​กู้​ซาก​ทางอากาศ​ I,Công Thức: Thiết Bị Thu Hồi Trên Không I,Formula: Pengangkut Layang I
浮空回收器Ⅱ配方,浮空回收器II配方,Formula: Aero-Salvager Ⅱ,空中回収装置Ⅱのレシピ,부유식 회수기 II 조합 공식,Formule : aéro-récupérateur II,Formel: Aero-Bergungsmodul II,Formula: Aero-Salvager II,Fórmula: Aerorrecuperador II,Fórmula: Aerorrecuperador II,Формула: аэроэвакуатор II,สูตร​: เครื่อง​กู้​ซาก​ทางอากาศ​ Ⅱ,Công Thức: Thiết Bị Thu Hồi Trên Không II,Formula: Pengangkut Layang II
浮空回收器Ⅲ配方,浮空回收器III配方,Formula: Aero-Salvager Ⅲ,空中回収装置Ⅲのレシピ,부유식 회수기 III 조합 공식,Formule : aéro-récupérateur III,Formel: Aero-Bergungsmodul III,Formula: Aero-Salvager III,Fórmula: Aerorrecuperador III,Fórmula: Aerorrecuperador III,Формула: аэроэвакуатор III,สูตร​: เครื่อง​กู้​ซาก​ทางอากาศ​ Ⅲ,Công Thức: Thiết Bị Thu Hồi Trên Không III,Formula: Pengangkut Layang III
刻术铁瓶配方,刻術鐵瓶配方,Formula: Arts Tube,刻術鉄瓶のレシピ,아츠를 각인한 금속 병 조합 공식,Formule : Tube d'Arts,Formel: Technik-Röhrchen,Formula: tubetto delle Arti,Fórmula: Tubo de artes,Fórmula: Tubo de Artes,Формула: туба искусств,สูตร​: หลอด​เวท,Công thức: Ống Thuật Pháp,Formula: Tabung Arts
刻术瓶配方,刻術瓶配方,Formula: Arts Vial,刻術瓶のレシピ,아츠를 각인한 병 조합 공식,Formule : Fiole d'Arts,Formel: Technik-Ampulle,Formula: fiala delle Arti,Fórmula: Frasco de artes,Fórmula: Frasco de Artes,Формула: пузырек искусств,สูตร​: ขวด​เวท,Công thức: Lọ Thuật Pháp,Formula: Ampul Arts
灰针秘剂配方,灰針秘劑配方,Formula: Ashpin Remedy,掌握の秘薬のレシピ,제어의 비약 조합 공식,Formule : Remède cendré,Formel: Aschenadel-Heilmittel,Formula: rimedio cinereo,Fórmula: Remedio ashpin,Fórmula: Remédio de Asphina,Формула: координирующее средство,สูตร​: ยา​รักษา​แอช​พิน,Công thức: Thuốc Ashpin,Formula: Ramuan Ashpin
中黯石配方,中黯石配方,Formula: Auronyx,中闇石のレシピ,일반 흑암석 조합 공식,Formule : Oronyx,Formel: Auronyx,Formula: auronyxite,Fórmula: Auronix,Fórmula: Auronix,Формула: ауроникс,สูตร​: ออ​โร​นิก​ซ์,Công Thức: Kim Thạch,Formula: Auronyx
竹笋炒肉配方,竹筍炒肉配方,Formula: Bamboo Sprouts and Meat,筍と肉の炒め物のレシピ,죽순 고기볶음 조합 공식,Formule : pousses de bambou et viande,Formel: Bambussprossen und Filet,Formula: germogli di bambù e carne,Fórmula: Brotes de bambú y carne,Fórmula: Brotos de Bambu e Carne,Формула: побеги бамбука с мясом,สูตร​: หน่อไม้​และ​เนื้อ,Công thức: Măng Xào Thịt,Formula: Rebung dan Daging
怪味肉酱配方,怪味肉醬配方,Formula: Bizarro Chili,複雑な味のミートソースのレシピ,이상한 고기 소스 조합 공식,Formule : Chili bizarre,Formel: Bizarro-Chili,Formula: chili stravagante,Fórmula: Chile bizarro,Fórmula: Chili Bizarro,Формула: странный чили,สูตร​: น้ำพริก​บิ​ซาร์​โร,Công thức: Nước Sốt Thịt Lạ,Formula: Cabai Aneh
怪味饼干配方,怪味餅乾配方,Formula: Bizarrotack,複雑な味のビスケットのレシピ,이상한 맛의 과자 조합 공식,Formule : Biscuit bizarre,Formel: Bizarro-Kekse,Formula: galletta stravagante,Fórmula: Galleta bizarra,Fórmula: Cracker Bizarro,Формула: вундергалета,สูตร​: บิ​ซาร์​โร​แทค,Công thức: Bánh Quy Vị Lạ,Formula: Kraker Aneh
苍白秘剂配方,蒼白秘劑配方,Formula: Blanched Remedy,無心の秘薬のレシピ,망각의 비약 조합 공식,Formule : Remède blanchi,Formel: Gebleichtes Heilmittel,Formula: rimedio incoraggiante,Fórmula: Remedio blanqueado,Fórmula: Remédio Branqueado,Формула: стимулирующее средство,สูตร​: ยาต้ม​ลวก,Công thức: Thuốc Can Đảm,Formula: Ramuan Pucat
侵蚀瘴扫描插件配方,侵蝕瘴掃描零件配方,Formula: Blight Miasma Scanner Plugin,侵蝕霧スキャン装置のレシピ,침식 안개 스캔 모듈 조합 공식,Formule : Plug-in de scanner à miasmes,Formel: Verderbnisnebel-Scanner-Plugin,Formula: plugin Scansione miasma contaminante,Fórmula: Complemento de escáner de Miasma de la Plaga,Fórmula: Plugin de Scanner de Miasma da Praga,Формула: плагин сканера моровых миазмов,สูตร​: ปลั๊ก​อิน​เครื่อง​สแกน​หมอก​ควัน​เสื่อมโทรม,Công Thức: Đầu Cắm Quét Sương Mù Nhiễm Khuẩn,Formula: Plugin Pemindai Miasma Hawar
精选荞愈胶囊配方,精選蕎癒膠囊配方,Formula: Buck Capsule [A],蕎花カプセルⅢのレシピ,메밀꽃 치유 캡슐(대) 조합 공식,Formule : Capsule Revigor [A],Formel: Buchweizen-Pille [A],Formula: capsula di arcofiore (A),Fórmula: Cápsulas de floracina [A],Fórmula: Cápsula de Cervina [A],Формула: гречекапсула [A],สูตร​: แคปซูล​บัค​ [A],Công thức: Thuốc Kiều Mạch [A],Formula: Kapsul Buck [A]
优质荞愈胶囊配方,優質蕎癒膠囊配方,Formula: Buck Capsule [B],蕎花カプセルⅡのレシピ,메밀꽃 치유 캡슐(중) 조합 공식,Formule : Capsule Revigor [B],Formel: Buchweizen-Pille [B],Formula: capsula di arcofiore (B),Fórmula: Cápsulas de floracina [B],Fórmula: Cápsula de Cervina [B],Формула: гречекапсула [B],สูตร​: แคปซูล​บัค​ [B],Công thức: Thuốc Kiều Mạch [B],Formula: Kapsul Buck [B]
荞愈胶囊配方,蕎癒膠囊配方,Formula: Buck Capsule [C],蕎花カプセルⅠのレシピ,메밀꽃 치유 캡슐 조합 공식,Formule : Capsule Revigor [C],Formel: Buchweizen-Pille [C],Formula: capsula di arcofiore (C),Fórmula: Cápsulas de floracina [C],Fórmula: Cápsula de Cervina [C],Формула: гречекапсула [C],สูตร​: แคปซูล​บัค​ [C],Công thức: Thuốc Kiều Mạch [C],Formula: Kapsul Buck [C]
荞花粉末配方,蕎花粉末配方,Formula: Buckflower Powder,蕎花粉末のレシピ,메밀꽃 가루 조합 공식,Formule : Poudre de cabranthe,Formel: Buchweizenblumen-Pulver,Formula: polvere di arcofiore,Fórmula: Polvo de floracina,Fórmula: Pó de Flor de Cervina,Формула: молотый гречецвет,สูตร​: ผง​ดอก​บัค​วีท,Công thức: Bột Hoa Kiều Mạch,Formula: Bubuk Buckflower
大瓶荞复锭剂配方,大瓶蕎復錠劑配方,Formula: Buckpill [L],火映蕎花錠剤Ⅱのレシピ,메밀꽃 회복제(대) 조합 공식,Formule : Revigorite [G],Formel: Buchweizen-Pille [L],Formula: pillola di arcofiore (L),Fórmula: Píldorafloracina [G],Fórmula: Pílula de Cervina [G],Формула: гречепилюля [бол.],สูตร​: บัค​พิล​ล์​ [L],Công thức: Thuốc Kiều Mạch [Lớn],Formula: Buckpill [L]
精选荞复锭剂配方,精選蕎復錠劑配方,Formula: Buckpill [Rf.],火映蕎花錠剤Ⅲのレシピ,메밀꽃 회복제(특) 조합 공식,Formule : Revigorite [Rf.],Formel: Buchweizen-Pille [Rf.],Formula: pillola di arcofiore (raf.),Fórmula: Píldorafloracina [Rf.],Fórmula: Pílula de Cervina [Rf.],Формула: гречепилюля [очищ.],สูตร​: บัค​พิล​ล์​ [Rf.],Công thức: Thuốc Kiều Mạch [Rf.],Formula: Buckpill [Rf.]
小瓶荞复锭剂配方,小瓶蕎復錠劑配方,Formula: Buckpill [S],火映蕎花錠剤Ⅰのレシピ,메밀꽃 회복제(소) 조합 공식,Formule : Revigorite [P],Formel: Buchweizen-Pille [S],Formula: pillola di arcofiore (S),Fórmula: Píldorafloracina [P],Fórmula: Pílula de Cervina [P],Формула: гречепилюля [мал.],สูตร​: บัค​พิล​ล์​ [S],Công thức: Thuốc Kiều Mạch [Nhỏ],Formula: Buckpill [S]
虫粉饼干配方,蟲粉餅乾配方,Formula: Bugtack,プロテインパンのレシピ,단백질 과자 조합 공식,Formule : Biscuit d'insectes,Formel: Käfer-Keks,Formula: galletta di insetti,Fórmula: Galleta de bicho,Fórmula: Cracker de Insetos,Формула: жучья галета,สูตร​: บั๊​ก​แทค,Công thức: Bánh Quy Bọ,Formula: Bugtack
精选柑实罐头配方,精選柑實罐頭配方,Formula: Canned Citrome [A],シトロームの缶詰Ⅲのレシピ,시트론 통조림(대) 조합 공식,Formule : Citromes en conserve [A],Formel: Dosen-Zitromen [A],Formula: citromi in scatola (A),Fórmula: Citroma enlatado [A],Fórmula: Citroma Enlatada [A],Формула: консервированный цитром [A],สูตร​: ส้ม​ซิ​โตร​มก​ระ​ป๋อง​ [A],Công thức: Cam Đóng Hộp [A],Formula: Citrome Kalengan [A]
优质柑实罐头配方,優質柑實罐頭配方,Formula: Canned Citrome [B],シトロームの缶詰Ⅱのレシピ,시트론 통조림(중) 조합 공식,Formule : Citromes en conserve [B],Formel: Dosen-Zitromen [B],Formula: citromi in scatola (B),Fórmula: Citroma enlatado [B],Fórmula: Citroma Enlatada [B],Формула: консервированный цитром [B],สูตร​: ส้ม​ซิ​โตร​มก​ระ​ป๋อง​ [B],Công thức: Cam Đóng Hộp [B],Formula: Citrome Kalengan [B]
柑实罐头配方,柑實罐頭配方,Formula: Canned Citrome [C],シトロームの缶詰Ⅰのレシピ,시트론 통조림 조합 공식,Formule : Citromes en conserve [C],Formel: Dosen-Zitromen [C],Formula: citromi in scatola (C),Fórmula: Citroma enlatado [C],Fórmula: Citroma Enlatada [C],Формула: консервированный цитром [C],สูตร​: ส้ม​ซิ​โตร​มก​ระ​ป๋อง​ [C],Công thức: Cam Đóng Hộp [C],Formula: Citrome Kalengan [C]
软骨饼干配方,軟骨餅乾配方,Formula: Cartilage Tack,軟骨入りサブレのレシピ,연골 과자 조합 공식,Formule : Biscuit au cartilage,Formel: Knorpel-Keks,Formula: galletta di cartilagine,Fórmula: Galleta cartilaginosa,Fórmula: Cracker de Cartilagem,Формула: хрящевая галета,สูตร​: คุกกี้​กระดูกอ่อน,Công thức: Bánh Quy Sụn,Formula: Kraker Tulang Rawan
纯晶多齿叶配方,純晶多齒葉配方,Formula: Chrysodendra,純晶鋭葉のレシピ,크리소덴드라 조합 공식,Formule : Chrysodendron,Formel: Chrysodendra,Formula: crisodendro,Fórmula: Crisodendro,Fórmula: Crisodendra,Формула: хризодендра,สูตร​: คริส​โซ​เดน​ดรา,Công Thức: Kim Cốt,Formula: Chrysodendra
龙泡泡蔬菜冻配方,龍泡泡蔬菜凍配方,Formula: Chubby Lung Jellied Greens,龍泡泡の野菜羊羹のレシピ,드래곤 버블 채소 젤리 조합 공식,Formule : verdure gélifiée de Choupi Lung,Formel: Geliertes Gemüse in Chubby-Lung-Form,Formula: verdure cicciodrago in gelatina,Fórmula: Gelatina verde de Lung regordete,Fórmula: Gelatinas Verdes de Chubby Lung,Формула: овощное желе «Пухлик-лун»,สูตร​: ผัก​เยลลี่​หลง​จ้ำม่ำ,Công thức: Thạch Rau Xanh Chubby Lung,Formula: Jeli Sayur Lung Gembul
荞柑混剂配方,蕎柑混劑配方,Formula: Citrobucky Mix,蕎花シトローム混合薬のレシピ,메밀꽃 시트론 혼합 약제 조합 공식,Formule : Mélange citromélis,Formel: Zitrobucky-Mix,Formula: miscela di citrorubini,Fórmula: Mezcla de citroarbusto,Fórmula: Mix de Cervina Cítrica,Формула: смесь цитрогреча,สูตร​: ซิ​โตร​บัค​กี้​มิกซ์,Công thức: Cam Trộn Kiều Mạch,Formula: Campuran Citrobucky
柑橘风味果酱配方,柑橘風味果醬配方,Formula: Citrome Jam,柑橘ジャムのレシピ,감귤 향 잼 조합 공식,Formule : Confiture de citromes,Formel: Zitromen-Marmelade,Formula: marmellata di citromi,Fórmula: Mermelada de citroma,Fórmula: Geleia de Citroma,Формула: цитромовый джем,สูตร​: แยม​ซิ​โตร​ม,Công thức: Mứt Cam,Formula: Selai Citrome
柑橘风味果冻配方,柑橘風味果凍配方,Formula: Citrome Jelly,柑橘ゼリーのレシピ,감귤 향 젤리 조합 공식,Formule : Gelée de citromes,Formel: Zitromen-Wackelpudding,Formula: gelatina di citromi,Fórmula: Jalea de citroma,Fórmula: Gelatina de Citroma,Формула: цитромовое желе,สูตร​: เยลลี่​ซิ​โตร​ม,Công thức: Thạch Cam,Formula: Jeli Citrome
柑实粉末配方,柑實粉末配方,Formula: Citrome Powder,シトローム粉末のレシピ,시트론 가루 조합 공식,Formule : Poudre de citrome,Formel: Zitromen-Pulver,Formula: polvere di citromi,Fórmula: Polvo de citroma,Fórmula: Pó de Citroma,Формула: молотый цитром,สูตร​: ผง​ส้ม​ซิ​โตร​ม,Công thức: Bột Cam,Formula: Bubuk Citrome
瓶装柑橘布丁配方,瓶裝柑橘布丁配方,Formula: Citrome Pudding,瓶入り柑橘プリンのレシピ,감귤 푸딩 조합 공식,Formule : Pudding au citrome,Formel: Zitromen-Pudding,Formula: budino di citromi,Fórmula: Pudín de citroma,Fórmula: Pudim de Citroma,Формула: цитромовый пудинг,สูตร​: พุด​ดิ้ง​ซิ​โตร​ม,Công thức: Bánh Pudding Cam,Formula: Puding Citrome
柑实冲剂配方,柑實沖泡劑配方,Formula: Citromix,黒銀シトローム粉薬のレシピ,다크 시트론 가루 조합 공식,Formule : Citromix,Formel: Zitromen-Mix,Formula: miscela di citromi,Fórmula: Citromix,Fórmula: Citromix,Формула: цитромикс,สูตร​: ซิ​โตร​มิกซ์,Công thức: Nước Ép Cam,Formula: Citromix
大瓶柑实冲剂配方,大瓶柑實沖泡劑配方,Formula: Citromix [L],黒銀シトローム粉剤Ⅱのレシピ,시트론 혼합제(대) 조합 공식,Formule : Citromix [G],Formel: Zitromen-Mix [L],Formula: miscela di citromi (L),Fórmula: Citromix [G],Fórmula: Citromix [G],Формула: цитромикс [бол.],สูตร​: ซิ​โตร​มิกซ์​ [L],Công thức: Nước Ép Cam [Lớn],Formula: Citromix [L]
精选柑实冲剂配方,精選柑實沖泡劑配方,Formula: Citromix [Rf.],黒銀シトローム粉剤Ⅲのレシピ,시트론 혼합제(특) 조합 공식,Formule : Citromix [Rf.],Formel: Zitromen-Mix [Rf.],Formula: miscela di citromi (raf.),Fórmula: Citromix [Rf.],Fórmula: Citromix [Rf.],Формула: цитромикс [очищ.],สูตร​: ซิ​โตร​มิกซ์​ [Rf.],Công thức: Nước Ép Cam [Rf.],Formula: Citromix [Rf.]
小瓶柑实冲剂配方,小瓶柑實沖泡劑配方,Formula: Citromix [S],黒銀シトローム粉剤Ⅰのレシピ,시트론 혼합제(소) 조합 공식,Formule : Citromix [P],Formel: Zitromen-Mix [S],Formula: miscela di citromi (S),Fórmula: Citromix [P],Fórmula: Citromix [P],Формула: цитромикс [мал.],สูตร​: ซิ​โตร​มิกซ์​ [S],Công thức: Nước Ép Cam [Nhỏ],Formula: Citromix [S]
粗制麦饼配方,粗製麥餅配方,Formula: Coarse Flatbread,素朴な麦パンのレシピ,거친 밀빵 조합 공식,Formule : Pain plat grossier,Formel: Grobschrötiges Fladenbrot,Formula: focaccia sottile,Fórmula: Pan plano rústico,Fórmula: Pão Chato Rústico,Формула: грубые лепешки,สูตร​: ขนมปังแผ่น​หยาบ,Công thức: Bánh Mì Dẹt Thô,Formula: Roti Pipih Kasar
窥正秘剂配方,窺正秘劑配方,Formula: Corrective Remedy,活性の秘薬のレシピ,활력의 비약 조합 공식,Formule : Remède correcteur,Formel: Korrigierendes Heilmittel,Formula: rimedio riparante,Fórmula: Remedio correctivo,Fórmula: Remédio Corretivo,Формула: коррекционное средство,สูตร​: ยาป​รับ​สมดุล,Công thức: Thuốc Giảm Đau,Formula: Ramuan Pemulih
星融果冻配方,星融果凍配方,Formula: Cosmo-Melto Jelly,星解けのゼリーのレシピ,스타 퓨전 젤리 조합 공식,Formule : gelée cosmofondante,Formel: Cosmo-Melto-Wackelpudding,Formula: gelatina masticosmo,Fórmula: Gelatina Cosmo-Melto,Fórmula: Gelatina Cósmica,Формула: космоплавленое желе,สูตร​: เยลลี่​จักรวาล​ละลาย,Công thức: Thạch Tan Chảy Vũ Trụ,Formula: Jeli Cosmo Melto
回响秘剂配方,迴響秘劑配方,Formula: Echoing Remedy,回響の秘薬のレシピ,메아리의 비약 조합 공식,Formule : remède résonnant,Formel: Echo-Heilmittel,Formula: rimedio echeggiante,Fórmula: Remedio de eco,Fórmula: Remédio Ecoante,Формула: памятное средство,สูตร​: ยา​รักษา​สะท้อน​เสียง,Công thức: Thuốc Vang Vọng,Formula: Ramuan Bergema
可食用巢雕配方,可食用巢雕配方,Formula: Edible Denstack,巣彫風味ソースのレシピ,식용 지옥의 용광로 조합 공식,Formule : flambe comestible,Formel: Essbarer Denstack,Formula: catasta commestibile,Fórmula: Denstack comestible,Fórmula: Molho com Agagrito,Формула: съедобная гнилотруба,สูตร​: เดน​ส​แ​ท็​ค​กิน​ได้,Công thức: Lò Đốt Ăn Được,Formula: Denstack Layak Makan
油封赤盐焗兽排配方,油封赤鹽焗獸排配方,Formula: Fillet Confit,塩漬け肉のコンフィのレシピ,소금구이 스테이크 조합 공식,Formule : Filet confit,Formel: Filet-Confit,Formula: filetto confit,Fórmula: Confit de filete,Fórmula: Filé Confitado,Формула: стейк конфи,สูตร​: ฟิ​เล​ต์​กง​ฟี,Công thức: Phi lê Confit,Formula: Confit Filet
荞愈药粉配方,蕎癒藥粉配方,Formula: Firebuckle Powder,火映蕎花粉薬のレシピ,화염 메밀꽃 가루 조합 공식,Formule : Poudre de flammélis,Formel: Feuerschnallen-Pulver,Formula: polvere di arcorubini,Fórmula: Polvo de hebilla de fuego,Fórmula: Pó de Cervina Vermelha,Формула: молотый огнегреч,สูตร​: ผง​ไฟร์​บัค​เคิล,Công thức: Bột Kiều Mạch Lửa,Formula: Bubuk Firebuckle
柴火白饭配方,柴火白飯配方,Formula: Firestove Rice,薪火のふっくらごはんのレシピ,장작불 쌀밥 조합 공식,Formule : Riz au fourneau,Formel: Holzfeuerreis,Formula: riso su fuoco a legna,Fórmula: Arroz al fuego,Fórmula: Arroz no Fogão a Lenha,Формула: рис из дровяной печи,สูตร​: ข้าว​หม้อ​ไฟ,Công thức: Cơm Bếp Củi,Formula: Nasi Tungku
香辣压制粉块配方,香辣壓製粉塊配方,Formula: Firetack,スパイシービスケットのレシピ,매운 압축 분말 조합 공식,Formule : biscuits épicés,Formel: Feuer-Keks,Formula: galletta piccante,Fórmula: Galleta picante,Fórmula: Cracker Apimentado,Формула: огненная галета,สูตร​: ไฟร์​แทค,Công thức: Bánh Quy Cay,Formula: Firetack
蓬茸锦草粉末配方,蓬茸錦草粉末配方,Formula: Fluffed Jincao Powder,毛羽錦草粉薬のレシピ,우거진 금초 가루 조합 공식,Formule : Poudre d'astéracée duveteuse,Formel: Flauschiges Jincao-Pulver,Formula: polvere di jincao soffice,Fórmula: Polvo de Jincao esponjado,Fórmula: Pó de Capim-Seda Amaciado,Формула: молотый пышный цзиньцао,สูตร​: ผง​หญ้า​ไหม​ฟู,Công thức: Bột Cỏ Sao Lụa Xù,Formula: Bubuk Jincao Halus
正本补元汤剂配方,正本補元湯劑配方,Formula: Fortifying Infusion,滋養強壮の煎じ薬のレシピ,원기 회복 탕약 조합 공식,Formule : Infusion fortifiante,Formel: Stärkender Aufguss,Formula: infuso fortificante,Fórmula: Infusión fortificante,Fórmula: Infusão Fortificante,Формула: укрепляющий настой,สูตร​: น้ำ​สมุนไพร​เสริม​แกร่ง,Công thức: Thuốc Sắc Bổ Dưỡng,Formula: Ramuan Penguat
锦素炒饭配方,錦素炒飯配方,Formula: Garden Fried Rice,野菜たっぷりチャーハンのレシピ,채소 볶음밥 조합 공식,Formule : Riz frit du potager,Formel: Garten-Reispfanne,Formula: riso fritto all'ortolana,Fórmula: Arroz frito de jardín,Fórmula: Arroz Frito Primavera,Формула: садовый жареный рис,สูตร​: ข้าวผัด​สวน,Công thức: Cơm Chiên Rau Củ,Formula: Nasi Goreng Kebun
炝炒时蔬配方,熗炒時蔬配方,Formula: Garden Stir-Fry,野菜炒めのレシピ,제철 채소볶음 조합 공식,Formule : sauté du potager,Formel: Gemüsepfanne,Formula: verdure saltate,Fórmula: Verduras salteadas,Fórmula: Refogado Primavera,Формула: садовая поджарка,สูตร​: ผัด​ผัก​สวน,Công thức: Rau Củ Xào,Formula: Tumis Kebun
清炖兽排参须汤配方,清燉獸排蔘鬚湯配方,Formula: Ginseng Meat Stew,獣肉と玉葉人参のスープのレシピ,푹 삶은 갈비 미삼탕 조합 공식,Formule : Ragoût de viande et ginseng,Formel: Ginseng-Fleischeintopf,Formula: stufato di carne al ginseng,Fórmula: Estofado de carne con ginseng,Fórmula: Ensopado de Carne com Ginseng,Формула: тушеное мясо с женьшенем,สูตร​: สตู​ว์​เนื้อ​โสม,Công thức: Thịt Hầm Nhân Sâm,Formula: Semur Daging Ginseng
手工怪味酸糖配方,手工怪味酸糖配方,Formula: Handmade Weirdrop,手作りの酸っぱい飴のレシピ,이상한 수제 사탕 조합 공식,Formule : mystigoutte artisanale,Formel: Handgemachter Drops,Formula: malgoccia fatta a mano,Fórmula: Caramelo artesanal raro,Fórmula: Gotas Artesanais,Формула: самодельная странфета,สูตร​: เมนู​แฮน​เม​ด​หยด​พิศวง,Công thức: Kẹo Kỳ Dị Thủ Công,Formula: Weirdrop Buatan Tangan
雾火之花配方,霧火之花配方,Formula: Hazefyre Blossom,霧火の花のレシピ,안갯불에 물든 꽃 조합 공식,Formule : fleur d'ignibrume,Formel: Nebelfeuer-Blüte,Formula: germoglio di brumafiamma,Fórmula: Flor de bruma ardiente,Fórmula: Flor de Névoa Ardente,Формула: цветок тенепламени,สูตร​: ดอก​เพลิง​หมอก,Công thức: Hoa Hỏa Sương,Formula: Bunga Hazefyre
重辣烤脆骨配方,重辣烤脆骨配方,Formula: Hot Crunchy Ribs,激辛リブステーキのレシピ,매운 등갈비구이 조합 공식,Formule : Côtelettes épicées,Formel: Scharfe Rippchen,Formula: costolette piccanti,Fórmula: Costillas crujientes calientes,Fórmula: Costelas Crocantes Apimentadas,Формула: горячие хрустящие ребрышки,สูตร​: ซี่โครง​กรอบ​ร้อน,Công thức: Sườn Nóng Giòn,Formula: Iga Renyah Pedas
枢纽区应急餐配方,樞紐區緊急餐配方,Formula: Hub Emergency Ration,中枢基地の非常食のレシピ,거점 지역의 비상식량 조합 공식,Formule : ration d'urgence du Hub,Formel: Hub-Notration,Formula: razione di emergenza del Polo,Fórmula: Ración de emergencia de la Base,Fórmula: Ração de Emergência da Base,Формула: экстренный паек Центра,สูตร​: อาหาร​ฉุกเฉิน​ส่วนกลาง,Công thức: Khẩu Phần Ăn Khẩn Cấp Trung Tâm,Formula: Ransum Darurat Hub
速食骨汤配方,即食骨湯配方,Formula: Instant Bone Soup,即席骨だしスープのレシピ,즉석 곰탕 조합 공식,Formule : soupe d'os instantanée,Formel: Instant-Knochensuppe,Formula: zuppa d'osso istantanea,Fórmula: Sopa instantánea de huesos,Fórmula: Sopa de Ossos Instantânea,Формула: быстрый костный бульон,สูตร​: ซุป​กระดูก​สำเร็จรูป,Công thức: Súp Xương Ăn Liền,Formula: Sup Tulang Instan
雅各布的遗产配方,雅各的遺產配方,Formula: Jakub's Legacy,ヤコブの遺産のレシピ,제이컵의 유산 조합 공식,Formule : l'héritage de Jakub,Formel: Jakubs Vermächtnis,Formula: eredità di Jakub,Fórmula: Legado de Jakub,Fórmula: Legado de Jakub,Формула: наследие Якуба,สูตร​: มรดก​ของ​จา​คุ​บ,Công thức: Di Sản Của Jakub,Formula: Peninggalan Jakub
锦草软饮配方,錦草飲料配方,Formula: Jincao Drink,錦草ソーダⅠのレシピ,금초 청량음료 조합 공식,Formule : Boisson à l'astéracée,Formel: Jincao-Limonade,Formula: bevanda di jincao,Fórmula: Bebida de Jincao,Fórmula: Bebida de Capim-Seda,Формула: напиток с цзиньцао,สูตร​: เครื่องดื่ม​หญ้า​ไหม,Công thức: Nước Cỏ Sao Lụa,Formula: Minuman Jincao
大碗锦草凉茶配方,大碗錦草涼茶配方,Formula: Jincao Infusion,錦草漢方茶Ⅱのレシピ,금초 냉차(대) 조합 공식,Formule : Infusion d'astéracée,Formel: Jincao-Aufguss,Formula: infuso di jincao,Fórmula: Infusión de Jincao,Fórmula: Infusão de Capim-Seda,Формула: настой цзиньцао,สูตร​: น้ำต้ม​สมุนไพร​หญ้า​ไหม,Công thức: Nước Sắc Cỏ Sao Lụa,Formula: Ramuan Jincao
锦草粉末配方,錦草粉末配方,Formula: Jincao Powder,錦草粉末のレシピ,금초 가루 조합 공식,Formule : Poudre d'astéracée,Formel: Jincao-Pulver,Formula: polvere di jincao,Fórmula: Polvo de Jincao,Fórmula: Pó de Capim-Seda,Формула: молотый цзиньцао,สูตร​: ผง​ดอก​หญ้า​ไหม,Công thức: Bột Cỏ Sao Lụa,Formula: Bubuk Jincao
优质锦草软饮配方,優質錦草飲料配方,Formula: Jincao Tea,錦草ソーダⅡのレシピ,고급 금초 청량음료 조합 공식,Formule : Thé à l'astéracée,Formel: Jincao-Tee,Formula: tè di jincao,Fórmula: Té de Jincao,Fórmula: Chá de Capim-Seda,Формула: чай с цзиньцао,สูตร​: ชา​หญ้า​ไหม,Công Thức: Trà Cỏ Sao Lụa,Formula: Teh Jincao
锦草凉茶配方,錦草涼茶配方,Formula: Jincao Tisane,錦草漢方茶Ⅰのレシピ,금초 냉차 조합 공식,Formule : Tisane d'astéracée,Formel: Jincao-Kräutertee,Formula: tisana di jincao,Fórmula: Tisana de Jincao,Fórmula: Tisana de Capim-Seda,Формула: тизан с цзиньцао,สูตร​: ชา​สมุนไพร​ดอก​หญ้า​ไหม,Công thức: Trà Mát Cỏ Sao Lụa,Formula: Tisane Jincao
晶化多齿叶配方,晶化多齒葉配方,Formula: Kalkodendra,結晶鋭葉のレシピ,칼코덴드라 조합 공식,Formule : Calcodendron,Formel: Kalkodendra,Formula: calcodendro,Fórmula: Kalkodendro,Fórmula: Calcodendra,Формула: калкодендра,สูตร​: คัล​โค​เดน​ดรา,Công Thức: Thạch Cốt,Formula: Kalkodendra
轻黯石配方,輕黯石配方,Formula: Kalkonyx,軽闇石のレシピ,연한 흑암석 조합 공식,Formule : Calconyx,Formel: Kalkonyx,Formula: calconyxite,Fórmula: Kalkonix,Fórmula: Calcionix,Формула: кальценикс,สูตร​: คัล​โค​นิก​ซ์,Công Thức: Chủng Thạch,Formula: Kalkonyx
附术铁瓶配方,附術鐵瓶配方,Formula: Kunst Tube,付術鉄瓶のレシピ,아츠가 부여된 금속 병 조합 공식,Formule : Tube de Kunst,Formel: Kunst-Röhrchen,Formula: tubetto Kunst,Fórmula: Tubo kunst,Fórmula: Tubo de Kunst,Формула: туба стимуляторов,สูตร​: หลอด​คุน​ส์​ท,Công thức: Ống Siêu Cường,Formula: Tabung Kunst
附术瓶配方,附術瓶配方,Formula: Kunst Vial,付術瓶のレシピ,아츠가 부여된 병 조합 공식,Formule : Fiole de Kunst,Formel: Kunst-Ampulle,Formula: fiala Kunst,Fórmula: Vial kunst,Fórmula: Frasco de Kunst,Формула: пузырек стимуляторов,สูตร​: ขวด​คุน​ส์​ท,Công thức: Lọ Siêu Cường,Formula: Ampul Kunst
潘师傅蛋羹配方,潘師傅蒸蛋配方,Formula: Master Pan's Egg Pudding,ダパン師匠の茶碗蒸しのレシピ,판 사부의 계란찜 조합 공식,Formule : pudding aux œufs de maître Pan,Formel: Meister Pans Eierpudding,Formula: budino all'uovo di mastro Pan,Fórmula: Pudín de huevo del Maestro Pan,Fórmula: Pudim de Ovos do Mestre Pan,Формула: яичный пудинг мастера Пана,สูตร​: พุด​ดิ้ง​ไข่​ของ​มาสเตอร์​แพน,Công thức: Bánh Pudding Trứng Của Thầy Pan,Formula: Puding Telur Pak Pan
辣炒肉丁配方,辣炒肉丁配方,Formula: Meat Stir-Fry,角切り肉の辛炒めのレシピ,매운 볶음 고기 조합 공식,Formule : Sauté de viande,Formel: Fleischpfanne,Formula: carne saltata,Fórmula: Salteado de carne,Fórmula: Carne Refogada,Формула: мясная поджарка,สูตร​: เนื้อ​ผัด,Công thức: Thịt Xào,Formula: Tumis Daging
仿荤烩荞花配方,仿葷燴蕎花配方,Formula: Meaty Buckflower Stew,蕎花の精進煮込みのレシピ,대체육 메밀꽃 볶음 조합 공식,Formule : ragoût carné de cabranthe,Formel: Herzhafter Buchweizenblumen-Eintopf,Formula: stufato di arcofiore al gusto di carne,Fórmula: Guiso carnoso de floracina,Fórmula: Ensopado Suculento de Flor de Cervina,Формула: наваристое рагу из гречецвета,สูตร​: สตู​ว์​เนื้อ​ใส่​ดอก​บัค​วีท,Công thức: Thịt Hầm Hoa Kiều Mạch,Formula: Semur Buckflower Daging
小蜜虫布丁配方,小蜜蟲布丁配方,Formula: Mini Honey Slugpudding,異香プリンのレシピ,꿀벌레 푸딩 조합 공식,Formule : pudding de limace au miel,Formel: Mini-Honig-Schneckenpudding,Formula: mini budino di lumaca al miele,Fórmula: Minipudín de miel y babosa,Fórmula: Minipudim de Lesma com Mel,Формула: сладкий мини-слизпудинг,สูตร​: มินิ​พุด​ดิ้ง​ทาก​ใส่​น้ำผึ้ง,Công thức: Bánh Pudding Sên Mật Ong Nhỏ,Formula: Puding Siput Madu Mini
小糖画配方,小糖畫配方,Formula: Mini Sugar Painting,飴細工のレシピ,작은 설탕 그림 조합 공식,Formule : mini peinture au sucre,Formel: Mini-Zuckergemälde,Formula: mini dipinto zuccherino,Fórmula: Mini pintura de azúcar,Fórmula: Minipintura de Açúcar,Формула: карамельная картинка,สูตร​: มินิ​ศิลปะ​จาก​น้ำตาล,Công thức: Tranh Đường Nhỏ,Formula: Lukisan Gula Mini
神秘气泡饮料配方,神秘氣泡飲料配方,Formula: Mystery Soda,不思議な炭酸飲料のレシピ,신비한 탄산음료 조합 공식,Formule : soda mystérieux,Formel: Geheimnisvolle Limonade,Formula: bibita misteriosa,Fórmula: Gaseosa misteriosa,Fórmula: Soda Misteriosa,Формула: загадочная газировка,สูตร​: โซดา​พิศวง​ลึกลับ,Công thức: Nước Ngọt Bí Ẩn,Formula: Soda Misteri
约翰老爹汉堡配方,約翰老爹漢堡配方,Formula: Old Man John's Burger,ダディ・ジョンズバーガーのレシピ,존 어르신의 햄버거 조합 공식,Formule : burger du vieux John,Formel: Burger vom alten John,Formula: hamburger del vecchio John,Fórmula: Hamburguesa del Viejo John,Fórmula: Hambúrguer do Velho John,Формула: бургер Старого Джона,สูตร​: เบอร์เกอร์​ของ​ตา​เฒ่า​จอห์น,Công thức: Bánh Mì Kẹp Của Cụ John,Formula: Burger Pak Tua John
油爆“双脆”配方,油爆「雙脆」配方,Formula: Pan-Fried Double Crisp,レバーとガツの強火炒めのレシピ,기름 폭발 볶음 조합 공식,Formule : poêlée croustillante,Formel: Doppel-Knusper,Formula: croccodoppio in padella,Fórmula: Doble crujiente frito,Fórmula: Duplo Crocante Frito na Panela,Формула: двойная жареная хрустяшка,สูตร​: เมนู​กะทะ​ทอด​พิเศษ​ความ​กรุบ​กรอบ,Công thức: Siêu Giòn Áp Chảo,Formula: Gorengan Dobel Renyah
意乱药剂配方,意亂藥劑配方,Formula: Perplexing Medication,混乱の薬のレシピ,혼란의 약제 조합 공식,Formule : Médicament déconcertant,Formel: Verblüffende Medikation,Formula: farmaco astruso,Fórmula: Medicamento desconcertante,Fórmula: Medicamento Desconcertante,Формула: парадоксальный препарат,สูตร​: ยา​น่า​ฉงน,Công thức: Thuốc Khó Hiểu,Formula: Obat Superaneh
轻红柱状菌配方,輕紅柱狀菌配方,Formula: Pink Bolete,薄紅茸のレシピ,연한 붉은 기둥 버섯 조합 공식,Formule : Bolet rose,Formel: Rosafarbener Röhrenpilz,Formula: boleto rosa,Fórmula: Bolete rosa,Fórmula: Boleta Rosa,Формула: розовый гриб,สูตร​: เห็ด​ตับ​เต่า​สีชมพู,Công Thức: Nấm Hồng,Formula: Boletus Pink
干菜羹配方,乾菜羹配方,Formula: Preserve Stew,干し野菜のシチューのレシピ,말린 채소수프 조합 공식,Formule : Ragoût de conserves,Formel: Konserveneintopf,Formula: stufato rigenerante,Fórmula: Estofado conservado,Fórmula: Ensopado em Conserva,Формула: тушеные пресервы,สูตร​: สตู​ว์​ถนอมอาหาร,Công thức: Món Hầm Bảo Quản Lâu,Formula: Sup Sayuran Kering
手撕虫肉配方,手撕蟲肉配方,Formula: Pulled Slug Meat,虫肉ジャーキーのレシピ,손으로 찢은 벌레 고기 조합 공식,Formule : viande de limace effilochée,Formel: Gezupftes Schneckenfilet,Formula: straccetti di carne di lumaca,Fórmula: Carne de babosa desmenuzada,Fórmula: Carne de Lesma Desfiada,Формула: рваное мясо слизня,สูตร​: เนื้อ​ทาก​ฉีก,Công thức: Thịt Sên Kéo Giãn,Formula: Daging Siput Suwir
中红柱状菌配方,中紅柱狀菌配方,Formula: Red Bolete,紅色茸のレシピ,보통 붉은 기둥 버섯 조합 공식,Formule : Bolet rouge,Formel: Roter Röhrenpilz,Formula: boleto rosso,Fórmula: Bolete rojo,Fórmula: Boleta Vermelha,Формула: красный гриб,สูตร​: เห็ด​ตับ​เต่า​สีแดง,Công Thức: Nấm Đỏ,Formula: Boletus Merah
罗德岛特制口粮配方,羅德島特製口糧配方,Formula: Rhodes Island Special Ration,ロドス特製レーションのレシピ,로도스 아일랜드 특별 제작 식량 조합 공식,Formule : ration spéciale de Rhodes Island,Formel: Rhodes-Island-Spezialration,Formula: razione speciale della Rhodes Island,Fórmula: Ración especial de Rhodes Island,Fórmula: Ração Especial da Rhodes Island,Формула: особый паек «Родос Айленд»,สูตร​: เสบียง​พิเศษ​โรด​ส์​ไอ​แลนด์,Công Thức: Khẩu Phần Đặc Biệt Rhodes Island,Formula: Ransum Spesial Rhodes Island
陈皮拌笋配方,陳皮拌筍配方,Formula: Rind-Flavored Sprouts,陳皮と筍の和え物のレシピ,진피 죽순 무침 조합 공식,Formule : pousses au goût de zeste,Formel: Sprossen mit Schalengeschmack,Formula: germogli alla scorza,Fórmula: Brotes sabor corteza,Fórmula: Brotos Sabor Casca,Формула: побеги со вкусом кожуры,สูตร​: หน่อไม้​รส​เปลือก​ส้ม,Công Thức: Trần Bì Trộn Măng,Formula: Rebung Rasa Kulit Buah
洗灾秘剂配方,洗災秘劑配方,Formula: Ruin-Purger Remedy,厄除の秘薬のレシピ,재앙 정화의 비약 조합 공식,Formule : remède purifiant pour ruines,Formel: Verderbnisläuterer-Heilmittel,Formula: rimedio epuratore di pioggia,Fórmula: Remedio purgarruinas,Fórmula: Remédio Expurga-Ruínas,Формула: зачищающее средство,สูตร​: ยา​ขจัด​หายนะ,Công thức: Phương Dược Trừ Tích,Formula: Ramuan Pemurni Puing
异香兽排配方,異香獸排配方,Formula: Savory Fillet,異香獣肉のレシピ,이향석 스테이크 조합 공식,Formule : Filet savoureux,Formel: Schmackhaftes Filet,Formula: filetto saporito,Fórmula: Filete sabroso,Fórmula: Filé Salgado,Формула: пряный стейк,สูตร​: ฟิ​เล​ต์​รส​กลมกล่อม,Công thức: Phi Lê Mặn,Formula: Filet Gurih
异香汤包配方,異香湯包配方,Formula: Savory Tangbao,異香タンパオのレシピ,이향석 탕바오 조합 공식,Formule : Tangbao savoureux,Formel: Schmackhafte Tangbao,Formula: tangbao saporito,Fórmula: Tangbao sabroso,Fórmula: Bao Salgado,Формула: пряные танбао,สูตร​: ซาลาเปา​ถัง​เปา​รส​กลมกล่อม,Công thức: Sủi Cảo Mặn,Formula: Tangbao Gurih
异香清汤面配方,異香清湯麵配方,Formula: Savory Tangmian,異香タンメンのレシピ,이향석 탕면 조합 공식,Formule : Tangmian savoureux,Formel: Schmackhafte Tangmian,Formula: tangmian saporito,Fórmula: Tangmian sabroso,Fórmula: Tangmian Salgado,Формула: пряный танмянь,สูตร​: บะหมี่​ถัง​เ​มี่​ยน​รส​กลมกล่อม,Công thức: Mì Mặn,Formula: Tangmian Gurih
秘方醒神茶配方,秘方醒神茶配方,Formula: Secret Stimulating Tisane,秘伝目覚まし茶のレシピ,비법의 성신차 조합 공식,Formule : tisane stimulante secrète,Formel: Geheimer Muntermacher-Kräutertee,Formula: tisana stimolante segreta,Fórmula: Tisana estimulante secreta,Fórmula: Tisana Estimulante Secreta,Формула: секретный бодрящий тизан,สูตร​: ชา​สมุนไพร​ชูกำลัง​สูตร​ลับ,Công Thức: Trà Kích Thích Bí Mật,Formula: Tisane Stimulan Rahasia
佐识秘剂配方,佐識秘劑配方,Formula: Sensory Remedy,感知の秘薬のレシピ,감지의 비약 조합 공식,Formule : Remède sensoriel,Formel: Sensorisches Heilmittel,Formula: rimedio sensoriale,Fórmula: Remedio sensorial,Fórmula: Remédio Sensorial,Формула: сенсорное средство,สูตร​: ยาบ​ร​ร​เทา​ประสาทสัมผัส,Công thức: Thuốc Tăng Giác Quan,Formula: Ramuan Sensoris
塞什卡风肉排配方,塞什卡風肉排配方,Formula: Seš'qa Style Fillet,セシュカ風ステーキのレシピ,세쉬카풍 스테이크 조합 공식,Formule : filet à la Seš'qa,Formel: Seš’qa-Filet,Formula: filetto alla Seš'qamam,Fórmula: Filete estilo Seš'qa,Fórmula: Filé à Moda Seš'qa,Формула: стейк а-ля Сеш’ка,สูตร​: เนื้อ​ปลาส​ไตล์​เซ​ช​กา,Công thức: Phi Lê Kiểu Seš'qa,Formula: Filet Ala Seš’qa
清炖息壤球配方,清燉息壤球配方,Formula: Simmered Xiranite Ball,息壌肉団子スープのレシピ,삶은 식양 완자 조합 공식,Formule : boulette de xiranite mijotée,Formel: Gekochte Xiranit-Bällchen,Formula: sfera di xiranite sobbollita,Fórmula: Bola de xiranita cocida a fuego lento,Fórmula: Bola de Xiranita Fervida,Формула: ксиранитовая фрикаделька,สูตร​: ลูก​ซี​เรน​ไนต์​ตุ๋น,Công thức: Thịt Viên Xiranite Hầm,Formula: Bakso Xiranite Rebus
简易镇痛药膏配方,簡易鎮痛藥膏配方,Formula: Simple Pain Relief Salve,即席鎮痛軟膏のレシピ,간편 진통 연고 조합 공식,Formule : onguent apaisant simple,Formel: Einfache Schmerzsalbe,Formula: rimedio antidolorifico semplice,Fórmula: Ungüento simple para aliviar el dolor,Fórmula: Pomada Simples para Alívio da Dor,Формула: простая обезболивающая мазь,สูตร​: ยาแก้ปวด​ธรรมดา,Công Thức: Thuốc Giảm Đau Đơn Giản,Formula: Salep Sederhana Pereda Nyeri
烟熏饭团配方,煙燻飯糰配方,Formula: Smoked Riceball,燻製おにぎりのレシピ,훈제 주먹밥 조합 공식,Formule : Boule de riz fumée,Formel: Geräuchertes Reisbällchen,Formula: onigiri affumicato,Fórmula: Bola de arroz ahumado,Fórmula: Bolinho de Arroz Defumado,Формула: копченый рисовый шарик,สูตร​: ข้าว​ปั้น​รมควัน,Công thức: Cơm Nắm Hun Khói,Formula: Nasi Kepal Asap
开工日肉汤配方,開工日肉湯配方,Formula: Sod-Turning Meat Soup,着工日の肉スープのレシピ,개업일 고깃국 조합 공식,Formule : soupe à la viande de bêchage,Formel: Fleischsuppe zum ersten Spatenstich,Formula: zuppa dell'operaio a base di carne,Fórmula: Sopa de carne deliciosa,Fórmula: Sopa de Carne Viragrama,Формула: мясной суп «Первый камень»,สูตร​: ซุป​เนื้อ​สูตร​พลิกแผ่นดิน,Công thức: Súp Thịt Xay Nhuyễn,Formula: Gulai Batu Pertama
炖肉会议配方,燉肉會議配方,Formula: Stew Meeting,豪快肉煮込みのレシピ,고기들의 회의 조합 공식,Formule : ragoût composé,Formel: Eintopf-Treffen,Formula: stufato misto,Fórmula: Reunión de estofados,Fórmula: Encontro do Ensopado,Формула: сборное рагу,สูตร​: สตู​ว์​แห่ง​การ​พบ​เจอ,Công thức: Món Hầm Tổng Hợp,Formula: Semur Rapat
蓄石秘剂配方,蓄石秘劑配方,Formula: Stonehold Remedy,蓄石の秘薬のレシピ,축석의 비약 조합 공식,Formule : remède de maintien des pierres,Formel: Steinfeste-Heilmittel,Formula: rimedio granitico,Fórmula: Remedio pétreo,Fórmula: Remédio Pedraforte,Формула: каменное средство,สูตร​: ยา​รักษา​สโตน​โฮลด์,Công thức: Phương Dược Thạch Vững,Formula: Ramuan Stonehold
爆辣腌渍水果配方,爆辣醃漬水果配方,Formula: Superhot Fruit Preserves,フルーツの激辛塩漬けのレシピ,매운 절임 과일 조합 공식,Formule : conserve de fruits pimentés,Formel: Superscharfe Fruchtkonserven,Formula: conserva di frutta piccantissima,Fórmula: Conservas de frutas super picantes,Fórmula: Frutas em Conserva Superpicantes,Формула: жгучее фруктовое варенье,สูตร​: แยม​ผลไม้​เผ็ด​จัด,Công thức: Mứt Trái Cây Siêu Cay,Formula: Selai Buah Superpedas
爆辣焗烤源石虫配方,爆辣焗烤源石蟲配方,Formula: Superhot Slug Gratin,オリジムシの激辛オーブン焼きのレシピ,매운 원석충 구이 조합 공식,Formule : gratin de limace très épicé,Formel: Superscharfes Schneckengratin,Formula: lumache al gratin piccantissime,Fórmula: Gratinado de babosa supercaliente,Fórmula: Lesma Gratinada Superpicante,Формула: жгучий гратен из слизня,สูตร​: เมนู​กรา​แ​ต็​ง​ทาก​เผ็ด​จัด,Công thức: Sên Đút Lò Nóng Hổi,Formula: Gratin Siput Superpedas
苦叶椒腌菜配方,苦葉椒醃菜配方,Formula: Tartpepper Pickle,苦葉椒の漬物のレシピ,쓴맛 나는 고추절임 조합 공식,Formule : Poivriaigre en saumure,Formel: Eingelegte Scharfpaprika,Formula: amaroncino sott'aceto,Fórmula: Pepinillos de pimienta ácida,Fórmula: Picles de Pimenta Azeda,Формула: маринованный терпкий перец,สูตร​: พริก​เปรี้ยว​ดอง,Công thức: Ớt Chua Muối,Formula: Acar Tartpepper
苦叶沙拉配方,苦葉沙拉配方,Formula: Tartpepper Salad,苦葉サラダのレシピ,쓴맛 나는 샐러드 조합 공식,Formule : Salade de poivriaigre,Formel: Scharfpaprika-Salat,Formula: insalata di amaroncino,Fórmula: Ensalada de pimienta ácida,Fórmula: Salada de Pimenta Azeda,Формула: салат из терпкого перца,สูตร​: สลัด​พริก​เปรี้ยว,Công thức: Salad Ớt Chua,Formula: Salad Tartpepper
荆刺芽针粉末配方,荊刺芽針粉末配方,Formula: Thorny Yazhen Powder,茨芽針粉薬のレシピ,가시 야침 가루 조합 공식,Formule : Poudre de chardille épineuse,Formel: Dorniges Yazhen-Pulver,Formula: polvere di yazhen spinato,Fórmula: Polvo de Yazhen espinoso,Fórmula: Pó de Broto-Agulha Espinhoso,Формула: молотый колючий ячжэнь,สูตร​: ผง​ย่า​เจิน​หนาม,Công thức: Bột Mầm Lá Kim Gai,Formula: Bubuk Yazhen Duri
田家特色烂肉面配方,田家特色爛肉麵配方,Formula: Tian's Braised Meat Noodles,テンの名物爛肉麺のレシピ,전씨네 특제 고기국수 조합 공식,Formule : nouilles à la viande braisée de Tian,Formel: Tians Nudeln mit Schmorbraten,Formula: noodle con carne brasata di Tian,Fórmula: Fideos con carne estofada de Tian,Fórmula: Macarrão com Carne Cozida de Tian,Формула: особая лапша с тушеным мясом от тети Тянь,สูตร​: บะหมี่​เนื้อ​ตุ๋น​สูตร​พิเศษ​ของ​ป้า​เ​ถี​ยน,Công Thức: Mì Thịt Kho của Dì Tian,Formula: Mie Semur Daging Khas Tian
谷地灰面包配方,谷地灰麵包配方,Formula: Valley Graybread,谷地の灰パンのレシピ,협곡 호밀빵 조합 공식,Formule : Pain brun de la vallée,Formel: Tal-Graubrot,Formula: pane bigio della Valle,Fórmula: Pan gris del valle,Fórmula: Pão Misto do Vale,Формула: долинный серый хлеб,สูตร​: ขนมปัง​เทา​แห่ง​หุบเขา,Công thức: Bánh Mì Hắc Mạch Thung Lũng,Formula: Graybread Lembah
谷地馅饼配方,谷地餡餅配方,Formula: Valley Pie,谷地パイのレシピ,협곡 파이 조합 공식,Formule : Tourte de la Vallée,Formel: Talpastete,Formula: tortino della Valle,Fórmula: Pay del Valle,Fórmula: Torta do Vale,Формула: пирог Долины,สูตร​: พาย​หุบเขา,Công thức: Bánh Thung Lũng,Formula: Pai Lembah
武陵乱炒配方,武陵亂炒配方,Formula: Wuling Flame-Boyance,武陵炒めのレシピ,무릉 볶음 조합 공식,Formule : flamme-boyance de Wuling,Formel: Flammendes Wuling,Formula: flambrulé di Wuling,Fórmula: Flame-Boyance de Wuling,Fórmula: Flamboiã de Wuling,Формула: улинская огнеразбериха,สูตร​: อู่​หลิง​บี​ยอน​เซ่​ไฟ​ลุก,Công thức: Lửa Rực Rỡ Võ Lăng,Formula: Flame-Boyance Wuling
武陵炒饭配方,武陵炒飯配方,Formula: Wuling Fried Rice,武陵チャーハンのレシピ,무릉 볶음밥 조합 공식,Formule : Riz frit de Wuling,Formel: Wuling-Reispfanne,Formula: riso fritto di Wuling,Fórmula: Arroz frito Wuling,Fórmula: Arroz Frito de Wuling,Формула: жареный рис по-улински,สูตร​: ข้าวผัด​อู่​หลิง,Công thức: Cơm Chiên Võ Lăng,Formula: Nasi Goreng Wuling
枢壤仪·扩容Ⅱ型配方,樞壤儀·擴容II型配方,Formula: Xiranite Nexus XC-II,枢壌儀・拡張Ⅱのレシピ,중추 식양 장치 · 확장 II형 조합 공식,Formule : Nexus en xiranite CA-II,Formel: Xiranit-Nexus XC-II,Formula: Nexus di xiranite XC-II,Fórmula: Nexus de Xiranita XC-II,Fórmula: Nexus de Xiranita XC-II,Формула: ксиранитовый нексус XC-II,สูตร​: เ​น็​ก​ซัส​ซี​เรน​ไนต์​ XC-II,Công Thức: Trung Tâm Xiranite XC-II,Formula: Nexus Xiranite XC-II
枢壤仪·扩容Ⅰ型配方,樞壤儀·擴容I型配方,Formula: Xiranite Nexus XC-Ⅰ,枢壌儀・拡張Ⅰのレシピ,중추 식양 장치 · 확장 I형 조합 공식,Formule : Nexus en xiranite CA-I,Formel: Xiranit-Nexus XC-I,Formula: Nexus di xiranite XC-I,Fórmula: Nexus de Xiranita XC-I,Fórmula: Nexus de Xiranita XC-I,Формула: ксиранитовый нексус XC-I,สูตร​: เ​น็​ก​ซัส​ซี​เรน​ไนต์​ XC-I,Công Thức: Trung Tâm Xiranite XC-I,Formula: Nexus Xiranite XC-I
芽针粉末配方,芽針粉末配方,Formula: Yazhen Powder,芽針粉末のレシピ,야침 가루 조합 공식,Formule : Poudre de chardille,Formel: Yazhen-Pulver,Formula: polvere di yazhen,Fórmula: Polvo de Yazhen,Fórmula: Pó de Broto-Agulha,Формула: молотый ячжэнь,สูตร​: ผง​หน่อ​เข็ม,Công thức: Bột Mầm Lá Kim,Formula: Bubuk Yazhen
大瓶芽针喷剂配方,大瓶芽針噴劑配方,Formula: Yazhen Spray [L],芽針スプレーⅡのレシピ,야침 스프레이(대) 조합 공식,Formule : Vaporisateur de chardille [G],Formel: Yazhen-Spray [L],Formula: spray di yazhen (L),Fórmula: Spray de Yazhen [G],Fórmula: Spray de Broto-Agulha [G],Формула: ячжэневый спрей [бол.],สูตร​: สเปรย์​หน่อ​เข็ม​ [L],Công thức: Bình Phun Mầm Lá Kim [Lớn],Formula: Semprotan Yazhen [L]
芽针喷剂配方,芽針噴劑配方,Formula: Yazhen Spray [S],芽針スプレーⅠのレシピ,야침 스프레이 조합 공식,Formule : Vaporisateur de chardille [P],Formel: Yazhen-Spray [S],Formula: spray di yazhen (S),Fórmula: Spray de Yazhen [P],Fórmula: Spray de Broto-Agulha [P],Формула: ячжэневый спрей [мал.],สูตร​: สเปรย์​หน่อ​เข็ม​ [S],Công thức: Bình Phun Mầm Lá Kim [Nhỏ],Formula: Semprotan Yazhen [S]
优质芽针针剂配方,優質芽針針劑配方,Formula: Yazhen Syringe [A],芽針注射剤Ⅱのレシピ,고급 야침 주사약 조합 공식,Formule : Seringue de chardille [A],Formel: Yazhen-Spritze [A],Formula: siringa di yazhen (A),Fórmula: Jeringa de Yazhen [A],Fórmula: Seringa de Broto-Agulha [A],Формула: инъектор ячжэня [A],สูตร​: เข็ม​ฉีด​หน่อ​เข็ม​ [A],Công Thức: Ống Tiêm Mầm Lá Kim [A],Formula: Alat Suntik Yazhen [A]
芽针针剂配方,芽針針劑配方,Formula: Yazhen Syringe [C],芽針注射剤Ⅰのレシピ,야침 주사약 조합 공식,Formule : Seringue de chardille [C],Formel: Yazhen-Spritze [C],Formula: siringa di yazhen (C),Fórmula: Jeringa de Yazhen [C],Fórmula: Seringa de Broto-Agulha [C],Формула: инъектор ячжэня [C],สูตร​: เข็ม​ฉีด​หน่อ​เข็ม​ [C],Công thức: Ống Tiêm Mầm Lá Kim [C],Formula: Alat Suntik Yazhen [C]
雾蚀要塞,Fort in the Acid Fog,Fort in the Acid Fog,Fort in the Acid Fog,Fort in the Acid Fog,Fort in the Acid Fog,Fort in the Acid Fog,Fort in the Acid Fog,Fort in the Acid Fog,Fort in the Acid Fog,Fort in the Acid Fog,Fort in the Acid Fog,Fort in the Acid Fog,Fort in the Acid Fog
正本补元汤剂,正本補元湯劑,Fortifying Infusion,滋養強壮の煎じ薬,원기 회복 탕약,Infusion fortifiante,Stärkender Aufguss,Infuso fortificante,Infusión fortificante,Infusão Fortificante,Укрепляющий настой,น้ำ​สมุนไพร​เสริม​แกร่ง,Thuốc Sắc Bổ Dưỡng,Ramuan Penguat
正本补元汤剂·升级,正本補元湯劑·升級,Fortifying Infusion Upgrade,滋養強壮の煎じ薬（強化）,원기 회복 탕약 · 업그레이드,Amélioration d'infusion fortifiante,Verbesserung: Stärkender Aufguss,Potenziamento: infuso fortificante,Mejora de infusión fortificante,Upgrade de Infusão Fortificante,Улучшение укрепляющего настоя,อัป​เกรด​น้ำ​สมุนไพร​เสริม​แกร่ง,Nâng Cấp Thuốc Sắc Bổ Dưỡng,Upgrade untuk Ramuan Penguat
坚城铸造者,堅城鑄造者,Fortmaker,堅城鋳造者,불사의 성주,Bâtisseur,Fortbauer,Fortezza,Constructor de fuertes,Fortificadora,Скала,ผู้สร้าง​ป้อม,Kiến Tạo Pháo Đài,Fortmaker
找到你咯,找到你囉,Found Ya,みーつけた,너 여기 있었구나?,Vous voilà,Hab dich,"Ah, eccoti!",Te encontré,Encontrei Você,Вот и ты,เจอ​เธอ​แล้ว,Tìm Thấy Rồi,Akhirnya Ketemu
根源苦楚,根源苦楚,Fount of Suffering,根源の痛み,근원적 고통,Source de souffrance,Quelle des Leidens,Fonte della sofferenza,Fuente del sufrimiento,Fonte do Sofrimento,Источник страданий,บ่อเกิด​แห่ง​ความทุกข์,Mạch Nguồn Thống Khổ,Sumber Penderitaan
羽兽剪纸风筝,羽獸剪紙風箏,Fowlbeast Paper Kite,羽獣の切り紙凧,파울비스트 종이 연,Cerf-volant en papier en forme d'aviliaire,Vogelbestien-Papierdrachen,Aquilone di carta crestalone acquatico,Cometa de bestia voladora,Pipa de Papel de Ave-fera,Бумажный змей в виде крылатого зверя,ว่าว​กระดาษ​สัตว์ปีก,Diều Giấy Thú Lông Vũ,Layang-layang Kertas Fowlbeast
碎片化医疗芯片,碎片化醫療晶片,Fragmented Treatment Chip,分散治療チップ,조각화 의료 칩,Puce de soins fragmentés,Fragmentierte Behandlung – Chip,Chip della cura frammentata,Chip de tratamiento fragmentado,Chip de Tratamento Fragmentado,Чип частичного лечения,ชิป​การรักษา​แยกส่วน,Chip Điều Trị Từng Phần,Chip Treatment Terfragmentasi
布道自由,佈道自由,Freedom to Proselytize,布教の自由,선교의 자유,Prosélytisme à volonté,Freiheit des Predigers,Libertà di predicare,Libertad para proselitizar,Liberdade de Propagação da Fé,Свободное служение,อิสรภาพ​แห่ง​การ​แพร่​ศรัทธา,Tự Do Truyền Đạo,Freedom to Proselytize
新鲜的锦草,新鮮的錦草,Fresh Jincao,新鮮な錦草,신선한 금초,Astéracée fraîche,Frisches Jincao,Jincao fresco,Jincao fresco,Capim-Seda Fresco,Свежий цзиньцао,ดอก​หญ้า​ไหม​สด,Cỏ Sao Lụa Tươi,Jincao Segar
亲切赠礼奖章,親切贈禮獎章,Friendly Giveaway,誠心誠意勲章,진심을 담은 선물 훈장,Cadeaux aux amis,Geschenk unter Freunden,Donazione amichevole,Regalo amistoso,Sorteio Amigável,Дружеский подарок,กิจกรรม​แจก​ของ​มิตรสหาย,Món Quà Kết Thân,Bingkisan Teman
好友,好友,Friends,フレンド,친구,Amis,Freunde,Amici,Amigos,Amigos,Друзья,เพื่อน,Bạn Bè,Teman
好友价格,好友價格,Friends' Prices,フレンド価格,친구의 가격,Prix d'amis,Preise der Freunde,Prezzi amici,Precios de amigos,Preços dos Amigos,Цены друзей,ราคา​ของ​เพื่อน,Giá của Bạn Bè,Harga Teman
拓荒分析仪,拓荒分析儀,Frontiers Analyzer,パイオニア分析装置,개척자 분석 장치,Analyseur des Confins,Grenzgebiet-Analysegerät,Analizzatore della frontiera,Analizador Fronteras,Analisador Frontiers,Анализатор «Колонист»,เครื่อง​วิเคราะห์​ชายแดน,Máy Phân Tích Tiền Tuyến,Penganalisis Tambang
拓荒护甲,拓荒護甲,Frontiers Armor,パイオニア防具,개척자 방어구,Armure des Confins,Grenzgebiet-Rüstung,Armatura della frontiera,Armadura Fronteras,Armadura Frontiers,Броня «Колонист»,เกราะ​ชายแดน,Giáp Tiền Tuyến,Armor Tambang
拓荒护甲·壹型,拓荒護甲·I,Frontiers Armor T1,パイオニア防具Ⅰ,개척자 방어구 · I,Armure des Confins G1,Grenzgebiet-Rüstung S1,Armatura della frontiera O1,Armadura Fronteras T1,Armadura Frontiers T1,Броня «Колонист» К1,เกราะ​ชายแดน​ T1,Giáp Tiền Tuyến T1,Armor Tambang T1
拓荒护甲·贰型,拓荒護甲·II,Frontiers Armor T2,パイオニア防具Ⅱ,개척자 방어구 · II,Armure des Confins G2,Grenzgebiet-Rüstung S2,Armatura della frontiera O2,Armadura Fronteras T2,Armadura Frontiers T2,Броня «Колонист» К2,เกราะ​ชายแดน​ T2,Giáp Tiền Tuyến T2,Armor Tambang T2
拓荒护甲·叁型,拓荒護甲III,Frontiers Armor T3,パイオニア防具Ⅲ,개척자 방어구 · III,Armure des Confins G3,Grenzgebiet-Rüstung S3,Armatura della frontiera O3,Armadura Fronteras T3,Armadura Frontiers T3,Броня «Колонист» К3,เกราะ​ชายแดน​ T3,Giáp Tiền Tuyến T3,Armor Tambang T3
拓荒耐蚀手套,拓荒耐蝕手套,Frontiers Blight RES Gloves,パイオニア耐蝕グローブ,개척자 내부식성 장갑,Gants anti-Gangrène des Confins,Grenzgebiet-Verderbnis-Schutzhandschuhe,Guanti anti-Contaminazione da frontiera,Guantes antiplaga Fronteras,Luvas Antipraga Frontiers,Антиморовые перчатки «Колонист»,ถุงมือ​กัน​ไบ​ล​ท์​ชายแดน,Găng Tay Kháng Nhiễm Khuẩn Tiền Tuyến,Sarung Tangan Tahan Hawar Tambang
拓荒通信器,拓荒通訊器,Frontiers Comm,パイオニア通信機,개척자 통신기,Communicateur des Confins,Grenzgebiet-Funkgerät,Trasmittente della frontiera,Comunicador Fronteras,Comunicador Frontiers,Рация «Колонист»,วิทยุสื่อสาร​ชายแดน,Máy Liên Lạc Tiền Tuyến,Komunikator Tambang
拓荒通信器·壹型,拓荒通訊器·I,Frontiers Comm T1,パイオニア通信機Ⅰ,개척자 통신기 · I,Communicateur des Confins G1,Grenzgebiet-Funkgerät S1,Trasmittente della frontiera O1,Comunicador Fronteras T1,Comunicador Frontiers T1,Рация «Колонист» К1,วิทยุสื่อสาร​ชายแดน​ T1,Máy Liên Lạc Tiền Tuyến T1,Komunikator Tambang T1
拓荒增量供氧栓,拓荒增量供氧栓,Frontiers Extra O2 Tube,パイオニアガス供給強化装置,개척자 증량 산소 공급 장치,Tube à O2 supplémentaire des Confins,Verbesserter Grenzgebiet-Sauerstoffzylinder,Tubo di ossigeno extra della frontiera,Tubo de O2 Extra Fronteras,Tubo de O2 Extra Frontiers,Улучшенная кислородная трубка «Колонист»,หลอด​ออกซิเจน​เสริม​ชายแดน,Ống O2 Phụ Tiền Tuyến,Tabung O2 Tambang Ekstra
拓荒增量供氧栓·壹型,拓荒增量供氧栓·I,Frontiers Extra O2 Tube T1,パイオニアガス供給強化装置Ⅰ,개척자 증량 산소 공급 장치 · I,Tube à O2 supplémentaire des Confins G1,Verbesserter Grenzgebiet-Sauerstoffzylinder S1,Tubo di ossigeno extra della frontiera O1,Tubo de O2 Extra Fronteras T1,Tubo de O2 Extra Frontiers T1,Улучшенная кислородная трубка «Колонист» К1,หลอด​ออกซิเจน​เสริม​ชายแดน​ T1,Ống O2 Phụ Tiền Tuyến T1,Tabung O2 Tambang Ekstra T1
拓荒纤维手套,拓荒纖維手套,Frontiers Fiber Gloves,パイオニア繊維グローブ,개척자 섬유 장갑,Gants en fibres des Confins,Grenzgebiet-Faserhandschuhe,Guanti in fibra della frontiera,Guantes de fibra Fronteras,Luvas de Fibra Frontiers,Волоконные перчатки «Колонист»,ถุงมือ​ไฟเบอร์​ชายแดน,Găng Tay Sợi Tiền Tuyến,Sarung Tangan Serat Tambang
拓荒纤维手套·壹型,拓荒纖維手套·I,Frontiers Fiber Gloves T1,パイオニア繊維グローブⅠ,개척자 섬유 장갑 · I,Gants en fibres des Confins G1,Grenzgebiet-Faserhandschuhe S1,Guanti in fibra della frontiera O1,Guantes de fibra Fronteras T1,Luvas de Fibra Frontiers T1,Волоконные перчатки «Колонист» К1,ถุงมือ​ไฟเบอร์​ชายแดน​ T1,Găng Tay Sợi Tiền Tuyến T1,Sarung Tangan Serat Tambang T1
拓荒供氧栓,拓荒供氧栓,Frontiers O2 Tube,パイオニアガス供給装置,개척자 산소 공급 장치,Tube à O2 des Confins,Grenzgebiet-Sauerstoffzylinder,Tubo di ossigeno della frontiera,Tubo de O2 Fronteras,Tubo de O2 Frontiers,Кислородный баллон пограничья,สาย​ออกซิเจน​ชายแดน,Dây Tiếp O2 Tiền Tuyến,Tabung O2 Tambang
拓荒护服,拓荒護服,Frontiers Protection Suit,パイオニア防護服,개척자 방호복,Combinaison de protection des Confins,Grenzgebiet-Schutzanzug,Tuta protettiva della frontiera,Traje protector Fronteras,Traje de Proteção Frontiers,Защитный костюм «Колонист»,ชุด​ป้องกัน​ชายแดน,Giáp Bảo Hộ Tiền Tuyến,Setelan Pelindung Perbatasan
《前沿瞭望》,《前沿瞭望》,Frontiers Watch,『Frontiers』,<전선의 조망>,Sentinelle des Confins,Grenzwache,Osservatorio della frontiera,Guardia de las fronteras,Patrulha da Fronteira,Вестник пограничья,หน่วย​ระวัง​ชายแดน,Canh Phòng Tiền Tuyến,Frontiers Watch
援助成果券,援助成果券,Fruits of Altruism Certs,支援成果券,지원 성과권,Certificats de fruits d'altruisme,Früchte-der-Hilfsbereitschaft-Zertis,Certificati di frutti dell'altruismo,Cert. de Frutos del Altruismo,Certificados de Frutos do Altruísmo,Сертификаты «Плоды доброты»,ใบรับรอง​ผลไม้​แห่ง​ความเอื้ออาทร,Chứng Nhận Quả Ngọt Vị Tha,Sertif Buah Altruisme
充沛耐力,充沛耐力,Full Vigor,エネルギッシュ,강철 지구력,Pleine forme,Voller Tatendrang,Pieno vigore,Vigor total,Vigor Total,Прилив сил,กำลังกาย​เต็มเปี่ยม,Đủ Sinh Lực,Full Vigor
掌握,掌握,Fully Grasped,掌握,장악,Parfaite compréhension,Gänzlich erfasst,Visione d'insieme,Completamente comprendido,Compreensão Total,Полное понимание,ครอบครอง​อย่างแท้จริง,Nắm Bắt Hoàn Toàn,Tergenggam Sepenuhnya
锦素炒饭,錦素炒飯,Garden Fried Rice,野菜たっぷりチャーハン,채소 볶음밥,Riz frit du potager,Garten-Reispfanne,Riso fritto all'ortolana,Arroz frito de jardín,Arroz Frito Primavera,Садовый жареный рис,ข้าวผัด​สวน,Cơm Chiên Rau Củ,Nasi Goreng Kebun
锦素炒饭·升级,錦素炒飯·升級,Garden Fried Rice Upgrade,野菜たっぷりチャーハン（強化）,채소 볶음밥 · 업그레이드,Amélioration de riz frit du potager,Verbesserung: Garten-Reispfanne,Potenziamento: riso fritto all'ortolana,Mejora de arroz frito de jardín,Upgrade de Arroz Frito Primavera,Улучшение садового жареного риса,อัป​เกรด​ข้าวผัด​สวน,Nâng Cấp Cơm Chiên Rau Củ,Upgrade untuk Nasi Goreng Kebun
炝炒时蔬,熗炒時蔬,Garden Stir-Fry,野菜炒め,제철 채소볶음,Sauté du potager,Gemüsepfanne,Verdure saltate,Verduras salteadas,Refogado Primavera,Садовая поджарка,ผัด​ผัก​สวน,Rau Củ Xào,Tumis Kebun
炝炒时蔬·升级,熗炒時蔬·升級,Garden Stir-Fry Upgrade,野菜炒め（強化）,제철 채소볶음 · 업그레이드,Amélioration de sauté du potager,Verbesserung: Gemüsepfanne,Potenziamento: verdure saltate,Mejora de verduras salteadas,Upgrade de Refogado Primavera,Улучшение садовой поджарки,อัป​เกรด​ผัด​ผัก​สวน,Nâng Cấp Rau Củ Xào,Upgrade untuk Tumis Kebun
气体散布机,氣體散布機,Gas Dispersing Unit,ガス散布機,기체 분산기,Unité de dispersion du gaz,Gasverteilungs-einheit,Unità di dispersione gas,Unidad de dispersión de gas,Unidade de Dispersão de Gás,Модуль рассеивания газа,ยู​นิต​กระจาย​ก๊าซ,Máy Khuếch Tán Khí,Unit Penyebar Gas
气体散布机模板,氣體散布機模板,Gas Dispersing Unit Template,ガス散布機の設計図,기체 분산기 템플릿,Modèle d'unité de dispersion du gaz,Vorlage: Gasverteilungseinheit,Schema: unità di dispersione gas,Molde de Unidad de dispersión de gas,Gabarito de Unidade de Dispersão de Gás,Шаблон модуля рассеивания газа,เทม​เพล​ต​ยู​นิต​กระจาย​ก๊าซ,Mẫu Máy Khuếch Tán Khí,Templat Unit Penyebar Gas
气体散布机 - 探索,氣體散布機 - 探索,Gas Dispersing Unit: Exploration,ガス散布機 - 探索,기체 분산기 - 탐색,Unité de dispersion du gaz : exploration,Gasverteilungseinheit: Erkundung,Unità di dispersione gas: esplorazione,Unidad de dispersión de gas: Exploración,Unidade de Dispersão de Gás: Exploração,Модуль рассеивания газа: исследование,ยู​นิต​กระจาย​ก๊าซ​: การสำรวจ,Máy Khuếch Tán Khí: Thám Hiểm,Unit Penyebar Gas: Eksplorasi
气体收集泵,氣體收集泵,Gas Extractor,ガス収集ポンプ,기체 수집기,Extracteur de gaz,Gasextraktor,Estrattore di gas,Extractor de gas,Extrator de Gás,Газовый экстрактор,เครื่อง​สกัด​ก๊าซ,Máy Tách Khí,Ekstraktor Gas
气体收集泵模板,氣體收集泵模板,Gas Extractor Template,ガス収集ポンプの設計図,기체 수집기 템플릿,Modèle d'extracteur de gaz,Vorlage: Gasextraktor,Schema: estrattore di gas,Molde de Extractor de gas,Gabarito de Extrator de Gás,Шаблон газового экстрактора,เทม​เพล​ต​เครื่อง​สกัด​ก๊าซ,Mẫu Máy Tách Khí,Templat Ekstraktor Gas
气体反应炉,氣體反應爐,Gas Reactor Globe,ガス反応装置,기체 반응로,Globe de réaction au gaz,Gasreaktor-Kugel,Globo di reazione gas,Globo del reactor de gas,Globo Reator de Gás,Газовый реактор,ลูกแก้ว​เตา​ปฏิกรณ์​ก๊าซ,Quả Cầu Phản Ứng Khí,Bola Reaktor Gas
气体反应炉模板,氣體反應爐模板,Gas Reactor Globe Template,ガス反応装置の設計図,기체 반응로 템플릿,Modèle de globe de réaction au gaz,Vorlage: Gasreaktor-Kugel,Schema: globo di reazione gas,Molde de Globo del reactor de gas,Gabarito de Globo Reator de Gás,Шаблон газового реактора,เทม​เพล​ต​ลูกแก้ว​เตา​ปฏิกรณ์​ก๊าซ,Mẫu Quả Cầu Phản Ứng Khí,Templat Bola Reaktor Gas
储气罐,儲氣罐,Gas Tank,ガス貯蔵タンク,저장용 가스통,Réservoir de gaz,Gastank,Serbatoio per gas,Tanque de gas,Tanque de Gás,Газовый резервуар,ถัง​ก๊าซ,Bể Chứa Khí,Tangki Gas
储气罐模板,儲氣罐模板,Gas Tank Template,ガス貯蔵タンクの設計図,저장용 가스통 템플릿,Modèle de réservoir de gaz,Vorlage: Gastank,Schema: serbatoio per gas,Molde de Tanque de gas,Gabarito de Tanque de Gás,Шаблон газового резервуара,เทม​เพล​ต​ถัง​ก๊าซ,Mẫu Bể Chứa Khí,Templat Tangki Gas
气体环境,氣體環境,Gaseous Environment,ガス環境,기체 환경,Environnement gazeux,Gashaltige Umgebung,Ambiente gassoso,Entorno gaseoso,Ambiente Gasoso,Газовая среда,สภาพแวดล้อม​แบบ​ก๊าซ,Môi Trường Khí,Lingkungan Gas
采集点,採集點,Gather Spot,採集,채집,Point de collecte,Sammelstelle,Punto di raccolta,Recoger,Ponto de Coleta,Собрать,จุดรวบรวม,Điểm Thu Thập,Titik Kumpul
采集资源,採集資源,Gatherable Resources,資源採集,자원 채집,Ressources récoltables,Sammelbare Ressourcen,Risorse da raccogliere,Recursos recolectables,Recursos Coletáveis,Сбор ресурсов,ทรัพยากร​ที่เก็บ​ได้,Tài Nguyên Có Thể Thu Thập,Sumber Daya yang Bisa Dikumpulkan
凝望真理,凝望真理,Gaze Long into Veritas,真理を求めて,진리를 향한 믿음,Contemplation de Veritas,Langer Blick ins Veritas,Faccia a faccia con la Veritas,Mirada profunda a la verdad,Encarando Veritas,Долгий взгляд в веритас,เพ่งมอง​ลึก​สู่​สัจธรรม,Dõi Mắt Vào Chân Lý,Menatap Veritas
踞渊北眺十连凭证,踞淵北眺十連憑證,Gaze North to the Rift 10×Permit,「臨淵北望」10回スカウト券,심연에서 북쪽을 바라보며 10회 허가증,Permis ×10 Regard tourné vers le nord et vers la faille,„Blicke nach Norden zum Riss“-10er-Genehmigung,Permesso da 10 utilizzi Guarda a nord verso la spaccatura,Permiso x10 de Mirada hacia el norte en la grieta,Permissão 10× Olhe para a Fenda ao Norte,Разрешение х10 «Вид на северный разлом»,ใบอนุญาต​มอง​ทางเหนือ​สู่​รอยแยก​×10,Vé Dõi Về Khe Nứt Phương Bắc ×10,Surat Izin 10× Tataplah Celah di Utara
踞渊北眺寻访凭证,踞淵北眺尋訪憑證,Gaze North to the Rift HH Permit,「臨淵北望」スカウト券,심연에서 북쪽을 바라보며 헤드헌팅 허가증,Permis REC Regard tourné vers le nord et vers la faille,„Blicke nach Norden zum Riss“-RK-Genehmigung,Permesso CT Guarda a nord verso la spaccatura,Permiso de C.R. de Mirada hacia el Norte en la grieta,Permissão para CT Olhe para a Fenda ao Norte,Разрешение на наем «Вид на северный разлом»,ใบอนุญาต​ HH มอง​ทางเหนือ​สู่​รอยแยก,Vé Chiêu Mộ Dõi Về Khe Nứt Phương Bắc,Surat Izin HH Tataplah Celah di Utara
装备,裝備,Gear,装備,장비,Équipement,Ausrüstung,Equipaggiamento,Equipamiento,Equipamento,Снаряжение,อุปกรณ์,Trang Bị,Gear
装备精锻,裝備精鍛,Gear Artificing,精密加工,장비 정밀 단조,Renforcement d'équipement,Ausrüstungsveredelung,Artificio di equipaggiamenti,Elaboración de equipamiento,Aprimoramento de Equipamentos,Доработка снаряжения,การ​อาร์​ติ​ไฟ​ซ์​อุปกรณ์,Chế Tác Trang Bị,Penyempurnaan Gear
批量选择,大量選取,Gear Artificing: Bulk Select,一括選択,일괄 선택,Renforcement d'équipement : sélection multiple,Ausrüstungsveredelung: Massenauswahl,Artificio di equipaggiamenti: selezione in blocco,Elaboración de equipamiento: Selección en masa,Aprimoramento de Equipamento: Seleção em Massa,Доработка снаряжения: массовый выбор,การ​อาร์​ติ​ไฟ​ซ์​อุปกรณ์​: เลือก​เป็น​กลุ่ม,Chế Tác Trang Bị: Chọn Hàng Loạt,Penyempurnaan Gear: Pilih Massal
精锻耗费 - 一,精鍛耗費 - 一,Gear Artificing: Costs (1),精密加工のコスト - 1,정밀 단조 재료 - 1,Renforcement d'équipement : coûts (1),Ausrüstungsveredelung: Kosten (1),Artificio di equipaggiamenti: costo (1),Elaboración de equipamiento: Costos (1),Aprimoramento de Equipamentos: Custos (1),Доработка снаряжения: расход (1),การ​อาร์​ติ​ไฟ​ซ์​อุปกรณ์​: ค่าใช้จ่าย​ (1),Chế Tác Trang Bị: Tiêu Hao (1),Penyempurnaan Gear: Biaya (1)
精锻耗费 - 二,精鍛耗費 - 二,Gear Artificing: Costs (2),精密加工のコスト - 2,정밀 단조 재료 - 2,Renforcement d'équipement : coûts (2),Ausrüstungsveredelung: Kosten (2),Artificio di equipaggiamenti: costo (2),Elaboración de equipamiento: Costos (2),Aprimoramento de Equipamentos: Custos (2),Доработка снаряжения: расход (2),การ​อาร์​ติ​ไฟ​ซ์​อุปกรณ์​: ค่าใช้จ่าย​ (2),Chế Tác Trang Bị: Tiêu Hao (2),Penyempurnaan Gear: Biaya (2)
精锻积累 - 一,精鍛累積 - 一,Gear Artificing: Progress (1),加工保証 - 1,정밀 단조 누적 - 1,Renforcement d'équipement : progression (1),Ausrüstungsveredelung: Fortschritt (1),Artificio di equipaggiamenti: progresso (1),Elaboración de equipamiento: Progreso (1),Aprimoramento de Equipamentos: Progresso (1),Доработка снаряжения: прогресс (1),การ​อาร์​ติ​ไฟ​ซ์​อุปกรณ์​: ความคืบหน้า​ (1),Chế Tác Trang Bị: Tiến Trình (1),Penyempurnaan Gear: Progres (1)
精锻积累 - 二,精鍛累積 - 二,Gear Artificing: Progress (2),加工保証 - 2,정밀 단조 누적 - 2,Renforcement d'équipement : progression (2),Ausrüstungsveredelung: Fortschritt (2),Artificio di equipaggiamenti: progresso (2),Elaboración de equipamiento: Progreso (2),Aprimoramento de Equipamentos: Progresso (2),Доработка снаряжения: прогресс (2),การ​อาร์​ติ​ไฟ​ซ์​อุปกรณ์​: ความคืบหน้า​ (2),Chế Tác Trang Bị: Tiến Trình (2),Penyempurnaan Gear: Progres (2)
装备制造,裝備製造,Gear Assembly,装備製造,장비 제작,Assemblage d'équipement,Ausrüstungsmontage,Assemblaggio equipaggiamenti,Ensamblaje del equipamiento,Montagem de Equipamento,Сборка снаряжения,การ​ประกอบ​อุปกรณ์,Lắp Ráp Trang Bị,Perakitan Gear
装备制造工艺,裝備製造工藝,Gear Assembly Technique,装備の製造工程,장비 제작 기술,Technique d'assemblage d'équipement,Ausrüstungsmontage: Technik,Tecniche di assemblaggio di equipaggiamenti,Técnica de ensamblaje del equipamiento,Técnica de Montagem de Equipamento,Техника сборки снаряжения,เทคนิค​ประกอบ​อุปกรณ์,Kỹ Thuật Lắp Ráp Trang Bị,Teknik Perakitan Gear
单一工艺自定义设置,單一工藝自訂設定,Gear Assembly: Individual Technique Switch,個別工程のカスタマイズ,단일 기술 사용자 설정,Assemblage d'équipement : remplacement individuel de technique,Ausrüstungsmontage: Individueller Technikwechsel,Assemblaggio di equipaggiamenti: cambio tecnica singolarmente,Ensamblaje del equipamiento: Cambio de técnica individual,Montagem de Equipamento: Troca de Técnica Individual,Сборка снаряжения: смена отдельной техники,ประกอบ​อุปกรณ์​: การ​เปลี่ยน​เทคนิค​เฉพาะ​ชิ้น,Lắp Ráp Trang Bị: Chuyển Đổi Kỹ Thuật Cá Nhân,Perakitan Gear: Pengalihan Teknik secara Terpisah
制造装备所需材料,製造裝備所需材料,Gear Assembly: Materials Required,装備製造に必要な素材,장비 제작에 필요한 재료,Assemblage d'équipement : matériaux requis,Ausrüstungsmontage: Benötigte Materialien,Assemblaggio equipaggiamenti: materiali richiesti,Ensamblaje del equipamiento: Materiales necesarios,Montagem de Equipamento: Materiais Necessários,Сборка снаряжения: необходимые материалы,การ​ประกอบ​อุปกรณ์​: วัสดุ​ที่​จำเป็น,Lắp Ráp Trang Bị: Nguyên Liệu Cần Thiết,Perakitan Gear: Material yang Dibutuhkan
全局工艺设置,全局工藝設定,Gear Assembly: Switch All Techniques Screen,全体工程変更,전체 기술 설정,Assemblage d'équipement : écran Remplacer toutes les techniques,Ausrüstungsmontage: Alle Techniken wechseln-Bildschirm,Assemblaggio di equipaggiamenti: schermata Cambia tutte le tecniche,Ensamblaje del equipamiento: Pantalla Cambiar todas las técnicas,Montagem de Equipamento: Tela Trocar Todas as Técnicas,Сборка снаряжения: экран «Сменить все техники»,ประกอบ​อุปกรณ์​: หน้าจอ​เปลี่ยน​เทคนิค​ทั้งหมด,Lắp Ráp Trang Bị: Màn Hình Chuyển Tất Cả Kỹ Thuật,Layar Perakitan Gear: Alihkan Semua Teknik
装备工艺兼容,裝備工藝相容,Gear Assembly: Technique Compatibility,製造工程の互換性,합성 기술 호환,Assemblage d'équipement : compatibilité des techniques,Ausrüstungsmontage: Technik-Kompatibilität,Assemblaggio di equipaggiamenti: compatibilità delle tecniche,Ensamblaje del equipamiento: Compatibilidad de técnicas,Montagem de Equipamento: Compatibilidade das Técnicas,Сборка снаряжения: совместимость техник,ประกอบ​อุปกรณ์​: เทคนิค​ความ​เข้ากันได้,Lắp Ráp Trang Bị: Độ Tương Thích Kỹ Thuật,Perakitan Gear: Kompatibilitas Teknik
装备制造模板,裝備製造模板,Gear Assembly: Template,装備設計図,장비 제작 템플릿,Assemblage d'équipement : modèle,Ausrüstungsmontage: Vorlage,Assemblaggio di equipaggiamenti: schema,Ensamblaje del equipamiento: Molde,Montagem de Equipamento: Gabarito,Сборка снаряжения: шаблон,ประกอบ​อุปกรณ์​: เทม​เพล​ต,Lắp Ráp Trang Bị: Mẫu,Perakitan Gear: Templat
装备原件,裝備原件,Gear Component,装備部品,장비 부품,Composant d'équipement,Ausrüstungskomponente,Componente per equipaggiamenti,Componente de equipamiento,Componente de Equipamento,Компонент снаряжения,ส่วนประกอบ​อุปกรณ์,Linh Kiện Trang Bị,Komponen Gear
装备模板箱,裝備模板箱,Gear Template,装備設計ボックス,장비 템플릿 상자,Modèle d'équipement,Ausrüstungsvorlage,Schema per l'equipaggiamento,Molde de equipamiento,Gabarito de Equipamento,Шаблон снаряжения,เทม​เพล​ต​อุปกรณ์,Mẫu Trang Bị,Templat Gear
装备模板箱,裝備模板箱,Gear Template Crate,装備設計ボックス,장비 템플릿 상자,Caisse de modèles d'équipement,Kiste mit Ausrüstungsvorlagen,Cassa con schema per l'equipaggiamento,Caja de molde de equipamiento,Caixote de Gabarito de Equipamento,Ящик шаблонов снаряжения,ลัง​เทม​เพล​ต​อุปกรณ์,Thùng Mẫu Trang Bị,Kerat Templat Gear
装备模板箱 - 新区域投放 - 应龙关,裝備模板箱 - 新區域投放 - 應龍關,Gear Template Crate: New Areas - Yinglung Pass,"装備設計ボックス - 新エリア追加 - <p=""おうりゅうせき"" padding=0>応龍関</p>",장비 템플릿 상자 - 신규 구역 - 응룡 관문,Caisse de modèles d'équipement : nouvelles zones - col de Yinglung,Kiste mit Ausrüstungsvorlagen: Neue Bereiche – Yinglung-Pass,"Cassa con schema per l'equipaggiamento: nuove aree, Valico di Yinglung",Caja de molde de equipamiento: Nuevas áreas – Paso de Yinglung,Caixote de Gabarito de Equipamento: Novas Áreas – Passagem de Yinglung,Ящик шаблонов снаряжения: новые районы — застава «Инлуна»,ลัง​เทม​เพล​ต​อุปกรณ์​: พื้นที่​ใหม่​ - ทางผ่าน​ห​ยิง​หลง,Thùng Mẫu Trang Bị: Khu Vực Mới - Đèo Yinglung,Kerat Templat Gear: Area Baru - Terusan Yinglung
首墩等区域的装备制造模板,首墩等區域的裝備製造模板,Gear Templates: Marker Stone Area,"<p=""しゅそ"" padding=0>首礎</p>などのエリアの装備設計図",수돈 등 구역의 장비 제작 템플릿,Modèles d'équipement : zone de la Pierre de marquage,Ausrüstungsvorlagen: Bereich um den Grenzstein,Schema per l'equipaggiamento: area della pietra di demarcazione,Moldes de equipamiento: Área de la Piedra Marcadora,Gabaritos de Equipamentos: Área da Pedra de Marcação,Шаблоны снаряжения: район Межевого камня,เทม​เพล​ต​อุปกรณ์​: พื้นที่​หิน​นำทาง,Mẫu Trang Bị: Khu Vực Đá Ranh Giới,Templat Gear: Area Batu Penanda
装备原件机,裝備原件機,Gearing Unit,装備部品加工機,장비 부품 합성기,Unité d'équipement,Ausrüstungseinheit,Unità per equipaggiamento,Unidad de engranajes,Unidade de Equipamentos,Модуль снаряжения,ยู​นิต​ทำ​อุปกรณ์,Máy SX Linh Kiện,Unit Perakit
装备原件机模板,裝備原件機模板,Gearing Unit Template,装備部品加工機の設計図,장비 부품 합성기 템플릿,Modèle d'unité d'équipement,Vorlage: Ausrüstungseinheit,Schema: unità per equipaggiamento,Molde de la Unidad de engranajes,Gabarito de Unidade de Equipamentos,Шаблон модуля снаряжения,เทม​เพล​ต​ยู​นิต​ทำ​อุปกรณ์,Mẫu Máy SX Linh Kiện,Templat Unit Perakit
通用,通用,General,一般,일반,Général,Allgemein,Generale,general,Geral,общий,ทั่วไป,Tổng Quan,Umum
通用液体盛装,通用液體盛裝,General Fluid Filling,汎用液体充填,범용 액체 담기,Remplissage général de fluides,Allgemeine Flüssigkeitsabfüllung,Riempimento generico di liquidi,Relleno de fluido general,Enchimento de Fluidos em Geral,Наполнение жидкостью,การ​เติม​ของเหลว​ทั่วไป,Rót Chất Lỏng Tổng Hợp,Pengisian Cairan Umum
通用液体倾倒,通用液體傾倒,General Fluid Separation,汎用液体放出,범용 액체 붓기,Séparation générale des fluides,Allgemeine Flüssigkeitstrennung,Separazione generica di liquidi,Separación de fluido general,Separação de Fluidos em Geral,Опустошение бутылок,การ​แยก​ของเหลว​ทั่วไป,Phân Tách Chất Lỏng Tổng Hợp,Pemisahan Cairan Umum
通用液体转气体,通用液體轉氣體,General Fluid-to-Gas,汎用液体・ガス転換,범용 액체 · 기체 전환,Transmutation fluide-gaz générale,Allgemeine Flüssigkeit-zu-Gas-Umwandlung,Da liquido a gas in generale,General fluido-gas,Conversão Geral de Fluido em Gás,Жидкостно-газовое видоизменение,การแปร​สภาพ​ของเหลว​เป็น​ก๊าซ​ทั่วไป,Chuyển Chất Lỏng Thành Khí Thông Dụng,Cair-ke-Gas Umum
通用气体转固体,通用氣體轉固體,General Gas-to-Solid,汎用ガス・固体転換,범용 기체 · 고체 전환,Transmutation gaz-solide générale,Allgemeine Gas-zu-Feststoff-Umwandlung,Da gas a solido in generale,General gas-sólido,Conversão Geral de Gás em Sólido,Газово-твердотельное видоизменение,การแปร​สภาพ​ก๊าซ​เป็น​ของแข็ง​ทั่วไป,Chuyển Khí Thành Chất Rắn Thông Dụng,Gas-ke-Padat Umum
通用水培种植,通用水培種植,General Hydroponics,汎用水耕栽培,범용 수경재배,Hydroponie générale,Allgemeine Hydrokultur,Idroponica generica,Hidroponía general,Hidropônicos em Geral,Выращивание на гидропонике,ไฮ​โดร​โป​นิกส์​ทั่วไป,Thủy Canh Tổng Hợp,Hidroponik Umum
通用种植生产,通用種植生產,General Plant Farming,汎用栽培生産,범용 재배 생산,Culture générale de plantes,Allgemeiner Pflanzenanbau,Coltivazione generica di piante,Cultivo de plantas general,Cultivo de Plantas em Geral,Выращивание растения,การ​ปลูก​พืช​ทั่วไป,Cây Trồng Tổng Hợp,Budi Daya Tanaman Umum
通用植物溶液,通用植物溶液,General Plant Solution,汎用植物エキス,범용 식물 용액,Solution générale de plantes,Allgemeine Pflanzenlösung,Soluzione vegetale generica,Solución para plantas general,Solução de Plantas em Geral,Раствор растения,สาร​สกัด​จาก​พืช​ทั่วไป,Dung Dịch Cây Trồng Tổng Hợp,Larutan Tanaman Umum
通用固体转气体,通用固體轉氣體,General Solid-to-Gas,汎用固体・ガス転換,범용 고체 · 기체 전환,Transmutation solide-gaz générale,Allg. Festst.-zu-Gas-Umwandl.,Da solido a gas in generale,General sólido-gas,Conversão Geral de Sólido em Gás,Твердотельно-газовое видоизменение,การแปร​สภาพ​ของแข็ง​-​ก๊าซ​ทั่วไป,Chuyển Chất Rắn Thành Khí Thông Dụng,Padat-ke-Gas Umum
慷慨助力奖章,慷慨助力獎章,Generous Helper,支援勲章,아낌없는 지원 훈장,Assistance généreuse,Großzügige Hilfe,Aiutante altruista,Ayuda generosa,Ajudante Generoso,Щедрая помощь,ผู้ช่วย​เหลือ​ที่​ใจกว้าง,Trợ Thủ Hào Phóng,Penolong Murah Hati
清波静流十连凭证,清波靜流十連憑證,Gently Flows Qingbo 10×Permit,「清波の静流」10回スカウト券,잔잔한 물결 헤드헌팅 10회 허가증,Permis ×10 Qingbo se la coule douce,„Stete Strömung des Qingbo“-10er-Genehmigung,Permesso CT-10: Il dolce fluire di Qingbo,Permiso x10 de Qingbo fluye suavemente,Permissão 10× Fluxo Suave por Qingbo,Разрешение х10 «Тихие воды Циньбо»,ใบอนุญาต​ไหล​อย่าง​อ่อนโยน​ชิง​ป๋อ​×10,Vé Thanh Ba Nước Chảy Mây Trôi ×10,Surat Izin 10× Qingbo Mengalir Tenang
清波静流寻访凭证,清波靜流尋訪憑證,Gently Flows Qingbo HH Permit,「清波の静流」スカウト券,잔잔한 물결 헤드헌팅 허가증,Permis REC Qingbo se la coule douce,„Stete Strömung des Qingbo“-RK-Genehmigung,Permesso CT: Il dolce fluire di Qingbo,Permiso de C.R. de Qingbo fluye suavemente,Permissão para CT Fluxo Suave por Qingbo,Разрешение на наем «Тихие воды Циньбо»,ใบอนุญาต​ HH ไหล​อย่าง​อ่อนโยน​ชิง​ป๋อ,Vé Chiêu Mộ Thanh Ba Nước Chảy Mây Trôi,Surat Izin HH Qingbo Mengalir Tenang
幽台试验场,幽台試驗場,Ghost Mesa Test Site,幽台実験場,유대 실험장,Site d'essais du Plateau fantôme,Geistermesa-Testareal,Fenditura dell'Area test,Sitio Meseta Fantasma,Mesa Fantasma,Лаборатория на Теневом плато,พื้นที่​ทดสอบ​โกส​ต์​เม​ซา,Khu Thử Nghiệm Cao Nguyên U Linh,Lokasi Uji Coba Mesa Hantu
洁尔佩塔,潔爾佩塔,Gilberta,ギルベルタ,질베르타,Gilberta,Gilberta,Gilberta,Gilberta,Gilberta,Гилберта,กิล​เบอร์​ตา,Gilberta,Gilberta
洁尔佩塔的信物,潔爾佩塔的信物,Gilberta's Token,ギルベルタの印,질베르타의 증표,Jeton de Gilberta,Gilbertas Token,Gettone di Gilberta,Ficha de Gilberta,Símbolo de Gilberta,Жетон Гилберты,โท​เคน​ของ​กิล​เบอร์​ตา,Tín Vật của Gilberta,Token Gilberta
阿吉的日记,阿吉的日記,Ginny's Diary,ジニーの日記,지니의 일기,Journal intime de Ginny,Ginnys Tagebuch,Diario di Ginny,Diario de Ginny,Diário da Ginny,Дневник Джинни,ไดอารี่​ของ​จิน​นี่,Nhật Ký Của Ginny,Buku Harian Ginny
清炖兽排参须汤,清燉獸排蔘鬚湯,Ginseng Meat Stew,獣肉と玉葉人参のスープ,푹 삶은 갈비 미삼탕,Ragoût de viande et ginseng,Ginseng-Fleischeintopf,Stufato di carne al ginseng,Estofado de carne con ginseng,Ensopado de Carne com Ginseng,Тушеное мясо с женьшенем,สตู​ว์​เนื้อ​โสม,Thịt Hầm Nhân Sâm,Semur Daging Ginseng
清炖兽排参须汤·升级,清燉獸排蔘鬚湯·升級,Ginseng Meat Stew Upgrade,獣肉と玉葉人参のスープ（強化）,푹 삶은 갈비 미삼탕 · 업그레이드,Amélioration de ragoût de viande et ginseng,Verbesserung: Ginseng-Fleischeintopf,Potenziamento: stufato di carne al ginseng,Mejora de estofado de carne con ginseng,Upgrade de Ensopado de Carne com Ginseng,Улучшение тушеного мяса с женьшенем,อัป​เกรด​สตู​ว์​เนื้อ​โสม,Nâng Cấp Thịt Hầm Nhân Sâm,Upgrade untuk Semur Daging Ginseng
破阵刀碎片,破陣刀碎片,Glaive Fragment,破陣刀の欠片,진형 파괴자의 칼 조각,Fragment de lance,Glefenfragment,Frammento di falcione,Fragmento de guja,Fragmento de Guja,Фрагмент глевии,เศษ​เสี้ยว​เกล​ฟ,Mảnh Đao Cán Dài,Fragmen Glaive
怒目彪兽,怒目彪獸,Glaring Rakerbeast,鋭目彪獣,분노의 레이커비스트,Ratisseur éblouissant,Funkelnde Wüstlingsbestie,Rastrobestia abbagliante,Bestia rastrera deslumbrante,Rastejante Brilhante,Сверкающий хитрый зверь,เร​เกอร์​บี​ส​ต์​ลาย​จุด​เข้ม,Quái Cào Sáng Chói,Rakerbeast Mencolok
送归源石虫,送歸源石蟲,Globular Originium Slug: Back to Home,オリジムシの帰還,원석충 돌려보내기,Limace d'originium globuleuse : retour à la maison,Kugel-Originium-Schnecke: Zurück zur Startseite,Origilumaca globulare: ritorno al punto d'origine,Babosa de Originio globular: Regreso a casa,Lesma do Originium Globular: Volta para Casa,Шаровидный ориджиниевый слизень: возвращение домой,ทาก​ออ​ริ​จิ​เนียม​ทรงกลม​: กลับ​สู่​บ้าน,Sên Originium Dạng Cầu: Trở Về Nhà,Siput Originium Bulat: Pulang ke Rumah
幽谷,幽谷,Gloomvale,幽谷,깊은 골짜기,Val morose,Trübsaltal,Vallecupa,Valle sombrío,Vale Sombrio,Мглистая долина,หุบเขา​มืด​หม่น,Thung Lũng U Ám,Gloomvale
光荣记忆,光榮記憶,Glorious Memory,栄光の記憶,찬란했던 기억,Glorieux souvenir,Glorreiche Erinnerung,Ricordo glorioso,Memoria gloriosa,Memória Gloriosa,Славное воспоминание,ความทรงจำ​อัน​รุ่งโรจน์,Ký Ức Huy Hoàng,Glorious Memory
萤壳虫,螢殼蟲,Glowbug,ホタルムシ,야광 풍뎅이,Lumiptère,Leuchtkäfer,Luminsetto,Luciérnaga,Vaga-Lume,Светожук,แมลง​เรืองแสง,Đom Đóm,Glowbug
萤壳虫粉末,螢殼蟲粉末,Glowbug Powder,ホタルムシ粉末,야광 풍뎅이 가루,Poudre de lumiptère,Leuchtkäfer-Pulver,Polvere di luminsetti,Polvo de luciérnaga,Pó de Vaga-Lume,Молотый светожук,ผง​แมลง​เรืองแสง,Bột Đom Đóm,Bubuk Glowbug
安德烈金雕像,安德烈金雕像,Gold Statuette: Andre,アンドレイの黄金像,황금 조각상: 안드레,Statuette d'or : André,Goldstatue: André,Statuetta d'oro: Andre,Estatuilla de oro: Andre,Estatueta de Ouro: Andre,Золотая статуэтка Андре,รูปปั้น​ทองคำ​: อัง​เดร,Tượng Vàng: Andre,Patung Kecil Emas: Andre
巨大胖鸟金雕像,巨大胖鳥金雕像,Gold Statuette: Bigfowl,丸々とした毛玉の黄金像,황금 조각상: 거대한 뚱뚱새,Statuette d'or : aviliaire géant,Goldstatue: Großvogel,Statuetta d'oro: Grande Gufo,Estatuilla de oro: gran pájaro,Estatueta de Ouro: Corujão,Золотая статуэтка большекрыла,รูปปั้น​ทองคำ​: บิ๊ก​โฟลว์,Tượng Vàng: Bigfowl,Patung Kecil Emas: Bigfowl
陈千语金雕像,陳千語金雕像,Gold Statuette: Chen Qianyu,チェンの黄金像,황금 조각상: 진천우,Statuette d'or : Chen Qianyu,Goldstatue: Chen Qianyu,Statuetta d'oro: Chen Qianyu,Estatuilla de oro: Chen Qianyu,Estatueta de Ouro: Chen Qianyu,Золотая статуэтка Чэнь Цяньюй,รูปปั้น​ทองคำ​: เฉิน​ เชียน​ยู,Tượng Vàng: Chen Qianyu,Patung Kecil Emas: Chen Qianyu
克劳金雕像,克勞金雕像,Gold Statuette: Crowe,クロウの黄金像,황금 조각상: 크로,Statuette d'or : Crowe,Goldstatue: Crowe,Statuetta d'oro: Crowe,Estatuilla de oro: Crowe,Estatueta de Ouro: Crowe,Золотая статуэтка Кроу,รูปปั้น​ทองคำ​: โครว์,Tượng Vàng: Crowe,Patung Kecil Emas: Crowe
帝江号金雕像,帝江號金雕像,Gold Statuette: Dijiang,帝江号の黄金像,황금 조각상: 제강호,Statuette d'or : Dijiang,Goldstatue: Dijiang,Statuetta d'oro: Dijiang,Estatuilla de oro: Dijiang,Estatueta de Ouro: Dijiang,Золотая статуэтка «Дицзян»,รูปปั้น​ทองคำ​: ตี้​เจียง,Tượng Vàng: Dijiang,Patung Kecil Emas: Dijiang
钻探机金雕像,鑽地機金雕像,Gold Statuette: Drill Crawler,ドリルマシンの黄金像,황금 조각상: 시추기,Statuette d'or : foreuse sur chenilles,Goldstatue: Bohrwagen,Statuetta d'oro: Trivellatore,Estatuilla de oro: taladro perforador,Estatueta de Ouro: Escavadeira Multiuso,Золотая статуэтка гусеничного бура,รูปปั้น​ทองคำ​: รถขุด​เจาะ,Tượng Vàng: Máy Khoan Bánh Xích,Patung Kecil Emas: Traktor Bor
马克金雕像,馬克金雕像,Gold Statuette: Mark,マークの黄金像,황금 조각상: 마크,Statuette d'or : Mark,Goldstatue: Mark,Statuetta d'oro: Mark,Estatuilla de oro: Mark,Estatueta de Ouro: Mark,Золотая статуэтка Марка,รูปปั้น​ทองคำ​: มาร์ค,Tượng Vàng: Mark,Patung Kecil Emas: Mark
老暴鸰金雕像,老暴鴒金雕像,Gold Statuette: Old Bombtail,ボムバチさんの黄金像,황금 조각상: 낡은 폭탄새,Statuette d'or : vieux tire-boum,Goldstatue: Alter Bombenwerfer,Statuetta d'oro: Vecchia Bombacoda,Estatuilla de oro: Colabomba vieja,Estatueta de Ouro: Antiga Bombtail,Золотая статуэтка старого бомбохвоста,รูปปั้น​ทองคำ​: บอมบ์​เทล​แก่,Tượng Vàng: Đuôi Nổ Cũ,Patung Kecil Emas: Bombtail Tua
佩丽卡金雕像,佩麗卡金雕像,Gold Statuette: Perlica,ペリカの黄金像,황금 조각상: 펠리카,Statuette d'or : Perlica,Goldstatue: Perlica,Statuetta d'oro: Perlica,Estatuilla de oro: Perlica,Estatueta de Ouro: Perlica,Золотая статуэтка Перлики,รูปปั้น​ทองคำ​: เพอ​ริ​กา,Tượng Vàng: Perlica,Patung Kecil Emas: Perlica
秦茳尺金雕像,秦茳尺金雕像,Gold Statuette: Qin Jiangchi,シン・ジャンチーの黄金像,황금 조각상: 진강척,Statuette d'or : Qin Jiangchi,Goldstatue: Qin Jiangchi,Statuetta d'oro: Qin Jiangchi,Estatuilla de oro: Qin Jiangchi,Estatueta de Ouro: Qin Jiangchi,Золотая статуэтка Цинь Цзянчи,รูปปั้น​ทองคำ​: ชิน​ เจียง​ฉี,Tượng Vàng: Qin Jiangchi,Patung Kecil Emas: Qin Jiangchi
塔塔金雕像,塔塔金雕像,Gold Statuette: Tata,タタの黄金像,황금 조각상: 타타,Statuette d'or : Tata,Goldstatue: Tata,Statuetta d'oro: Tata,Estatuilla de oro: Tate,Estatueta de Ouro: Tata,Золотая статуэтка Тэта,รูปปั้น​ทองคำ​: ทา​ทา,Tượng Vàng: Tata,Patung Kecil Emas: Tata
狼卫金雕像,狼衛金雕像,Gold Statuette: Wulfgard,ウルフガードの黄金像,황금 조각상: 울프가드,Statuette d'or : Wulfgard,Goldstatue: Wulfgard,Statuetta d'oro: Wulfgard,Estatuilla de Oro: Wulfgard,Estatueta de Ouro: Wulfgard,Золотая статуэтка Вулфгарда,รูปปั้น​ทองคำ​: วู​ล์​ฟ​การ์ด,Tượng Vàng: Wulfgard,Patung Kecil Emas: Wulfgard
伊冯金雕像,伊馮金雕像,Gold Statuette: Yvonne,イヴォンヌの黄金像,황금 조각상: 이본,Statuette d'or : Yvonne,Goldstatue: Yvonne,Statuetta d'oro: Yvonne,Estatuilla de oro: Yvonne,Estatueta de Ouro: Yvonne,Золотая статуэтка Ивонны,รูปปั้น​ทองคำ​: อี​วอน,Tượng Vàng: Yvonne,Patung Kecil Emas: Yvonne
柯林斯金雕像,柯林斯金雕像,Gold Statuettes: Collinses,コリンズの黄金像,황금 조각상: 콜린스,Statuette d'or : les Collins,Goldstatuen: die Collins-Geschwister,Statuetta d'oro: I Collins,Estatuillas de oro: Los Collins,Estatuetas de Ouro: Collins,Золотые статуэтки Коллинзов,รูปปั้น​ทองคำ​: ตระกูล​คอล​ลิน​ส์,Tượng Vàng: Gia Đình Collins,Patung Kecil Emas: Collins Bersaudara
黄金时代,黃金時代,Golden Age,黄金時代,전성기,Âge d'or,Goldenes Zeitalter,Epoca d'oro,Edad de oro,Era de Ouro,Золотой век,ยุคทอง,Thời Đại Hoàng Kim,Golden Age
货物运送奖章,貨物運送獎章,Goods Delivery,荷物配達勲章,화물 운송 훈장,Livraison de marchandises,Warenlieferung,Consegna articoli,Entrega de mercancías,Entrega de Mercadorias,Доставка товаров,การขนส่ง​สินค้า,Giao Hàng,Pengantaran Barang
悬谷台,懸谷台,Gorge Overhang,懸谷台,현곡대,Surplomb de la gorge,Schluchtüberhang,Sporgenza della gola,Saliente del desfiladero,Beirada do Desfiladeiro,Уступ над ущельем,เพิงผา​หุบเขา,Mỏm Cheo Leo Hẻm Núi,Tebing Gantung Ngarai
小麻烦,小麻煩,Got a Small Problem,ちょっと面倒,말썽꾸러기,Petit problème,Es gibt da ein Problemchen,C'è un problemino,Hay un pequeño problema,Tenho um Pequeno Problema,Мелкая неприятность,มีปัญหา​นิดหน่อย,Gặp Một Vấn Đề Nhỏ,Ada Masalah Kecil
应届毕业生的探讨,應屆畢業生的探討,Graduates' Discussion,新卒者の思案,올해 졸업자의 토론,Discussion des diplômés,Diskussion unter Absolventen,Discussione dei laureati,Debate de egresados,Discussão dos Graduados,Дискуссии выпускников,การ​สนทนา​ของ​บัณฑิต,Cuộc Thảo Luận Của Tốt Nghiệp,Diskusi para Lulusan
宏愿,宏願,Grand Vision,大願,장대한 염원,Vision ambitieuse,Große Vision,Visione maestosa,Visión magna,Grande Visão,Великое видение,แกรนด์​วิ​ชั่น,Tầm Nhìn Lớn,Grand Vision
规则边缘,規則邊緣,Gray Fringes of the Rules,ギリギリアウト,규칙의 경계선,La zone grise des règles,Grauzonen des Gesetzes,Al limite delle regole,Límites grises de las reglas,Limites Cinzentos das Regras,Серые грани закона,ชายขอบ​สีเทา​แห่ง​กฎ,Vùng Xám Của Luật Lệ,Batasan Abu-Abu Aturan
绿色自动贩售机,綠色自動販賣機,Green Auto-Vender,緑自動販売機,녹색자동판매기,Vert Distributeur automatique,Grün Verkaufsautomat,Verde Distributore automatico,Verde Máquina expendedora,Verde Máquina de venda automática,Зеленая Торговый автомат,สีเขียว ตู้จำหน่ายสินค้าอัตโนมัติ,Xanh lá Máy bán hàng tự động,Hijau Mesin penjual otomatis
绿色百叶箱,綠色百葉箱,Green Instrument Safe,緑百葉箱,녹색백엽상,Vert Coffre d'instruments,Grün Werkzeugsafe,Verde Cassaforte per strumenti,Verde Caja fuerte para instrumentos,Verde Cofre para Instrumentos,Зеленая Сейф с инструментами,สีเขียว ตู้เซฟ​อุปกรณ์,Xanh lá Két Dụng Cụ,Hijau Brankas Instrumen
绿色包裹,綠色包裹,Green Package,緑荷物,녹색소포,Vert Colis,Grün Paket,Verde Pacco,Verde Paquete,Verde Pacote,Зеленая Посылка,สีเขียว พัสดุ,Xanh lá Gói hàng,Hijau Paket
榴弹塔,榴彈塔,Grenade Tower,榴弾塔,유탄 타워,Tour lance-grenades,Granatwerfer-turm,Torretta granata,Torre de granadas,Torre de Granadas,Гранатометная вышка,ป้อม​ระเบิดมือ,Tháp Lựu Đạn,Menara Granat
榴弹塔模板,榴彈塔模板,Grenade Tower Template,榴弾塔の設計図,유탄 타워 템플릿,Modèle de tour lance-grenades,Vorlage: Granatwerferturm,Schema: torretta granata,Molde de la Torre de granadas,Gabarito de Torre de Granadas,Шаблон гранатометной вышки,เทม​เพล​ต​ป้อม​ระเบิดมือ,Mẫu Tháp Lựu Đạn,Templat Menara Granat
研磨机,研磨機,Grinding Unit,研磨機,연마기,Unité de broyage,Mahleinheit,Unità di macinazione,Unidad pulverizadora,Unidade de Moagem,Модуль измельчения,ยู​นิต​ปั่น​ผง,Máy Nghiền Mịn,Unit Giling
研磨机模板,研磨機模板,Grinding Unit Template,研磨機の設計図,연마기 템플릿,Modèle d'unité de broyage,Vorlage: Mahleinheit,Schema: unità di macinazione,Molde de la Unidad pulverizadora,Gabarito de Unidade de Moagem,Шаблон модуля измельчения,เทม​เพล​ต​ยู​นิต​ปั่น​ผง,Mẫu Máy Nghiền Mịn,Templat Unit Giling
旧锋装甲,舊鋒裝甲,Grizzled Edge Armor,旧鋒防具,고검의 잔향 장갑,Armure Fil émoussé,Graukant-Rüstung,Armatura dal bordo grigio,Armadura de Filo curtido,Armadura de Borda Grisalha,Броня «Потертое лезвие»,เกราะ​ Grizzled Edge,Giáp Lão luyện,Armor Tepian Serabut
旧锋装甲·壹型,舊鋒裝甲·I,Grizzled Edge Armor T1,旧鋒防具Ⅰ,고검의 잔향 장갑 · I,Armure Fil émoussé G1,Graukant-Rüstung S1,Armatura dal bordo grigio O1,Armadura de Filo curtido T1,Armadura de Borda Grisalha T1,Броня «Потертое лезвие» К1,เกราะ​ Grizzled Edge T1,Giáp Lão Luyện T1,Armor Tepian Serabut T1
旧锋手甲,舊鋒手甲,Grizzled Edge Gauntlets,旧鋒ガントレット,고검의 잔향 금속 장갑,Gantelets Fil émoussé,Graukant-Fingerhandschuhe,Coprimani dal bordo grigio,Guanteletes de Filo curtido,Manoplas de Borda Grisalha,Рукавицы «Потертое лезвие»,ถุงมือ​ Grizzled Edge,Găng Lão Luyện,Gauntlet Tepian Serabut
旧锋手甲·壹型,舊鋒手甲·I,Grizzled Edge Gauntlets T1,旧鋒ガントレットⅠ,고검의 잔향 금속 장갑 · I,Gantelets Fil émoussé G1,Graukant-Fingerhandschuhe S1,Coprimani dal bordo grigio O1,Guanteletes de Filo curtido T1,Manoplas de Borda Grisalha T1,Рукавицы «Потертое лезвие» К1,ถุงมือ​ Grizzled Edge T1,Găng Lão Luyện T1,Gauntlet Tepian Serabut T1
旧锋刺刃,舊鋒刺刃,Grizzled Edge Push Knife,旧鋒ナイフ,고검의 잔향 단검,Poignard à propulsion Fil émoussé,Graukant-Druckmesser,Pugnale a scatto dal bordo grigio,Cuchillo de empuje de Filo curtido,Canivete de Borda Grisalha,Тычковый нож «Потертое лезвие»,มีด​สั้น​ Grizzled Edge,Dao Đẩy Lão Luyện,Pisau Tinju Tepian Serabut
旧锋刺刃·壹型,舊鋒刺刃·I,Grizzled Edge Push Knife T1,旧鋒ナイフⅠ,고검의 잔향 단검 · I,Poignard à propulsion Fil émoussé G1,Graukant-Druckmesser S1,Pugnale a scatto dal bordo grigio O1,Cuchillo de empuje de Filo curtido T1,Canivete de Borda Grisalha T1,Тычковый нож «Потертое лезвие» К1,มีด​สั้น​ Grizzled Edge T1,Dao Đẩy Lão Luyện T1,Pisau Tinju Tepian Serabut T1
细磨荞花粉末,細磨蕎花粉末,Ground Buckflower Powder,蕎花細粉,고운 메밀꽃 가루,Poudre de cabranthe fine,Gemahlenes Buchweizenblumen-Pulver,Polvere di arcofiore macinato,Polvo de floracina molido,Pó de Flor de Cervina Moída,Измельченный молотый гречецвет,ผง​ดอก​บัค​วีท​บด,Bột Hoa Kiều Mạch Nghiền,Bubuk Buckflower Tumbuk
细磨柑实粉末,細磨柑實粉末,Ground Citrome Powder,シトローム細粉,고운 시트론 가루,Poudre de citrome fine,Gemahlenes Zitromen-Pulver,Polvere di citromi macinati,Polvo de citroma molido,Pó de Citroma Moído,Измельченный молотый цитром,ผง​ซิ​โตร​ม​บด,Bột Cam Nghiền,Bubuk Citrome Tumbuk
穿林箭,穿林箭,Grove Archer,穿林矢,천림전,Archer des bosquets,Gehölz-Schütze,Arciere boschivo,Arquero de arboleda,Arqueiro do Bosque,Лесной стрелок,นัก​ธนู​แห่ง​แมก​ไม้,Cung Thủ Lùm Cây,Grove Archer
竹林虫笋,竹林蟲筍,Grove Nymphsprout,竹林の虫筍,죽림충순,Germenymphe du bosquet,Hain-Nymphenspross,Germoglio di ninfa boschiva,Brote de ninfa de arboleda,Ninfobroto do Bosque,Лесной нимфопобег,หน่อ​โกรฟ​นิม​ฟ์,Đông Trùng Hạ Thảo Rừng,Nymphsprout Belukar
竹林虫蛹,竹林蟲蛹,Grovenymph Pupa,竹林虫のさなぎ,죽림충 번데기,Chrysalide de nymphe sylvestre,Baumnymphen-Puppe,Pupa di ninfa boschiva,Pupa de Ninfa de Arboleda,Pupa de Ninfa do Bosque,Куколка нимфы рощи,ดักแด้​/​ตัวอ่อน​โกรฟ​นิม​ฟ์,Nhộng Grovenymph,Pupa Grovenymph
种植者的日记,種植者的日記,Grower's Log,栽培者の日記,재배자의 일기,Journal d'agronomie,Log des Gärtners,Registro di coltivazione,Registro del cultivador,Log do Agricultor,Журнал растениевода,บันทึก​ของ​ผู้​เพาะปลูก,Nhật Ký Của Người Trồng,Log Penanam
施工者的保证,施工者的保證,Guarantee from a Builder,施工者の保証,시공자의 약속,Garantie d'un constructeur,Garantie von einem Bauarbeiter,Garanzia da parte di un costruttore,Garantía de un constructor,Promessa de um Construtor,Гарантия от строителя,การรับประกัน​จาก​ช่างก่อสร้าง,Bảo đảm từ một Kỹ Sư,Jaminan dari Tukang Bangunan
访客终端,訪客終端,Guest Terminal,訪問端末,방문자 단말기,Terminal des visiteurs,Besucherterminal,Terminale ospiti,Terminal de invitados,Terminal de Visitantes,Гостевой терминал,เทอร์​มิ​นัล​สำหรับ​ผู้มาเยือน,Thiết Bị Liên Lạc Khách,Terminal Tamu
孤喉泽,孤喉澤,Guhou Marsh,孤喉沢,고후 늪지,Marais de Guhou,Guhou-Sumpf,Palude Guhou,Marisma de Guhou,Pântano de Guhou,Топи Гухоу,บึง​กู​โหว,Đầm Cô Hầu,Paya Guhou
引路蝴蝶,引路蝴蝶,Guiding Butterflies,案内蝶,길잡이 나비,Papillons directeurs,Leitschmetterlinge,Farfalle guida,Mariposas guía,Borboletas-Guia,Бабочки-проводники,ผีเสื้อ​นำทาง,Bướm Dẫn Đường,Kupu-Kupu Pemandu
引路蝴蝶 - 一,引路蝴蝶 - 一,Guiding Butterflies (1),案内蝶 - 1,길잡이 나비 - 1,Papillons directeurs (1),Leitschmetterlinge (1),Farfalle guida (1),Mariposas guía (1),Borboletas-Guia (1),Бабочки-проводники (1),ผีเสื้อ​นำทาง​ (1),Bướm Dẫn Đường (1),Kupu-Kupu Pemandu (1)
引路蝴蝶 - 二,引路蝴蝶 - 二,Guiding Butterflies (2),案内蝶 - 2,길잡이 나비 - 2,Papillons directeurs (2),Leitschmetterlinge (2),Farfalle guida (2),Mariposas guía (2),Borboletas-Guia (2),Бабочки-проводники (2),ผีเสื้อ​นำทาง​ (2),Bướm Dẫn Đường (2),Kupu-Kupu Pemandu (2)
引导灯,引導燈,Guiding Light,案内灯,유도등,Lumière directrice,Leitlicht,Luce guida,Luz guía,Luz de Orientação,Направляющий огонь,แสง​นำทาง,Đèn Dẫn Đường,Lampu Pemandu
点亮引导灯,點亮引導燈,Guiding Light: Activation,案内灯の点灯,유도등 밝히기,Lumière directrice : activation,Leitlicht: Aktivierung,Luce guida: attivazione,Luz guía: activación,Luz de Orientação: Ativação,Направляющий огонь: активация,แสง​นำทาง​: การ​เปิด​ใช้งาน,Đèn Dẫn Đường: Kích Hoạt,Lampu Pemandu: Aktivasi
铳械塔,銃械塔,Gun Tower,銃器塔,총기 타워,Tour à mitrailleuse,Geschützturm,Torretta fucile,Torre de cañón,Torre de Armas,Орудийная вышка,ป้อม​ปืน,Tháp Đại Bác,Menara Tembak
铳械塔模板,銃械塔模板,Gun Tower Template,銃器塔の設計図,총기 타워 템플릿,Modèle de tour à mitrailleuse,Vorlage: Geschützturm,Schema: torretta fucile,Molde de la Torre de cañón,Gabarito de Torre de Armas,Шаблон орудийной вышки,เทม​เพล​ต​หอคอย​ป้อม​ปืน,Mẫu Tháp Đại Bác,Templat Menara Tembak
手工星星糖,手工星星糖,Handmade Star Candy,お手製のキラキラキャンディ,수제 별사탕,Bonbon étoile artisanal,Handgemachte Sternenbonbons,Stelle dolci fatte a mano,Caramelo estelar artesanal,Estrela Doce Artesanal,Звездный леденец ручной работы,ลูกอม​ดาว​แฮน​เม​ด,Kẹo Sao Thủ Công,Permen Bintang Buatan Tangan
手工怪味酸糖,手工怪味酸糖,Handmade Weirdrop,手作りの酸っぱい飴,이상한 수제 사탕,Mystigoutte artisanale,Handgemachter Drops,Malgoccia fatta a mano,Caramelo artesanal raro,Gotas Artesanais,Самодельная странфета,เมนู​แฮน​เม​ด​หยด​พิศวง,Kẹo Kỳ Dị Thủ Công,Weirdrop Buatan Tangan
一些记录在纸片上的文字,一些記錄在紙片上的文字,Handwritten Memo,紙に記された言葉,글씨가 적힌 종이,Note rédigée à la main,Handschriftliche Notiz,Biglietto scritto a mano,Memorando escrito a mano,Memo Escrito à Mão,Рукописная заметка,บันทึก​ที่​เขียน​ด้วย​ลายมือ,Ghi Chú Viết Tay,Memo Tulis Tangan
伊冯留下的手写纸条,伊馮留下的手寫紙條,Handwritten Notes from Yvonne,イヴォンヌの置き手紙,이본이 남긴 손글씨 쪽지,Note manuscrite d'Yvonne,Handgeschriebene Notizen von Yvonne,Appunti scritti a mano da Yvonne,Notas manuscritas de Yvonne,Notas Manuscritas de Yvonne,Записка Ивонны,บันทึก​ที่​เขียน​ด้วย​ลายมือ​จาก​อี​วอน,Ghi Chú Viết Tay từ Yvonne,Catatan Tulisan Tangan dari Yvonne
悬河供氧栓,懸河供氧栓,Hanging River O2 Tube,懸河ガス供給装置,현하 산소 공급 장치,Tube à O2 de la rivière suspendue,Hängefluss-Sauerstoffzylinder,Tubo di ossigeno del fiume sospeso,Tubo de O2 Río Suspendido,Tubo de O2 Hanging River,Кислородная трубка «Висячая река»,หลอด​ออกซิเจน​แฮง​กิง​ริเวอร์,Ống O2 Sông Treo,Tabung O2 Sungai Gantung
坚硬异香石,堅硬異香石,Hard Aggagrit,硬質異香石,굳은 상태의 이향석,Aggagrit solidifié,Hartes Aggagrit,Aggagrit duro,Aggagrit duro,Agagrito Duro,Твердый аггагрит,แอก​กาก​ริต​แข็ง,Aggagrit Cứng,Aggagrit Keras
硬脑壳头盔货组,硬頭殼安全帽貨組,Hard Noggin Helmets [pkg],石頭ヘルメットセット,단단한 헬멧 상품군,Casques Tête-Dure [colis],Dickschädel-Helme [Paket],Caschetti zuccadura (pacco),Cascos para cabeza dura [paq.],Capacetes de Casco Rígido [pct],Шлемы «Крепкий котелок» [упак.],หมวก​กัน​น็อค​แบบ​แข็ง​ [แพ็ก​],Mũ Cứng Đầu [bộ],Helm Kepala Batu [pkt]
千锤百炼奖章,千錘百鍊獎章,Hardened Veteran,千磨百錬勲章,무수한 단련 훈장,Vétéran endurci,Abgehärtete Veteranin,Figura autoritaria,Inquebrantable,Veterano Embrutecido,Закалка и опыт,ทหารผ่านศึก​ผู้​โชกโชน,Chiến Binh Lão Luyện,Veteran Ulung
加速,加速,Haste,加速,가속,Vitesse,Hast,Accelerazione,Celeridad,Rapidez,Спешка,เร่งความเร็ว,Tăng Tốc,Haste
浸雾大弩,浸霧大弩,Haze-Soaked Ballista,浸霧のクロスボウ,대형 안개의 쇠뇌,Baliste imbibée d'ignibrume,Nebeldurchtränkte Knochenbrecher-Balliste,Balestra infusa di foschia,Balista empapada de niebla,Balista Imersa em Névoa,Тенепламенная баллиста,บัล​ลิส​ตา​ที่​ดูดซับ​หมอก​มัว,Nỏ Bắn Đá Tẩm Sương Mù,Ballista Berbalut Kabut
雾火斧甲兽,霧火斧甲獸,Hazefyre Axe Armorbeast,霧火斧甲獣,안갯불에 물든 엑스 아머비스트,Cuirabrute à hache d'ignibrume,Gepanzerte Nebelfeuer-Axtbestie,Bestia-scure corazzata di brumafiamma,Bestia armadura con hacha de bruma ardiente,Besta-Couraça Chifre de Machado da Névoa Ardente,Тенепламенный бронезверь-секач,อสูร​ขวาน​เหล็ก​เฮ​ซ​ไฟร์,Quái Giáp Rìu Hỏa Sương,Armorbeast Kapak Hazefyre
雾火之花,霧火之花,Hazefyre Blossom,霧火の花,안갯불에 물든 꽃,Fleur d'ignibrume,Nebelfeuer-Blüte,Germoglio di brumafiamma,Flor de bruma ardiente,Flor de Névoa Ardente,Цветок тенепламени,ดอก​เพลิง​หมอก,Hoa Hỏa Sương,Bunga Hazefyre
雾火爪牙,霧火爪牙,Hazefyre Claw,霧火ランドブレーカー,안갯불에 물든 랜드브레이커,Griffe d'ignibrume,Nebelfeuer-Klaue,Artiglio di brumafiamma,Garra de bruma ardiente,Garra da Névoa Ardente,Тенепламенный цепкач,กรงเล็บ​เพลิง​หมอก,Vuốt Hỏa Sương,Hazefyre Claw
雾火牙兽,霧火牙獸,Hazefyre Tuskbeast,霧火牙獣,안갯불에 물든 터스크비스트,Hyenard d'ignibrume,Nebelfeuer-Reißbiest,Bestia feroce di brumafiamma,Bestia colmilluda de bruma ardiente,Besta Carnívora da Névoa Ardente,Тенепламенный звероклык,เฮ​ซ​ไฟร์​ ทั​ส​ก์​บี​ส​ต์,Thú Ngà Hỏa Sương,Hazefyre Tuskbeast
高容谷地电池,高容量谷地電池,HC Valley Battery,大容量谷地バッテリー,대용량 협곡 배터리,Batterie de la Vallée HC,Tal-HC-Batterie,Batteria AC della Valle,Batería de CA del Valle,Bateria CA do Vale,Батарея ВЕ Долины,แบตเตอรี่​หุบเขา​ขนาดใหญ่,Pin Thung Lũng Dung Lượng Cao,Baterai KT Lembah
高爆榴弹塔,高爆榴彈塔,HE Grenade Tower,高火力榴弾塔,고폭 유탄 타워,Tour lance-grenades HE,"Sprenggranat-
werferturm",Torretta granata AE,Torre de granadas HE,Torre de Granadas AE,ОФ гранатометная вышка,ป้อม​ระเบิด​แรง​สูง,Tháp Lựu Đạn HE,Menara Granat LB
高爆榴弹塔模板,高爆榴彈塔模板,HE Grenade Tower Template,高火力榴弾塔の設計図,고폭 유탄 타워 템플릿,Modèle de tour lance-grenades HE,Vorlage: Sprenggranatwerferturm,Schema: torretta granata AE,Molde de la Torre de granadas HE,Gabarito de Torre de Granadas AE,Шаблон ОФ гранатометной вышки,เทม​เพล​ต​ป้อม​ระเบิด​แรง​สูง,Mẫu Tháp Lựu Đạn HE,Templat Menara Granat LB
监控室负责人的抱怨,控制室負責人的抱怨,Head Monitor's Complaint,監視室責任者の文句,관제실 책임자의 불만,Plainte du gestionnaire en chef,Beschwerde des Oberaufsehers,Reclamo del responsabile della sorveglianza,Queja del monitor en jefe,Reclamação do Monitor Chefe,Жалоба старшего смотрителя,คำร้องเรียน​จาก​หัวหน้า​ผู้ดูแล,Khiếu Nại Của Giám Sát Trưởng,Keluhan Kepala Pengawas
寻访情报书,尋訪情報書,Headhunting Dossier,スカウト情報ファイル,헤드헌팅 정보서,Dossier de recrutement,Rekrutierungs-Dossier,Dossier sulla caccia ai talenti,Expediente de Caza de reclutas,Dossiê de Caça de Talentos,Досье найма,แฟ้ม​จัดจ้าง​บุคลากร,Hồ Sơ Chiêu Mộ,Dokumen Headhunt
治愈核,治癒核,Healing Nodule,治癒核,치유 코어,Nodule de soin,Heil-Nodulus,Nodulo curativo,Nódulo curativo,Nódulo de Cura,Исцеляющее отложение,ก้อน​ผลึก​เยียวยา,Nút Trị Liệu,Nodul Pemulih
少年心,少年心,Heart of Youth,少年の心,소년의 마음,Cœur de la jeunesse,Herz der Jugend,Cuor di gioventù,Corazón de Juventud,Coração da Juventude,Юное сердце,หัวใจ​แห่ง​วัยเยาว์,Trái Tim Tuổi Trẻ,Jiwa Muda
炽燃盛会,熾燃盛會,Heat Ragers' Party,熾烈な争い,불타오르는 축제,Célébration des champions ardents,Party der Heat Ragers,Party di fuoco,Fiesta de furia ardiente,Festa da Alta Temperatura,Жаркая тусовка,ปาร์ตี้​ของ​เหล่า​ฮี​ต​เร​เกอร์ส,Bữa Tiệc Của Những Kẻ Cuồng Nhiệt,Pesta Amukan
重型强固模具,重型強固模具,Heavy Cast Die,重硬質金型,중형 모형 틀,Matrice de fonderie lourde,Schwere Gussform,Matrice per pressofusione pesante,Molde de fundición pesado,Molde de Fundição Pesado,Тяжелая литейная форма,แม่พิมพ์​หล่อ​หนัก,Khuôn Đúc Nặng,Cetakan Cor Berat
扩装铳械塔,擴裝銃械塔,Heavy Gun Tower,強襲銃器塔,확장 총기 타워,Tour à mitrailleuse lourde,Schwerer Geschützturm,Torretta mitragliatrice,Torre de cañón pesado,Torre de Armas Pesadas,Тяжелая орудийная вышка,ป้อม​ปืน​หนัก,Tháp Đại Bác Hạng Nặng,Menara Tembak Berat
扩装铳械塔模板,擴裝銃械塔模板,Heavy Gun Tower Template,強襲銃器塔の設計図,확장 총기 타워 템플릿,Modèle de tour à mitrailleuse lourde,Vorlage: Schwerer Geschützturm,Schema: torretta mitragliatrice,Molde de la Torre de cañón pesado,Gabarito de Torre de Armas Pesadas,Шаблон тяжелой орудийной вышки,เทม​เพล​ต​หอคอย​ป้อม​ปืน​หนัก,Mẫu Tháp Đại Bác Hạng Nặng,Templat Menara Tembak Berat
刚角天使,剛角天使,Heavy Ram,剛角アンゲロス,쌍뿔아겔로스,Bélier lourd,Schwere Ramme,Ariete pesante,Carnero grande,Ram Pesado,Крупный рогач,เฮฟ​วี​แรม,Ram Hạng Nặng,Heavy Ram
刚角天使α,剛角天使α,Heavy Ram α,剛角アンゲロスα,쌍뿔아겔로스 · α,Bélier lourd α,Schwere Ramme α,Ariete pesante α,Carnero grande α,Ram α Pesado,Крупный рогач α,เฮฟ​วี​แรม​ α,Ram Hạng Nặng α,Heavy Ram α
重刺天使,重刺天使,Heavy Sting,槍棘アンゲロス,삼미아겔로스,Dard lourd,Schwerer Skorpio,Telson pesante,Aguijón fuerte,Ferrão Pesado,Крупный скорпион,เฮฟ​วี​สติ​ง,Sting Hạng Nặng,Heavy Sting
重刺天使α,重刺天使α,Heavy Sting α,槍棘アンゲロスα,삼미아겔로스 · α,Dard lourd α,Schwerer Skorpio α,Telson pesante α,Aguijón fuerte α,Ferrão Pesado α,Крупный скорпион α,เฮฟ​วี​สติ​ง​ α,Sting Hạng Nặng α,Heavy Sting α
重息壤气,重息壤氣,Heavy Xiragen,重息壌ガス,중식양 기체,Xiragène lourd,Schweres Xiragen,Xirageno pesante,Xiragen pesado,Xiragênio Pesado,Тяжелый ксираген,ซี​รา​เจน​หนัก,Khí Xiranite Đậm Đặc,Xiragen Berat
重息壤气提纯,重息壤氣提純,Heavy Xiragen Purification,重息壌ガス精製,중식양 기체 정제,Purification du xiragène lourd,Schweres-Xiragen-Reinigung,Purificazione di xirageno pesante,Purificación de Xiragen pesado,Purificação de Xiragênio Pesado,Рафинирование тяжелого ксирагена,การก​ลั่น​บริสุทธิ์​ซี​รา​เจน​หนัก,Tinh Lọc Khí Xiranite Đậm Đặc,Pemurnian Xiragen Berat
重息壤,重息壤,Heavy Xiranite,重息壌,중식양,Xiranite lourde,Schweres Xiranit,Xiranite pesante,Xiranita pesada,Xiranita Pesada,Тяжелый ксиранит,ซี​เรน​ไนต์​หนัก,Xiranite Nặng,Xiranite Berat
重息壤研究记录,重息壤研究紀錄,Heavy Xiranite Research Log,重息壌研究記録,중식양 연구 기록,Journal de recherche sur la xiranite lourde,Schweres-Xiranit-Forschungs-Logbuch,Registro di ricerca sulla xiranite pesante,Registro de investigación de Xiranita pesada,Log de Pesquisa de Xiranita Pesada,Журнал исследований тяжелого ксиранита,บันทึก​การวิจัย​ซี​เรน​ไนต์​หนัก,Nhật Ký Nghiên Cứu Xiranite Nặng,Log Penelitian Xiranite Berat
重息壤的制造方法,重息壤的製造方法,Heavy Xiranite: Production,"<p=""じゅうそくじょう"" padding=0>重息壌</p>の生産方法",중식양의 제작 방법,Xiranite lourde : production,Schweres Xiranit: Produktion,Xiranite pesante: produzione,Xiranita pesada: Producción,Xiranita Pesada: Produção,Производство тяжелого ксиранита,ซี​เรน​ไนต์​หนัก​: การผลิต,Xiranite Nặng: Sản Xuất,Xiranite Berat: Produksi
重息壤的用途 - 一,重息壤的用途 - 一,Heavy Xiranite: Usage (1),"<p=""じゅうそくじょう"" padding=0>重息壌</p>の用途 - 1",중식양의 용도 - 1,Xiranite lourde : usages (1),Schweres Xiranit: Verwendung (1),Xiranite pesante: utilizzo (1),Xiranita pesada: Uso (1),Xiranita Pesada: Uso (1),Применение тяжелого ксиранита (1),ซี​เรน​ไนต์​หนัก​: การใช้งาน​ (1),Xiranite Nặng: Sử dụng (1),Xiranite Berat: Penggunaan (1)
重息壤的用途 - 二,重息壤的用途 - 二,Heavy Xiranite: Usage (2),"<p=""じゅうそくじょう"" padding=0>重息壌</p>の用途 - 2",중식양의 용도 - 2,Xiranite lourde : usages (2),Schweres Xiranit: Verwendung (2),Xiranite pesante: utilizzo (2),Xiranita pesada: Uso (2),Xiranita Pesada: Uso (2),Применение тяжелого ксиранита (2),ซี​เรน​ไนต์​หนัก​: การใช้งาน​ (2),Xiranite Nặng: Sử dụng (2),Xiranite Berat: Penggunaan (2)
晶锥天使,晶錐天使,Hedron,錐晶アンゲロス,수정아겔로스,Hédron,Hedron,Edro,Hedron,Hedron,Полиэдр,เฮด​รอน,Khối Đa Diện,Hedron
晶锥天使δ,晶錐天使δ,Hedron δ,錐晶アンゲロスδ,수정아겔로스 · δ,Hédron δ,Hedron δ,Edro δ,Hedron δ,Hedron δ,Полиэдр δ,เฮด​รอน​ δ,Khối Đa Diện δ,Hedron δ
赫铜块,赫銅塊,Hetonite,緋銅塊,혁동 조각,Hétonite,Hetonit,Etonite,Hetonita,Hetonita,Гетонит,เฮ​โท​ไนต์,Huyết Đồng,Hetonite
赫铜瓶,赫銅瓶,Hetonite Bottle,緋銅ボトル,혁동 병,Bouteille en hétonite,Hetonit-Flasche,Bottiglia di etonite,Botella de hetonita,Garrafa de Hetonita,Гетонитовая бутылка,ขวด​เฮ​โท​ไนต์,Lọ Huyết Đồng,Botol Hetonite
赫铜装备原件,赫銅裝備原件,Hetonite Component,緋銅装備部品,혁동 장비 부품,Composant en hétonite,Hetonit-Komponente,Componente di etonite,Componente de hetonita,Componente de Hetonita,Гетонитовый компонент,ส่วนประกอบ​เฮ​โท​ไนต์,Linh Kiện Huyết Đồng,Komponen Hetonite
气态赫铜,氣態赫銅,Hetonite Gas,緋銅ガス,기체 혁동,Hétonite gazeuse,Hetonit-Gas,Gas di etonite,Gas de hetonita,Gás de Hetonita,Гетонитовый газ,ก๊าซ​เฮ​โท​ไนต์,Khí Huyết Đồng,Gas Hetonite
赫铜零件,赫銅零件,Hetonite Part,緋銅部品,혁동 부품,Pièce en hétonite,Hetonit-Teil,Parte di etonite,Pieza de hetonita,Peça de Hetonita,Гетонитовая деталь,ชิ้นส่วน​เฮ​โท​ไนต์,Mảnh Huyết Đồng,Bagian Hetonite
赫铜溶液,赫銅溶液,Hetonite Solution,緋銅溶液,혁동 용액,Solution d'hétonite,Hetonit-Lösung,Soluzione di etonite,Solución de hetonita,Solução de Hetonita,Раствор гетонита,สารละลาย​เฮ​โท​ไนต์,Dung Dịch Huyết Đồng,Larutan Hetonite
高压阻拦网,高壓隔離網,High Voltage Fence,レーザーフェンス,고압 차단망,Clôture haute tension,Hochspannungszaun,Recinzione ad alta tensione,Reja de alto voltaje,Cerca de Alta Voltagem,Высоковольтный забор,รั้ว​ไฟฟ้า​แรงดัน​สูง,Hàng Rào Điện Áp Cao,Pagar Tegangan Tinggi
行动刻度上限增加,行動刻度上限增加,Higher Operation Metrics,行動進捗上限UP,작전 진도 최대치 증가,Chiffres de l'opération supérieurs,Höhere Einsatzkennzahlen,Parametri operativi superiori,Métricas operativas superiores,Métricas de Operação Mais Altas,Повышение показателей операции,เมทริก​ปฏิบัติการ​ระดับสูง,Chỉ Số Tác Chiến Cao Hơn,Metrik Operasi Lebih Tinggi
应龙关最高处的植物,應龍關最高處的植物,Highest Flora of Yinglung Pass,応龍関最上部の植物,응룡 관문 최상층의 식물,Flore des hauteurs du col de Yinglung,Höhenflora des Yinglung-Passes,La flora più alta del Valico di Yinglung,Flora más alta del Paso de Yinglung,Flora Superior da Passagem de Yinglung,Высокогорная флора заставы «Инлуна»,พืชพรรณ​จาก​จุดสูงสุด​ของ​ทางผ่าน​ห​ยิง​หลง,Thực Vật Tầng Cao Nhất Đèo Yinglung,Flora Titik Tertinggi Terusan Yinglung
莫惜命,莫惜命,Highway Reaver,不惜命,막석명,Saccageur des routes,Wegelagerer,Bandito di strada,Bandido de autopistas,Salteador das Estradas,Дорожный разбойник,จอม​โจร​ทางหลวง,Kẻ Cướp Xa Lộ,Highway Reaver
摧山将,摧山將,Hill Smasher,砕山将,최산장,Écrase-colline,Hügelzerstörer,Spacca-colline,Demoledor de colinas,Esmagador de Colinas,Скалолом,ฮิลล์​ สแมช​เชอร์,Quái Phá Đồi,Hill Smasher
中空异香石,中空異香石,Hollow Aggagrit,中空異香石,구멍이 뚫린 이향석,Aggagrit creux,Hohles Aggagrit,Aggagrit vuoto,Aggagrit hueco,Agagrito Oco,Полый аггагрит,แอก​กาก​ริต​กลวง,Aggagrit Rỗng,Aggagrit Berongga
王国圣剑,王國聖劍,Holy Sword of the Kingdom,王さまの聖剣,왕국 성검,L'épée sacrée du royaume,Heiliges Schwert des Königreichs,Spada sacra del regno,Espada sagrada del Reino,Espada Sagrada do Reino,Священный меч королевства,ดาบ​ศักดิ​สิทธิ์​แห่ง​อาณาจักร,Kiếm Thánh của Vương Quốc,Pedang Suci Kerajaan
望乡,望鄉,Home Longing,望郷,향수,Nostalgie,Heimweh,Nostalgia di casa,Anhelo del hogar,Longe de Casa,Тоска по дому,คิดถึงบ้าน,Cố Hương,Home Longing
重辣烤脆骨·升级,重辣烤脆骨·升級,Hot Crunchy Ribs Upgrade,激辛リブステーキ（強化）,매운 등갈비구이 · 업그레이드,Amélioration de côtelettes épicées,Verbesserung: Scharfe Rippchen,Potenziamento: costolette piccanti,Mejora de costillas crujientes calientes,Upgrade de Costelas Crocantes Apimentadas,Улучшение горячих хрустящих ребрышек,อัป​เกรด​ซี่โครง​กรอบ​ร้อน,Nâng Cấp Sườn Nóng Giòn,Upgrade untuk Iga Renyah Pedas
过热蒸汽,過熱蒸汽,Hot Steam,過熱蒸気,과열된 증기,Vapeur brûlante,Heißer Dampf,Vapore caldo,Vapor caliente,Vapor Quente,Горячий пар,ไอ​น้ำร้อน,Hơi Nước Nóng,Uap Panas
动火用辅助骨骼,動火用輔助骨骼,Hot Work Exo-Rig,火山用補助スーツ,열 작업용 보조 골격,Exoplateforme haute température,Hitze-Exo-Gestell,Esotuta anti-calore,Exotraje resistente al calor,Exoequipamento Hot Work,Экзопанцирь «Термоудар»,แท่น​ขุด​ติดตัว​ลุย​ความร้อน,Giáp Khung Ngoài Kháng Lửa,Eksorig Kerja Panas
动火用外骨骼,動火用外骨骼,Hot Work Exoskeleton,火山用パワードスーツ,열 작업용 강화 골격,Exosquelette haute température,Hitze-Exoskelett,Esoscheletro anti-calore,Exoesqueleto resistente al calor,Exoesqueleto Hot Work,Экзоскелет «Термоудар»,โครงกระดูก​กล​งาน​ร้อน,Giáp Khung Ngoài Kháng Lửa,Eksoskeleton Kerja Panas
动火用手甲,動火用手甲,Hot Work Gauntlets,火山用ガントレット,열 작업용 금속 장갑,Gantelets haute température,Hitze-Kampfhandschuhe,Coprimani anti-calore,Guanteletes resistentes al calor,Manoplas Hot Work,Рукавицы «Термоудар»,เกราะ​มือ​งาน​ร้อน,Giáp Tay Kháng Lửa,Gauntlet Kerja Panas
动火用手甲·壹型,動火用手甲·I,Hot Work Gauntlets T1,火山用ガントレットⅠ,열 작업용 금속 장갑 · I,Gantelets haute température G1,Hitze-Kampfhandschuhe S1,Coprimani anti-calore O1,Guanteletes resistentes al calor T1,Manoplas Hot Work T1,Рукавицы «Термоудар» К1,เกราะ​มือ​งาน​ร้อน​ T1,Giáp Tay Kháng Lửa T1,Gauntlet Kerja Panas T1
动火用手套,動火用手套,Hot Work Gloves,火山用グローブ,열 작업용 장갑,Gants haute température,Hitze-Arbeitshandschuhe,Guanti anti-calore,Guantes resistentes al calor,Luvas Hot Work,Жаропрочные перчатки,ถุงมือ​ลุย​ความร้อน,Găng Tay Kháng Lửa,Sarung Tangan Kerja Panas
动火用护手,動火用護手,Hot Work Hands PPE,火山用プロテクター,열 작업용 보호 장갑,EPI haute température pour mains,Hitze-Hand-PSA,DPI anti-calore per le mani,EPP para manos en trabajos en caliente,EPI para as Mãos Hot Work,СИЗ для рук «Термоудар»,PPE สำหรับ​งาน​ร้อน​ชนิด​สวม​มือ,Tay Giáp Bảo Hộ Kháng Lửa,APD Tangan Kerja Panas
动火用隔温板,動火用隔溫板,Hot Work Insulation Slab,火山用遮熱板,열 작업용 단열판,Plaque isolante pour hautes températures,Hitze-Isolierteil,Placca anti-calore,Losa aislante para trabajos en caliente,Placa de Isolamento Hot Work,Изолированная пластина «Термоудар»,แผ่น​ฉนวน​สำหรับ​งาน​ร้อน,Phiến Cách Nhiệt Kháng Lửa,Lempeng Insulasi Kerja Panas
动火用储能匣,動火用儲能匣,Hot Work Power Bank,火山用パワーバッテリー,열 작업용 에너지 저장함,Batterie haute température,Hitze-Powerbank,Batteria portatile anti-calore,Banco de energía resistente al calor,Banco de Energia Hot Work,Аккумулятор «Термоудар»,แบตเตอรี่​สำรอง​งาน​ร้อน,Pin Dự Phòng Kháng Lửa,Bank Daya Kerja Panas
动火用电力匣,動火用電力匣,Hot Work Power Cartridge,火山用モバイルバッテリー,열 작업용 전력 상자,Cartouche d'alimentation haute température,Hitze-Power-Kassette,Cartuccia portatile anti-calore,Cartucho de energía resistente al calor,Cartucho de Energia Hot Work,Картридж энергии «Термоудар»,ตลับ​พลังงาน​สำหรับ​งาน​ร้อน,Hộp Năng Lượng Kháng Lửa,Katrij Daya Kerja Panas
动火用测温镜,動火用測溫鏡,Hot Work Pyrometer,火山用温度測定器,열 작업용 온도 측정기,Pyromètre haute température,Hitze-Pyrometer,Pirometro anti-calore,Pirómetro resistente al calor,Pirômetro Hot Work,Пирометр «Термоудар»,ไพ​โร​มิเตอร์​งาน​ร้อน,Nhiệt Kế Kháng Lửa,Pirometer Kerja Panas
咆兽的辫束,咆獸的辮束,Howlerbeast Braid,咆獣のたてがみ,하울러비스트의 털 묶음,Tresse de hurleur,Heulerbestiengeflecht,Treccia di bestia urlatrice,Trenza de Bestia aulladora,Trança de Bugio,Косичка воющего зверя,เปีย​อสูร​คำราม,Bím Tóc Quái Gầm Rú,Jalinan Bulu Howlerbeast
小咆兽活动架,小咆獸活動架,Howlerbeast Playground,子咆獣用タワー,작은 하울러비스트 이동식 선반,Aire de jeu de hurleur,Heulerbestien-Spielplatz,Parco giochi della Bestia urlatrice,Patio de juegos para bestias aulladoras,Playground de Bugios,Площадка для ревунов,สนามเด็กเล่น​อสูร​คำราม,Sân Chơi Quái Gầm Rú,Taman Bermain Howlerbeast
呼啸守卫,呼嘯守衛,Howling Guard,ロアーガード,하울링 가드,Garde hurlante,Heulender Wächter,Guardia ululante,Guardia aullador,Guarda Uivante,Ревущий страж,ผู้พิทักษ์​คำราม,Vệ Binh Thét,Howling Guard
枢纽基地区,樞紐基地區,Hub Base,中枢基地,거점 기지 구역,Base du Hub,Hub-Basis,Base del Polo centrale,La Base Central,Base Central,База Центра,ฐาน​ฮับ,Căn Cứ Trung Tâm,Markas Hub
枢纽基地电站,樞紐基地電站,Hub Base Power Plant,中枢基地発電所,거점 기지 발전소,Centrale électrique de la base du Hub,Hub-Basis-Kraftwerk,Centrale elettrica del Polo,Planta de energía de la Base central,Usina de Energia da Base Central,Электростанция базы Центра,ฐาน​กลาง​โรงไฟฟ้า,Nhà Máy Năng Lượng Trung Tâm,Pembangkit Listrik Markas Hub
枢纽区应急餐,樞紐區緊急餐,Hub Emergency Ration,中枢基地の非常食,거점 지역의 비상식량,Ration d'urgence du Hub,Hub-Notration,Razione di emergenza del Polo,Ración de emergencia de la Base,Ração de Emergência da Base,Экстренный паек Центра,อาหาร​ฉุกเฉิน​ส่วนกลาง,Khẩu Phần Ăn Khẩn Cấp Trung Tâm,Ransum Darurat Hub
枢纽区应急餐·升级,樞紐區緊急餐·升級,Hub Emergency Ration Upgrade,中枢基地の非常食（強化）,거점 지역의 비상식량 · 업그레이드,Amélioration de la ration d'urgence du Hub,Verbesserung: Hub-Notration,Potenziamento: razione di emergenza del Polo,Mejora de Ración de emergencia de la Base,Upgrade de Ração de Emergência da Base,Улучшение экстренного пайка Центра,อัป​เกรด​อาหาร​ฉุกเฉิน​ส่วนกลาง,Nâng Cấp Khẩu Phần Ăn Khẩn Cấp Trung Tâm,Upgrade untuk Ransum Darurat Hub
温馨港湾,溫馨港灣,Hub of Refreshment,ほっとステーション,편안한 휴식처,Détente au Hub,Hub der Erfrischungen,Punto di ristoro,Estación de suministros,Centro de Renovação,Остановись — освежись!,ศูนย์รวม​ความสดชื่น,Trung Tâm Tiếp Sức,Pusat Kesegaran
枢纽区西部,樞紐區西部,Hub West,中枢西部,거점 지역 서부,Zone ouest du Hub,West-Hub,Polo ovest,Base Oeste,Base Oeste,Западная часть Центра,ศูนย์กลาง​ตะวันตก,Khu Tây Trung Tâm,Hub Barat
葫芦洞,葫蘆洞,Hulu Cave,瓢箪洞,호로 동굴,Grotte de Hulu,Hulu-Höhle,Grotta Hulu,Cueva Hulu,Caverna de Hulu,Пещера Хулу,ถ้ำ​หู​ลู่,Động Hồ Lô,Gua Hulu
水驱矿机,水驅礦機,Hydro Mining Rig,水力採鉱機,수력 채굴기,Plateforme d'extraction hydraulique,Hydro-Abbauanlage,Impianto di estrazione idrico,Plataforma de hidrominería,Sonda de Hidromineração,Добывающая гидроуст.,แท่น​ขุด​เหมือง​ไฮ​โดร,Giàn Khai Thác Thủy Lực,Rig Tambang Hidro
水驱矿机模板,水驅礦機模板,Hydro Mining Rig Template,水力採鉱機の設計図,수력 채굴기 템플릿,Modèle de plateforme d'extraction hydraulique,Vorlage: Hydro-Abbauanlage,Schema: impianto di estrazione idrico,Molde de la Plataforma de hidrominería,Gabarito de Sonda de Hidromineração,Шаблон добывающей гидроустановки,เทม​เพล​ต​แท่น​ขุด​เหมือง​ไฮ​โดร,Mẫu Giàn Khai Thác Thủy Lực,Templat Rig Tambang Hidro
需水方块,需水方塊,Hydrocube,"<p=""じゅんすい"" padding=0>潤水</p>ブロック",워터 블록,Hydrocube,Hydrowürfel,Idrocubo,Hidrocubo,Hidrocubo,Гидрокуб,ลูกบาศก์​ไฮ​โดร,Khối Hydro,Kubus Hidro
修复需水方块 - 一,修復需水方塊 - 一,Hydrocube: Fixing (1),"<p=""じゅんすい"" padding=0>潤水</p>ブロックの修理 - 1",워터 블록 수리 - 1,Hydrocube : réparation (1),Hydrowürfel: Reparieren (1),Idrocubo: riparazione (1),Hidrocubo: Reparación (1),Hidrocubo: Reparos (1),Гидрокуб: ремонт (1),ลูกบาศก์​ไฮ​โดร​: การซ่อมแซม​ (1),Khối Hydro: Sửa chữa (1),Kubus Hidro: Perbaikan (1)
修复需水方块 - 二,修復需水方塊 - 二,Hydrocube: Fixing (2),"<p=""じゅんすい"" padding=0>潤水</p>ブロックの修理 - 2",워터 블록 수리 - 2,Hydrocube : réparation (2),Hydrowürfel: Reparieren (2),Idrocubo: riparazione (2),Hidrocubo: Reparación (2),Hidrocubo: Reparos (2),Гидрокуб: ремонт (2),ลูกบาศก์​ไฮ​โดร​: การซ่อมแซม​ (2),Khối Hydro: Sửa chữa (2),Kubus Hidro: Perbaikan (2)
高能射线塔,高能射線塔,Hyper Beam Tower,強化光線塔,고에너지 빔 타워,Tour hyper-laser,Hyper-Strahlenturm,Torretta iperraggio,Torre de hiperrayos,Torre de Hiperfeixes,Гиперлучевая вышка,ป้อม​ไฮเปอร์​บี​ม,Siêu Tháp Tia,Menara Sinar Hiper
高能射线塔模板,高能射線塔模板,Hyper Beam Tower Template,強化光線塔の設計図,고에너지 빔 타워 템플릿,Modèle de tour hyper-laser,Vorlage: Hyper-Strahlenturm,Schema: torretta iperraggio,Molde de Torre de hiperrayos,Gabarito de Torre de Hiperfeixes,Шаблон гиперлучевой вышки,เทม​เพล​ต​ป้อม​ไฮเปอร์​บี​ม,Mẫu Siêu Tháp Tia,Templat Menara Sinar Hiper
全自动骇新星,全自動駭新星,Hypernova Auto,オート・ハイパーノヴァ,오토 하이퍼노바,Auto hypernova,Vollautomatische Hypernova,Hypernova,Auto hipernova,Hipernova Auto,Гиперновая,ไฮเปอร์​โน​วา​ออ​โต้,Siêu Tân Tinh Tự Động,Hypernova Auto
冰凉的间隙,冰涼的間隙,Ice Cold Moment,冷たいひととき,차가운 모습,Moment glaçant,Eiskalter Augenblick,Momento ghiacciato,Momento helado,Momento Gélido,Ледяное мгновение,ช่วงเวลา​เย็นยะเยือก,Phút Giây Lạnh Buốt,Momen Sedingin Es
冻沙,凍沙,Ice Cold Slushy,フローズン,얼어붙은 사막,Granité glacé,Eiskaltes Slush-Eis,Slushy ghiacciato,Granizado helado,Raspadinha Gelada,Ледяной фруктовый слаши,ส​เลอ​ปี้​เย็นเจี๊ยบ,Đá Xay Lạnh Buốt,Es Serut Sedingin Es
ID信息更新卡,ID資訊更新卡,ID Info Update Card,ID情報更新カード,ID 정보 갱신 카드,Carte de mise à jour des informations d'identité,ID-Aktualisierungskarte,Scheda aggiornamento informazioni identificative,Tarjeta de actualización de información de ID,Cartão de Atualização de Info de ID,Карта обновления данных,บัตร​อัปเดต​ข้อมูล​ ID,Thẻ Cập Nhật Thông Tin Định Danh,Kartu Pembaruan Info ID
应龙队员的闲谈,應龍隊員的閒談,Idle Chatter: Yinglungs,応龍隊員の雑談,응룡 대원의 잡담,Bavardage : Yinglungs,Geplauder: Yinglungs,Chiacchiere: Yinglung,Charla casual: Yinglungs,Conversa Informal: Yinglungs,Болтовня: бойцы «Инлуна»,บทสนทนา​เรื่อยเปื่อย​: หน่วย​ห​ยิง​หลง,Chuyện Phiếm: Đội Đặc Nhiệm,Obrolan Tanpa Topik: Anggota Yinglung
宴坐空山,宴坐空山,Idling on the Peak,空山に座す,고요한 산중에 앉아 풍류를 즐기네,Pause au sommet,Verweilen auf dem Gipfel,Dolce far niente,Descansando en la Cumbre,Descansando no Pico,Нега на вершине,นั่งเล่น​บน​ยอดเขา,Thảnh Thơi Trên Đỉnh,Santai di Puncak
燎石,燎石,Igneosite,燎石,화염석,Ignésite,Igneosit,Igneosite,Igneosita,Igneosita,Огнеозит,อิก​นิ​โอ​ไซต์,Viêm Thạch,Igneosite
燎石子簇,燎石子簇,Igneosite Seed,純燎石塊,화염석 덩이,Graine d'ignésite,Igneosit-Saat,Seme di igneosite,Semilla de igneosita,Semente de Igneosita,Огнеозитовое семя,เมล็ด​อิก​นิ​โอ​ไซต์,Hạt Viêm Thạch,Benih Igneosite
燎石,燎石,Igneosite Spot,燎石,화염석,Ignésite,Igneosit,Igneosite,Igneosita,Igneosita,Огнеозит,อิก​นิ​โอ​ไซต์,Viêm Thạch,Igneosite
长明,長明,Illuminating an Era,永久の光,꺼지지 않는 빛,Illumination historique,Erhellung einer Ära,Illuminare un'era,Iluminando una era,Iluminando uma Era,Озаряя эпоху,แสงส่อง​ยุคสมัย,Thắp Sáng Một Kỷ Nguyên,Menyinari Suatu Masa
点亮卦象,點亮卦象,Illuminating Divinograms,"<p=""かしょう"" padding=0>卦象</p>の点灯",괘상 밝히기,Divinogrammes illuminés,Divinogramme aufleuchten lassen,Illuminare i divinogrammi,Divinogramas iluminadores,Iluminando Divinogramas,Активация небеснограмм,การ​ให้​แสงสว่าง​ต่อ​ภาพ​ลาย​อักษร,Khai Sáng Quẻ Thần Thánh,Menerangi Divinogram
充能球刺兽,蓄能球刺獸,Imbued Quillbeast,チャージ球刺獣,활성화된 프릭비스트,Bêtaplume imprégnée,Aufgeladenes Federbiest,Bestiaspina imbevuta,Bestia pluma imbuida,Penoso Imbuído,Заряженный колючий зверь,ควิ​ล​ล์​บี​ส​ต์​เสริม​พลัง,Quái Lông Nhọn Bị Lây Nhiễm,Quillbeast Duri Energi
深情厚谊奖章,深厚情誼獎章,Immense Trust,一蓮托生勲章,굳건한 유대 훈장,Confiance absolue,Riesengroßes Vertrauen,Immensa fiducia,Confianza inmensa,Confiança Imensa,Бесконечное доверие,ความเชื่อ​ใจ​ไม่​สั่นคลอน,Niềm Tin Vĩ Đại,Kepercayaan Tinggi
高山仰止,高山仰止,Imposing Peak,高山仰止,우러러보는 경지,Pic imposant,Imposanter Gipfel,Cima imponente,Cumbre imponente,Pico Imponente,Величественный пик,ยอดเขา​สูงส่ง,Đỉnh Uy Nghi,Puncak yang Agung
即兴演出,即興演出,Improvised Performance,ライブ、いっくよー！,즉흥 공연,Improvisation,Improvisierter Auftritt,Performance improvvisata,Actuación improvisada,Apresentação Improvisada,Импровизированное выступление,การแสดง​ด้น​สด,Màn Biểu Diễn Ngẫu Hứng,Improvisasi Aksi
奚墨未写完的推荐信,奚墨未寫完的推薦信,Incomplete Letter of Recommendation by Tianshi Xi Mo,シ・モウの書きかけの推薦状,해묵이 쓰다 만 추천서,Lettre de recommandation incomplète du Tianshi Xi Mo,Unvollständiges Empfehlungsschreiben von Tianshi Xi Mo,Lettera di raccomandazione incompleta del Tianshi Xi Mo,Carta de recomendación incompleta del Tianshi Xi Mo,Carta de Recomendação Incompleta de Tianshi Xi Mo,Незаконченное рекомендательное письмо Тяньши Си Мо,จดหมาย​แนะนำ​ที่​เขียน​ไม่เสร็จ​ของ​เทียน​ซือ​ซี่​ห​มัว,Thư Giới Thiệu Dang Dở của Thiên Sư Xi Mo,Surat Rekomendasi yang Belum Selesai dari Tianshi Xi Mo
原生钳兽,原生鉗獸,Indigenous Pincerbeast,原生鉗獣,원시 핀서비스트,Tenailleur indigène,Indigenes Zangenbiest,Bestia chelata indigena,Bestia pinza indígena,Besta Garras de Foice Nativa,Автохтонный зверохват,พิน​เซอร์​บี​ส​ต์​พื้นเมือง,Thú Kẹp Bản Địa,Pincerbeast Asli
工业爆炸物,工業爆炸物,Industrial Explosive,工業爆弾,공업 폭발물,Explosif industriel,Industriesprengstoff,Esplosivo industriale,Explosivo industrial,Explosivo Industrial,Промышленная взрывчатка,ระเบิด​อุตสาหกรรม,Thuốc Nổ Công Nghiệp,Bahan Peledak Kelas Industri
工业零点一,工業零點一,Industry 0.1,工業零点一,공업 0.1,Industrie 0.1,Industrie 0.1,Industry 0.1,Industria 0.1,Indústria 0.1,Индустрия 0.1,อิน​ดัส​ทรี​ 0.1,Công Nghiệp 0.1,Industry 0.1
惰气,惰氣,Inergen,不活性ガス,비활성 기체,Inergène,Inergen,Inergeno,Inergen,Inergênio,Инерген,อิน​เนอร์​เจน,Khí Trơ,Inergen
惰气,惰氣,Inergen Spot,不活性ガス,비활성 기체,Inergène,Inergen,Inergeno,Inergen,Inergênio,Инерген,อิน​เนอร์​เจน,Khí Trơ,Inergen
惰气矿点,惰氣礦點,Inergen Vent,不活性ガス採集スポット,비활성 기체 광산 지점,Poche d'inergène,Inergen-Lüftung,Presa d'aria per inergeno,Respiradero de Inergen,Saída de Inergênio,Точка выброса инергена,ท่อ​อิน​เนอร์​เจน,Lỗ Thông Hơi Khí Trơ,Ventilasi Inergen
惰性壤晶废液,惰性壤晶廢液,Inert Xircon Effluent,不活性壌晶廃液,불활성 양정 폐액,Xircon résiduel inerte,Inaktives Xircon-Abwasser,Xircone refluo inerte,Efluente inerte de xirconio,Efluente de Xircônio Inerte,Инертный элюат ксиркона,น้ำทิ้ง​เฉื่อย​ซิ​ร์​คอน,Xircon Trơ Thải,Cairan Sisa Proses Xircon Lembam
基建前站,基建前站,Infra-Station,建設基地,기초 건설 주둔지,Infrastation,Infra-Station,Infra-Stazione,Infraestación,Estação Infra,Инфрастанция,สถานี​อิน​ฟรา,Trạm Hạ Tầng,Stasiun Infrastruktur
初始连接,初始連接,Initial Link,初期接続,최초 접속,Lien initial,Ursprüngliche Verbindung,Collegamento iniziale,Enlace inicial,Conexão Inicial,Первая связь,ลิงก์​แรกเริ่ม,Liên Kết Ban Đầu,Mata Rantai Pertama
注射套组,注射套裝,Injection Kit,注射キット,주사 세트,Trousse d'injection,Injektionskit,Kit per iniezioni,Kit de inyecciones,Kit de Injeção,Аптечка для инъекций,ชุด​เครื่องมือ​ฉีดยา,Bộ Dụng Cụ Tiêm,Kit Injeksi
输入口与取货口,輸入口與取貨口,Input and Output Ports,輸送口と取出口,입력 포트와 출력 포트,Ports d'entrée et de sortie,Eingänge und Ausgänge,Ingressi e uscite,Puertos de entrada y salida,Portas de Entrada e de Saída,Порты входа и выхода,พอร์ต​ขาเข้า​และ​ขาออก,Cổng Vào và Cổng Ra,Porta Input dan Output
检查者的潦草记录,檢查者的潦草紀錄,Inspector's Hasty Notes,確認係が走り書きした記録,점검자의 대충 휘갈겨 쓴 기록,Notes griffonnées de l'inspecteur,Eilige Notizen des Inspektors,Appunti frettolosi dell'ispettore,Notas apresuradas del inspector,Notas Apressadas do Inspetor,Спешные заметки инспектора,บันทึก​ที่​เร่งรีบ​ของ​ผู้ตรวจสอบ,Ghi Chú Nhanh Của Kiểm Định,Catatan Singkat dari Inspektur
速食骨汤,即食骨湯,Instant Bone Soup,即席骨だしスープ,즉석 곰탕,Soupe d'os instantanée,Instant-Knochensuppe,Zuppa d'osso istantanea,Sopa instantánea de huesos,Sopa de Ossos Instantânea,Быстрый костный бульон,ซุป​กระดูก​สำเร็จรูป,Súp Xương Ăn Liền,Sup Tulang Instan
速食骨汤·升级,即食骨湯·升級,Instant Bone Soup Upgrade,即席骨だしスープ（強化）,즉석 곰탕 · 업그레이드,Amélioration de la soupe d'os instantanée,Verbesserung: Instant-Knochensuppe,Potenziamento: zuppa d'osso istantanea,Mejora de Sopa instantánea de huesos,Upgrade de Sopa de Ossos Instantânea,Улучшение быстрого костного бульона,อัป​เกรด​ซุป​กระดูก​สำเร็จรูป,Nâng Cấp Súp Xương Ăn Liền,Upgrade untuk Sup Tulang Instan
速成陈酿,速成陳釀,Instant Vintage,即席熟成酒,속성 발효주,Millésime instantané,Tafelfertige Weinlese,Spirito istantaneo,Clásico instantáneo,Vintage Instantâneo,Скороброженка,ไวน์​วิน​เท​จ​สำเร็จรูป,Rượu Cổ Điển Tức Thời,Vintage Instan
材料研究所,材料研究所,Institute of Materials Science,材料研究所,재료 연구소,Institut des sciences des matériaux,Institut der Material-wissenschaften,Istituto di scienze dei materiali,Instituto de ciencia de los materiales,Instituto de Ciência de Materiais,Институт материаловедения,สถาบัน​วัสดุ​ศาสตร์,Viện Khoa Học Vật Liệu,Institut Ilmu Material
百叶箱,百葉箱,Instrument Safe,百葉箱,백엽상,Coffre d'instruments,Werkzeugsafe,Cassaforte per strumenti,Caja fuerte para instrumentos,Cofre para Instrumentos,Сейф с инструментами,ตู้เซฟ​อุปกรณ์,Két Dụng Cụ,Brankas Instrumen
绝缘修补套组,絕緣修補套組,Insulation Repair Kit,絶縁修理キット,절연 수리 키트,Kit de réparation d'isolation,Isolations-Reparaturkit,Kit di riparazione isolato,Kit de reparación de aislamiento,Kit de Reparos de Isolamento,Изолированный ремнабор,ชุด​เครื่องมือ​ซ่อม​ฉนวน,Bộ Sửa Chữa Cách Điện,Kit Perbaikan Insulasi
综合科研区,綜合科研區,Integrated R&D Area,総合研究エリア,종합 과학 연구 구역,Zone de R&D intégrée,Integrierter-F&E-Bereich,Area R&S integrata,Área integrada de I+D,Área de P&D Integrada,Объединенная зона НИЦ,เขต​วิจัยและพัฒนา​ผสมผสาน,Khu R&D Tích Hợp,Area Litbang Terpadu
档案库,檔案庫,Intel Archives,資料室,문서 보관소,Archives d'informations,Informationsarchive,Archivi informazioni,Archivos de inteligencia,Arquivos de Informações,Архивы разведданных,คลัง​ข่าวกรอง,Hồ Sơ Tình Báo,Arsip Intel
情报采集与事件调查,情報採集與事件調查,Intel Gathering and Investigations,情報収集と事件調査,정보 수집과 사건 조사,Collecte d'informations et enquêtes,Informationsbeschaffung und Untersuchungen,Recupero informazioni e indagini,Recolección de inteligencia e investigaciones,Coleta de Informações e Investigações,Сбор разведданных и расследования,การ​รวบรวม​ข่าวกรอง​และ​การสืบสวน,Thu Thập và Điều Tra Thông Tin Tình Báo,Pengumpulan Intel dan Penyelidikan
中级作战记录,中級作戰紀錄,Intermediate Combat Record,中級作戦記録,중급 작전 기록,Archives de combat de niveau intermédiaire,Weiterführende Kampfaufzeichnung,Registrazione di combattimenti intermedia,Registro de Combate Intermedio,Registro de Combate Intermediário,Промежуточные записи боя,บันทึก​การต่อสู้​ขั้น​กลาง,Hồ Sơ Chiến Đấu Trung Cấp,Rekaman Pertarungan Menengah
间歇性思考者,間歇性思考者,Intermittent Thinker,時々、考える,간헐적 사색,Penseuse sporadique,Gelegenheitsphilosophin,Pensatrice saltuaria,Pensadora intermitente.,Pensadora Intermitente,Мысли урывками,นักคิด​เป็น​พั​กๆ,Suy Nghĩ Đứt Đoạn,Pemikir Intermiten
以嫁接法复活源石大树的可能性探讨,以嫁接法復活源石大樹的可能性探討,Investigating the Potential Use of Grafting to Revive the Great Originium Oak,接ぎ木による源石樹再生の可能性について,접목법으로 오리지늄 나무를 복원할 수 있는지에 대한 탐구,Étude sur l'usage potentiel du greffage pour redonner vie au Grand chêne d'originium,"Erforschung der potenziellen Möglichkeit, die Große Originium-Eiche durch Pfropfen wiederzubeleben",Indagine in corso sul potenziale utilizzo dell'innesto per far rinascere la grande quercia di Originium,Investigación del uso potencial del injerto para revivir el Gran Roble de Originio,Investigando o Uso Potencial de Enxertos para Revitalizar o Grande Carvalho de Originium,Изучение возможности применения прививки для возрождения великого ориджиниевого дуба,การวิจัย​ศักยภาพ​การ​ใช้การ​ตัดต่อ​กิ่ง​เพื่อ​ฟื้นฟู​ต้น​โอ๊ก​ออ​ริ​จิ​เนียม​ใหญ่,Khảo sát Tiềm Năng Sử Dụng phương pháp Ghép để Hồi Sinh Cây Sồi Originium Vĩ Đại,Potensi Penumbuhan Pohon Ek Originium via Cangkok
采石场塌方事件的调查报告,採石場坍方事件的調查報告,IR: Quarry Collapse,採石場崩落事故の調査報告書,채석장 붕괴 사건의 조사 보고서,Rapport d'enquête sur l'effondrement de la carrière,IR: Steinbruch-Einsturz,RI: Collasso della cava,I.I.: Derrumbe de la cantera,RI: Desabamento da Pedreira,Отчет: обрушение карьера,IR: การถล่ม​ของ​เหมือง​หิน,BCĐT: Vụ Sập Mỏ Đá,LP: Runtuhnya Tambang Batu
蚀崖观测站周边灼痕的调查报告,蝕崖觀測站周邊灼痕的調查報告,IR: Scorch Marks Near the Blightcliff OP,蝕崖観測所周辺の焼け跡に関する調査報告書,침식 절벽 관측소 주변 그을린 상흔에 관한 조사 보고서,Rapport d'enquête sur les marques de brûlure près du PO de Rochegrène,IR: Brandspuren in der Nähe des Verderbnisklippen-Wachpostens,RI: Segni di bruciatura vicino al PO del dirupo contaminato,I.I.: Marcas de quemaduras cerca del PO de Riscoplaga,RI: Marcas de Queimadura Próximo ao PO do Penhasco da Praga,Отчет: выжженные следы рядом с наблюдательным пунктом Блайтклиф,IR: รอย​เผาไหม้​ใกล้​จุด​ปฏิบัติการ​ไบ​ล​ท์​คลิฟ,BCĐT: Vết Cháy Gần Trạm Quan Sát Vách Nhiễm Khuẩn,LP: Bekas Terbakar di Dekat Pos Pengamatan Tebing Hawar
隔绝封装器,隔絕封裝器,Isolation Container,隔離密封器,오염 차단 보관함,Contenant isolant,Isolationsbehälter,Contenitore d'isolamento,Contenedor de aislamiento,Recipiente de Isolamento,Изоляционный контейнер,ที่่​เก็บ​แยก,Thùng Chứa Cách Ly,Kontainer Isolasi
物品准入口,物品准入口,Item Control Port,通過制御口,아이템 컨트롤 포트,Port de contrôle des objets,Gegenstands-steuerung,Varco di controllo oggetti,Puerto de control de objetos,Porta de Controle de Itens,Порт проверки предметов,พอร์ต​ควบคุม​ไอ​เทม,Cảng Kiểm Soát Vật Phẩm,Porta Kontrol Item
物品准入口 - 一,物品准入口 - 一,Item Control Port (1),通過制御口 - 1,아이템 컨트롤 포트 - 1,Port de contrôle des objets (1),Gegenstandssteuerung (1),Varco di controllo oggetti (1),Puerto de control de objetos (1),Porta de Controle de Itens (1),Порт проверки предметов (1),พอร์ต​ควบคุม​ไอ​เทม​ (1),Cảng Kiểm Soát Vật Phẩm (1),Porta Kontrol Item (1)
物品准入口 - 二,物品准入口 - 二,Item Control Port (2),通過制御口 - 2,아이템 컨트롤 포트 - 2,Port de contrôle des objets (2),Gegenstandssteuerung (2),Varco di controllo oggetti (2),Puerto de control de objetos (2),Porta de Controle de Itens (2),Порт проверки предметов (2),พอร์ต​ควบคุม​ไอ​เทม​ (2),Cảng Kiểm Soát Vật Phẩm (2),Porta Kontrol Item (2)
物品准入限速,物品准入限速,Item Flow Adjuster,固体通過速度制限,아이템 속도 제한 컨트롤,Dispositif de réglage du débit d'objets,Gegenstandsdurchfluss-Anpasser,Regolatore della portata di oggetti,Ajustador de flujo de objetos,Ajustador de Fluxo de Itens,Регулятор потока предметов,ตัว​ปรับ​อัตรา​การ​ไหล​ของ​ไอ​เทม,Bộ Điều Chỉnh Lưu Lượng Vật Phẩm,Pengatur Aliran Item
玉键,玉鍵,Jade Key,玉鍵,옥건,Clé de jade,Jadeschlüssel,Chiave di giada,Llave de jade,Chave de Jade,Нефритовый ключ,กุญแจ​หยก,Chìa Khóa Ngọc Bích,Kunci Giok
雅各布的遗产,雅各的遺產,Jakub's Legacy,ヤコブの遺産,제이컵의 유산,L'héritage de Jakub,Jakubs Vermächtnis,Eredità di Jakub,Legado de Jakub,Legado de Jakub,Наследие Якуба,มรดก​ของ​จา​คุ​บ,Di Sản Của Jakub,Peninggalan Jakub
杰里米的便携终端,傑里米的便攜式終端,Jeremy's Handyterm,ジェレミーの携帯端末,제레미의 휴대용 단말기,Terminal mobile de Jeremy,Jeremys Mobilterminal,Terminale portatile di Jeremy,Terminal portátil de Jeremy,Terminal Portátil de Jeremy,Мини-терминал Джереми,แฮน​ดี​เ​ทิ​ร์​ม​ของ​เจ​เร​มี่,Thiết Bị Cầm Tay của Jeremy,Handyterm Jeremy
J.E.T.,J.E.T.,JET,J.E.T.,J.E.T.,JET,JET,JET,JET,JET,Реактивная пика,เจ็ท,JET,JET
剑语,劍語,Jianyu - The Language of Swords,剣語,검의 속삭임,Jianyu - Le dialecte des épées,Jianyu – Die Sprache der Schwerter,Jianyu - Il linguaggio della spada,Jianyu: el lenguaje de las espadas,Jianyu – A Linguagem das Espadas,Язык мечей,เ​จี้​ยน​อ​วี่​ — ภาษา​ของ​ดาบ,Jianyu – Ngôn Ngữ Của Kiếm,Jianyu - Bahasa Pedang
拼块测试Only,拼塊測試Only,Jigsaw Piece TEST ONLY,パズルテスト用,퍼즐 조각 테스트 전용,Pièce de puzzle TEST UNIQUEMENT,Puzzleteil NUR ZUM TEST,SOLO PER TEST - Pezzo di puzzle,Pieza de rompecabezas SOLO PRUEBA,Peça de Quebra-Cabeça SOMENTE TESTE,Деталь пазла ТЕСТ,ชิ้นส่วน​จิ๊กซอว์​ ทดสอบ​เท่านั้น,Trò Ghép Hình CHỈ THỬ NGHIỆM,Kepingan Teka-teki TES SAJA
吉米尼12,吉米尼12,Jiminy 12,ジミニ12,지미니 12,Jiminy 12,Jiminy 12,Jiminy 12,Jiminy 12,Jiminy 12,Джимини 12,จิ​มิ​นี่​ 12,Jiminy 12,Jiminy 12
锦草,錦草,Jincao,錦草,금초,Astéracée,Jincao,Jincao,Jincao,Capim-Seda,Цзиньцао,ดอก​หญ้า​ไหม,Cỏ Sao Lụa,Jincao
锦草软饮,錦草飲料,Jincao Drink,錦草ソーダⅠ,금초 청량음료,Boisson à l'astéracée,Jincao-Limonade,Bevanda di jincao,Bebida de Jincao,Bebida de Capim-Seda,Напиток с цзиньцао,เครื่องดื่ม​หญ้า​ไหม,Nước Cỏ Sao Lụa,Minuman Jincao
大碗锦草凉茶,大碗錦草涼茶,Jincao Infusion,錦草漢方茶Ⅱ,금초 냉차(대),Infusion d'astéracée,Jincao-Aufguss,Infuso di jincao,Infusión de Jincao,Infusão de Capim-Seda,Настой цзиньцао,น้ำต้ม​สมุนไพร​หญ้า​ไหม,Nước Sắc Cỏ Sao Lụa,Ramuan Jincao
锦草田块,錦草田塊,Jincao Plot,錦草畑,금초 논배미,Parcelle d'astéracée,Jincao-Beet,Terreno per jincao,Terreno de Jincao,Lote de Capim-Seda,Участок цзиньцао,แปลง​ดอก​หญ้า​ไหม,Ô Đất Cỏ Sao Lụa,Petak Jincao
模拟锦草田块,模擬錦草田塊,Jincao Plot (SIM),錦草模擬畑,시뮬레이션 금초 논배미,Parcelle d'astéracée (SIMU),Jincao-Beet (SIM),Terreno per jincao (SIM),Terreno de Jincao (SIM),Lote de Capim-Seda (SIM),Участок цзиньцао (СИМ),แปลง​ดอก​หญ้า​ไหม​ (เทียม​),Ô Đất Cỏ Sao Lụa (Mô Phỏng),Petak Jincao (SIM)
锦草粉末,錦草粉末,Jincao Powder,錦草粉末,금초 가루,Poudre d'astéracée,Jincao-Pulver,Polvere di jincao,Polvo de Jincao,Pó de Capim-Seda,Молотый цзиньцао,ผง​ดอก​หญ้า​ไหม,Bột Cỏ Sao Lụa,Bubuk Jincao
锦草种子,錦草種子,Jincao Seed,錦草の種,금초 씨앗,Graine d'astéracée,Jincao-Saat,Seme di jincao,Semilla de Jincao,Semente de Capim-Seda,Семя цзиньцао,เมล็ด​หญ้า​ไหม,Hạt Cỏ Sao Lụa,Benih Jincao
锦草溶液,錦草溶液,Jincao Solution,錦草エキス,금초 용액,Solution d'astéracée,Jincao-Lösung,Soluzione di jincao,Solución de Jincao,Solução de Capim-Seda,Раствор цзиньцао,สาร​สกัด​จาก​หญ้า​ไหม,Dung Dịch Cỏ Sao Lụa,Larutan Jincao
锦草溶液存放点,錦草溶液存放點,Jincao Solution Storage,錦草エキス貯蔵スポット,금초 용액 보관 지점,Réserve de solution d'astéracée,Jincao-Lösung-Lager,Stoccaggio di soluzione di jincao,Almacenamiento de Solución de Jincao,Armazenamento de Solução de Capim-Seda,Хранилище раствора цзиньцао,ที่เก็บ​สาร​สกัด​จาก​หญ้า​ไหม,Lưu Trữ Dung Dịch Cỏ Sao Lụa,Penyimpanan Larutan Jincao
优质锦草软饮,優質錦草飲料,Jincao Tea,錦草ソーダⅡ,고급 금초 청량음료,Thé à l'astéracée,Jincao-Tee,Tè di jincao,Té de Jincao,Chá de Capim-Seda,Чай с цзиньцао,ชา​หญ้า​ไหม,Trà Cỏ Sao Lụa,Teh Jincao
锦草凉茶,錦草涼茶,Jincao Tisane,錦草漢方茶Ⅰ,금초 냉차,Tisane d'astéracée,Jincao-Kräutertee,Tisana di jincao,Tisana de Jincao,Tisana de Capim-Seda,Тизан с цзиньцао,ชา​สมุนไพร​ดอก​หญ้า​ไหม,Trà Mát Cỏ Sao Lụa,Tisane Jincao
景玉谷,景玉谷,Jingyu Valley,景玉谷,경옥 골짜기,Jingyu Valley,Jingyu Valley,Jingyu Valley,Valle de Jingyu,Jingyu Valley,Долина Цзинъю,Jingyu Valley,Jingyu Valley,Jingyu Valley
历程积分,歷程積分,Journey Points,遍歴ポイント,여정 점수,Points de voyage,Reisepunkte,Punti viaggio,Puntos de viaje,Pontos de Jornada,Очки путешествия,คะแนน​การ​เดินทาง,Điểm Hành Trình,Poin Perjalanan
联结点,聯結點,Junction Point,連結点,공명점,Point de jonction,Knotenpunkt,Punto di congiunzione,Punto de unión,Ponto de Junção,Узловая точка,จุด​เชื่อมต่อ,Giao Thoa,Junction Point
小酌,小酌,Just a Swig,晩酌,책임을 담아,Juste une lampée,Nur ein Schluck,Solo un sorso,Solo un trago,Só um Gole,Всего глоточек,แค่​อึก​เดียว,Chỉ Một Ngụm,Seteguk Saja
百相仪,百相儀,Kaleidograph,カレイドグラフ,백상의,Kaléidographe,Kaleidograf,Caleidogramma,Caleidógrafo,Caleidógrafo,Калейдограф,เครื่อง​สลับ​ลาย,Vạn Hoa Đồ,Kaleidograf
印记辨识奖章,印記辨識獎章,Kaleidographer,図形識別勲章,인장 식별 훈장,Kaléidographiste,Kaleidograf,Caleidogrammatore,Caleidografista,Caleidógrafo,Калейдографист,เครื่อง​สลับ​ลาย,Vạn Hoa Sư,Kaleidografer
晶化多齿叶,晶化多齒葉,Kalkodendra,結晶鋭葉,칼코덴드라,Calcodendron,Kalkodendra,Calcodendro,Kalkodendro,Calcodendra,Калкодендра,คัล​โค​เดน​ดรา,Thạch Cốt,Kalkodendra
晶化多齿叶,晶化多齒葉,Kalkodendra Spot,結晶鋭葉,칼코덴드라,Calcodendron,Kalkodendra,Calcodendro,Kalkodendro,Calcodendra,Калкодендра,คัล​โค​เดน​ดรา,Thạch Cốt,Kalkodendra
晶化多齿叶根茎,晶化多齒葉根莖,Kalkodendra Tuber,結晶鋭葉の茎,칼코덴드라 줄기,Tubercule de calcodendron,Kalkodendra-Knolle,Tubero di calcodendro,Tubérculo de kalkodendro,Tubérculo de Calcodendra,Клубень калкодендры,หัว​คัล​โค​เดน​ดรา,Củ Thạch Cốt,Umbi Kalkodendra
轻黯石,輕黯石,Kalkonyx,軽闇石,연한 흑암석,Calconyx,Kalkonyx,Calconyxite,Kalkonix,Calcionix,Кальценикс,คัล​โค​นิก​ซ์,Chủng Thạch,Kalkonyx
轻黯石子簇,輕黯石子簇,Kalkonyx Seed,純軽闇石塊,연한 흑암석 덩이,Graine de calconyx,Kalkonyx-Saat,Seme di calconyxite,Semilla de kalkonix,Semente de Calcionix,Кальцениксовое семя,เมล็ด​คัล​โค​นิก​ซ์,Hạt Chủng Thạch,Benih Kalkonyx
轻黯石,輕黯石,Kalkonyx Spot,軽闇石,연한 흑암석,Calconyx,Kalkonyx,Calconyxite,Kalkonix,Calcionix,Кальценикс,คัล​โค​นิก​ซ์,Chủng Thạch,Kalkonyx
前瞻目光,前瞻目光,Keen Foresight,先見の明,미래를 보는 눈,Clairvoyance,Weise Voraussicht,Lungimiranza,Previsión aguda,Previsão Perspicaz,Проницательность,วิสัยทัศน์​อัน​เฉียบคม,Tầm Nhìn Sâu Sắc,Pandangan ke Masa Depan
新锐谷地罗盘,新銳谷地羅盤,Keen Valley Compass,新型谷地専用コンパス,첨단 협곡 나침반,Boussole haut de gamme de la Vallée,Genauer Talkompass,Bussola di precisione della Valle,Brújula aguda del Valle,Bússola do Vale Aguçada,Чуткий долинный компас,เข็มทิศ​อัน​แม่นยำ​แห่ง​หุบเขา,La Bàn Thung Lũng Tinh Xảo,Kompas Akurat Lembah
新锐谷地探物器,新銳谷地探測器,Keen Valley Detector,新型谷地専用探知機,첨단 협곡 탐지기,Détecteur haut de gamme de la Vallée,Genauer Taldetektor,Rilevatore di precisione della Valle,Detector agudo del Valle,Detector do Vale Aguçado,Чуткий долинный детектор,เครื่อง​ตรวจจับ​อัน​แม่นยำ​แห่ง​หุบเขา,Thiết Bị Dò Thung Lũng Tinh Xảo,Detektor Akurat Lembah
新锐武陵罗盘,新銳武陵羅盤,Keen Wuling Compass,新型武陵専用コンパス,첨단 무릉 나침반,Boussole haut de gamme de Wuling,Genauer Wuling-Kompass,Bussola di precisione di Wuling,Brújula aguda de Wuling,Bússola de Wuling Aguçada,Чуткий улинский компас,เข็มทิศ​อัน​แม่นยำ​แห่ง​อู่​หลิง,La Bàn Võ Lăng Tinh Xảo,Kompas Akurat Wuling
新锐武陵探物器,新銳武陵探測器,Keen Wuling Detector,新型武陵専用探知機,첨단 무릉 탐지기,Détecteur haut de gamme de Wuling,Genauer Wuling-Detektor,Rilevatore di precisione di Wuling,Detector agudo de Wuling,Detector de Wuling Aguçado,Чуткий улинский детектор,เครื่อง​ตรวจจับ​อัน​แม่นยำ​แห่ง​อู่​หลิง,Thiết Bị Dò Võ Lăng Tinh Xảo,Detektor Akurat Wuling
核心区,核心區,Kernel Sector,中枢区画,핵심 구역,Secteur Kernel,Kernsektor,Settore Kernel,Sector del núcleo,Setor do Núcleo,Центральный сектор,เซ็ก​เตอร์​เคอร์​เนล,Khu Lõi,Sektor Utama
赫拉芬格,赫拉芬格,Khravengger,クラヴェンガー,헤라펜거,Khravengger,Kravenier,Khravengger,Khravengger,Khravengger,Хравенгер,ครา​เวน​เจอร์,Khravengger,Khravengger
醇化合物工厂,醇化合物工廠,Kohl Plant,合成コール工場,콜 화합물 공장,Usine de cohl,Thanol-Kraftwerk,Impianto Kohl,Planta de Kohl,Planta de Kohl,Завод кайала,โรงงาน​โคห์ล,Nhà Máy Rượu,Pabrik Kohl
附术铁瓶,附術鐵瓶,Kunst Tube,付術鉄瓶,아츠가 부여된 금속 병,Tube de Kunst,Kunst-Röhrchen,Tubetto Kunst,Tubo kunst,Tubo de Kunst,Туба стимуляторов,หลอด​คุน​ส์​ท,Ống Siêu Cường,Tabung Kunst
附术铁瓶·升级,附術鐵瓶·升級,Kunst Tube Upgrade,付術鉄瓶（強化）,아츠가 부여된 금속 병 · 업그레이드,Amélioration de tube de Kunst,Verbesserung: Kunst-Röhrchen,Potenziamento: tubetto Kunst,Mejora de tubo kunst,Upgrade de Tubo de Kunst,Улучшение тубы стимуляторов,อัป​เกรด​หลอด​คุน​ส์​ท,Nâng Cấp Ống Siêu Cường,Upgrade untuk Tabung Kunst
附术瓶,附術瓶,Kunst Vial,付術瓶,아츠가 부여된 병,Fiole de Kunst,Kunst-Ampulle,Fiala Kunst,Vial kunst,Frasco de Kunst,Пузырек стимуляторов,ขวด​คุน​ส์​ท,Lọ Siêu Cường,Ampul Kunst
附术瓶·升级,附術瓶·升級,Kunst Vial Upgrade,付術瓶（強化）,아츠가 부여된 병 · 업그레이드,Amélioration de fiole de Kunst,Verbesserung: Kunst-Ampulle,Potenziamento: fiala Kunst,Mejora de vial kunst,Upgrade de Frasco de Kunst,Улучшение пузырька стимуляторов,อัป​เกรด​ขวด​คุน​ส์​ท,Nâng Cấp Lọ Siêu Cường,Upgrade untuk Ampul Kunst
莱万汀,萊萬汀,Laevatain,レーヴァテイン,레바테인,Laevatain,Laevatain,Laevatain,Laevatain,Laevatain,Лэватейн,ลาวา​เทน,Laevatain,Laevatain
莱万汀的信物,萊萬汀的信物,Laevatain's Token,レーヴァテインの印,레바테인의 증표,Jeton de Laevatain,Laevatains Token,Gettone di Laevatain,Ficha de Laevatain,Símbolo de Laevatain,Жетон Лэватейн,โท​เคน​ของ​ลาวา​เทน,Tín Vật của Laevatain,Token Laevatain
湖心岛,湖心島,Lake Islet,河岸台,호심도,Îlot du lac,Kleine See-Insel,Isoletta del lago,Isleta del lago,Ilhota do Lago,Озерный островок,เกาะ​กลาง​ทะเลสาบ,Đảo Nhỏ Giữa Hồ,Gili Danau
裂地者营地,裂地者營地,Landbreaker Camp,無法者野営地,랜드브레이커 캠프,Camp des Brise-Terres,Landbrecher-Camp,Accampamento dei Fenditerra,Campamento rompesuelos,Acampamento dos Invasores de Terras,Лагерь Землекрушителей,ค่าย​แลนด์​เบรก​เกอร์,Doanh Trại Landbreaker,Kamp Landbreaker
画着涂鸦的裂地者纸条,畫著塗鴉的裂地者紙條,Landbreaker Note with Sketches,落書きされたランドブレーカーのメモ,낙서가 그려진 랜드브레이커의 쪽지,Note de Brise-Terre ornée de gribouillages,Landbrechernotiz mit Skizzen,Appunti di un Fenditerra con disegni,Nota de Rompesuelos con bocetos,Nota de Invasor de Terras com Esboços,Запись Землекрушителя с наброском,บันทึก​ของ​แลนด์​เบรก​เกอร์​ที่​มี​ภาพร่าง,Ghi Chú Landbreaker Kèm Phác Thảo,Catatan dan Sketsa Landbreaker
裂地者,裂地者,Landbreakers,ランドブレーカー,랜드브레이커,Brise-Terres,Landbrecher,Fenditerra,Rompesuelos,Invasores de Terras,Землекрушители,แลนด์​เบรก​เกอร์,Landbreaker,Landbreaker
大规模动态侵蚀的恢复现象,大規模動態侵蝕的恢復現象,Large Active Blight Mass Regeneration,大規模な動的侵蝕の再発現象,대규모 동적 침식의 회복 현상,Régénération de grosses masses de Gangrène active,Große Massen aktiver Verderbnis: Regenerierung,Rigenerazione delle grandi masse di Contaminazione attiva,Gran regeneración de masa de Plaga activa,Regeneração de Massa de Praga Ativa Grande,Восстановление больших скоплений активного мора,การ​ก่อตัว​ขึ้น​ใหม่​ของ​มวล​ไบ​ล​ท์​แอค​ทีฟ​ขนาดใหญ่,Tái Tạo Nhiễm Khuẩn Động Lớn,Regenerasi Massa Hawar Aktif Besar
大型弹射装置,大型彈射裝置,Large Bounce Device,大型発射装置,대형 점프형 장치,Gros dispositif de rebond,Großes Sprungmodul,Dispositivo di rimbalzo grande,Dispositivo de impulso grande,Dispositivo de Salto Grande,Большой батут,อุปกรณ์​เด้ง​ดึ๋ง​ขนาดใหญ่,Thiết Bị Bật Nhảy Lớn,Perangkat Pantul Besar
别礼,別禮,Last Rite,ラストライト,라스트 라이트,Last Rite,Last Rite,Last Rite,Last Rite,Last Rite,Панихида,ลาส​ท์​ไรท์,Last Rite,Last Rite
别礼的信物,別禮的信物,Last Rite's Token,ラストライトの印,라스트 라이트의 증표,Jeton de Last Rite,Last Rites Token,Gettone di Last Rite,Ficha de Last Rite,Símbolo de Last Rite,Жетон Панихиды,โท​เคน​ของ​ลาส​ท์​ไรท์,Tín Vật Của Last Rite,Token Last Rite
幸存者的绝笔,倖存者的絕筆,Last Words: A Survivor,生存者の最後の手記,생존자의 절필,Derniers mots d'un survivant,Letzte Worte: Ein Überlebender,Ultime parole: Un sopravvissuto,Últimas palabras: un sobreviviente,Últimas Palavras: Um Sobrevivente,Последние слова выжившего,คำสั่ง​เสีย​สุดท้าย​: ผู้รอดชีวิต​คน​หนึ่ง,Di Ngôn: Một Người Sống Sót,Kata-kata Terakhir: Seorang Penyintas
某人的绝笔,某人的絕筆,Last Words: By Someone,とある人物の最後の手記,어떤 이의 절필,Derniers mots de quelqu'un,Letzte Worte: Von jemandem,Ultime parole: Di qualcuno,Últimas palabras: escritas por alguien,Últimas Palavras: Por Alguém,Чьи-то последние слова,คำสั่ง​เสีย​สุดท้าย​: โดย​ใคร​บางคน,Di Ngôn: Của Một Ai Đó,Kata-kata Terakhir: Dari Seseorang
低容谷地电池,低容量谷地電池,LC Valley Battery,小容量谷地バッテリー,저용량 협곡 배터리,Batterie de la Vallée FC,Tal-LC-Batterie,Batteria BC della Valle,Batería de CB del Valle,Bateria CB do Vale,Батарея МЕ Долины,แบตเตอรี่​หุบเขา​ขนาดเล็ก,Pin Thung Lũng Dung Lượng Thấp,Baterai KR Lembah
低容武陵电池,低容量武陵電池,LC Wuling Battery,小容量武陵バッテリー,저용량 무릉 배터리,Batterie de Wuling FC,Wuling-LC-Batterie,Batteria BC di Wuling,Batería de CB de Wuling,Bateria CB de Wuling,Батарея МЕ Улина,แบตเตอรี่​อู่​หลิง​ขนาดเล็ก,Pin Võ Lăng Dung Lượng Thấp,Baterai KR Wuling
山后小径,山後小徑,Leeward Trail,山の小道,산 뒤편 작은 길,Sentier sous le vent,Leewärtspfad,Sentiero sottovento,Sendero de sotavento,Trilha de Sotavento,Подветренная тропа,เส้นทาง​ใต้​ลม,Đường Mòn Khuất Gió,Jalur Lindung Angin
世界翻转,世界翻轉,Let's Flip the World,世界をひっくり返す,세상을 뒤흔들겠어!,Renversons le monde,Lasst uns die Welt auf den Kopf stellen!,Ribaltiamo il mondo,Vamos a voltear el mundo,Vamos Deixar o Mundo de Pernas Para o Ar,Перевернем мир,มา​พลิก​โลก​กัน​เถอะ,Hãy Lật Ngược Thế Giới,Ayo Balikkan Dunia
游戏开始,遊戲開始,Let's Start Playing,ゲームスタート,게임 시작,On joue ?,Spielen wir,"Dai, giochiamo",Comencemos el juego,Vamos Começar a Brincar,Поиграем,มา​เริ่ม​เล่น​กัน​เถอะ,Hãy Bắt Đầu Chơi,Ayo Main
信,信,Letter,手紙,편지,Lettre,Brief,Lettera,Carta,Carta,Письмо,จดหมาย,Bức Thư,Surat
寄向四号谷地外的信,寄向四號谷地外的信,Letter from Valley IV,四号谷地の外に送られた手紙,4번 협곡 밖으로 보내는 편지,Lettre de la Vallée-IV,Brief aus Tal IV,Lettera da Valle IV,Carta desde el Valle IV,Carta de Vale IV,Письмо из Долины IV,จดหมาย​จาก​หุบเขา​ IV,Thư Từ Thung Lũng IV,Surat dari Lembah IV
维特的信,維特的信,Letter from Witte,ウィットの手紙,위테의 편지,Lettre de Witte,Brief von Witte,Lettera da Witte,Carta de Witte,Carta de Witte,Письмо от Витте,จดหมาย​จาก​วิธ,Bức Thư Từ Witte,Surat dari Witte
绝望者的信笺,絕望者的信箋,Letter: A Hopeless Soul,絶望した者の手紙,절망자의 편지,Lettre d'une âme sans espoir,Notiz: Eine hoffnungslose Seele,Lettera: Un'anima senza speranza,Carta: Un alma sin esperanza,Carta: Uma Alma Sem Esperança,Письмо отчаявшейся души,จดหมาย​: ผู้​สิ้นหวัง,Bức Thư: Một Linh Hồn Tuyệt Vọng,Surat: Jiwa yang Putus Asa
忧虑者的信函,憂慮者的信函,Letter: From a Worried Soul,悩んでいる人の手紙,우려하는 자의 편지,Lettre d'un esprit inquiet,Brief von einer besorgten Seele,Lettera: Da un'anima inquieta,Carta: De un alma preocupada,Carta: De uma Alma Preocupada,Письмо от встревоженного человека,จดหมาย​: จาก​ดวงวิญญาณ​ที่​เป็นห่วง,Thư: Từ Người Lo Lắng,Surat: Dari Seseorang yang Gelisah
姑姑的家信,姑姑的家信,Letter: From an Aunt,伯母さんからの手紙,고모의 편지,Lettre d'une tante,Brief: Von einer Tante,Lettera: Da una zia,Carta: De una tía,Carta: De uma Tia,Письмо: от тети,จดหมาย​: จาก​คุณป้า,Thư: Từ Người Dì,Surat: Dari Seorang Bibi
念念未寄出的信,念念未寄出的信,Letter: From Babbles but Never Sent,ネンネンのまだ出していない手紙,염념이 보내지 못한 편지,"Lettre de Babille, non envoyée","Brief: Von Plapperchen, aber nie verschickt","Lettera: Da Babbles, mai inviata","Carta: De Babbles, pero nunca enviada","Carta: De Babbles, mas Nunca Enviada",Письмо: от Бэбблз (неотправленное),จดหมาย​: จาก​เนี่ยน​เนี่ยน​แต่​ไม่ได้​ส่ง,Thư: Từ Lảm Nhảm Nhưng Chưa Từng Gửi,"Surat: Dari Babbles, tapi Tak Pernah Dikirim"
黎风,黎風,Lifeng,リーフォン,여풍,Lifeng,Lifeng,Lifeng,Lifeng,Lifeng,Лифэн,หลี​เ​ฟิง,Lifeng,Lifeng
黎风的信物,黎風的信物,Lifeng's Token,リーフォンの印,여풍의 증표,Jeton de Lifeng,Lifengs Token,Gettone di Lifeng,Ficha de Lifeng,Símbolo de Lifeng,Жетон Лифэна,โท​เคน​ของ​หลี​เ​ฟิง,Tín Vật của Lifeng,Token Lifeng
吊运中枢,吊運中樞,Lifter Central,運搬制御室,리프트 센터,Élévateur central,Zentralaufzug,Centrale di sollevamento,Central de elevadores,Central de Elevação,Центральный подъемник,ลิฟต์​กลาง,Trung Khu Cẩu Nâng,Pusat Pengangkat
轻壤晶,輕壤晶,Light Xircon,軽壌晶,경양정,Xircon léger,Leichtes Xircon,Xircone leggero,Xirconio ligero,Xircônio Leve,Легкий ксиркон,ไลท์​ ซิ​ร์​คอน,Xircon Nhẹ,Xircon Ringan
陵水大观,陵水大觀,Lingshui Vantage,陵水大観,장대한 풍경,Point de vue de Lingshui,Lingshui-Ausblick,Visuale di Lingshui,Alcor de Lingshui,Vantagem de Lingshui,Высота Линшуй,ชัยภูมิ​สำรวจ​หลิง​ชุ่ย,Lợi Thế Thủy Đạo,Titik Pengawasan Lingshui
陵水道,陵水道,Lingshui Way,陵水道,능수길,Allée Lingshui,Lingshui-Weg,Via Lingshui,Camino Lingshui,Caminho de Lingshui,Дорога Линшуй,เส้นทาง​หลิง​ชุ่ย,Lăng Thủy Đạo,Jalan Lingshui
连击,連擊,Link,リンク,연타,Lien,Verbunden,Concatenamento,Enlace,Conexão,Связь,เชื่อมโยง,Liên Kết,Link
林奈的药剂,林奈的藥劑,Linnaeus's Medicine,リンネの薬,린네의 약제,Médicament de Linnaeus,Linnaeus’ Medikament,Medicina di Linnaeus,Medicina de Linneo,Medicamento de Linnaeus,Лекарство Линнея,ยา​ของ​ลิน​เนีย​ส,Thuốc của Linnaeus,Obat Linnaeus
液化重息壤,液化重息壤,Liquid Heavy Xiranite,液化重息壌,액화 중식양,Xiranite lourde liquide,Flüssiges Schweres Xiranit,Xiranite pesante liquida,Xiranita pesada líquida,Xiranita Pesada Líquida,Жидкий тяжелый ксиранит,ซี​เรน​ไนต์​หนัก​แบบ​เหลว,Xiranite Nặng Hóa Lỏng,Xiranite Berat Cair
液化重息壤存放点,液化重息壤存放點,Liquid Heavy Xiranite Storage,液化重息壌貯蔵スポット,액화 중식양 보관 지점,Stockage de xiranite lourde liquide,Flüssiges-Schweres-Xiranit-Vorkommen,Stoccaggio di xiranite pesante liquida,Almacenamiento de Xiranita pesada líquida,Armazenamento de Xiranita Pesada Líquida,Хранилище жидкого тяжелого ксиранита,ที่เก็บ​ซี​เรน​ไนต์​หนัก​แบบ​เหลว,Bể Chứa Xiranite Nặng Hóa Lỏng,Penyimpanan Xiranite Berat Cair
液化重息壤的制造方法,液化重息壤的製造方法,Liquid Heavy Xiranite: Production,"液化<p=""じゅうそくじょう"" padding=0>重息壌</p>の生産方法",액화 중식양의 제작 방법,Xiranite lourde liquide : production,Flüssiges Schweres Xiranit: Produktion,Xiranite pesante liquida: produzione,Xiranita pesada líquida: Producción,Xiranita Pesada Líquida: Produção,Производство жидкого тяжелого ксиранита,ซี​เรน​ไนต์​หนัก​แบบ​เหลว​: การผลิต,Xiranite Nặng Hóa Lỏng: Sản Xuất,Xiranite Berat Cair: Produksi
液化息壤,液化息壤,Liquid Xiranite,液化息壌,액화 식양,Xiranite liquide,Flüssiges Xiranit,Xiranite liquida,Xiranita líquida,Xiranita Líquida,Жидкий ксиранит,ซี​เรน​ไนต์​เหลว,Xiranite Lỏng,Xiranite Cair
液化息壤存放点,液化息壤存放點,Liquid Xiranite Storage,液化息壌貯蔵スポット,액화 식양 보관 지점,Réserve de xiranite liquide,Flüssiges-Xiranit-Lager,Stoccaggio di xiranite liquida,Almacenamiento de Xiranita líquida,Armazenamento de Xiranita Líquida,Хранилище жидкого ксиранита,ที่เก็บ​ซี​เรน​ไนต์​เหลว,Lưu trữ Xiranite Lỏng,Penyimpanan Xiranite Cair
联络区,聯絡區,Listening Post,通信拠点,통신 구역,Poste d'écoute,Kontaktposten,Stazione di ascolto,Puesto de escucha,Posto de Escuta,Пост связи,สถานี​ฟัง,Trạm Do Thám,Pos Dengar
畜牧专业学生的怀疑,畜牧科學生的懷疑,Livestock Student's Doubts,畜産専門の学生が抱く疑問,축산 전공 학생의 의심,Doutes d'un apprenti en élevage,Zweifel des Viehstudenten,Dubbi dello studente di zootecnia,Dudas del estudiante de ganadería,Dúvidas dos Estudantes de Pecuária,Сомнения студента по животноводству,ความสงสัย​ของ​นักเรียน​ปศุสัตว์,Nghi Vấn Của Học Viên Chăn Nuôi,Keraguan Siswa Peternakan
生活区,生活區,Living Sector,生活区画,생활 구역,Secteur d'habitations,Wohnsektor,Settore residenziale,Sector residencial,Setor Residencial,Жилой сектор,ภาค​ส่วน​การอยู่อาศัย,Khu Vực Sinh Sống,Sektor Hunian
液氮塔,液態氮塔,LN Tower,液体窒素塔,액체 질소 타워,Tour AL,FS-Turm,Torretta AL,Torre de NL,Torre de NL,Жидкоазотная вышка,ป้อม​ LN,Tháp LN,Menara NC
液氮塔模板,液態氮塔模板,LN Tower Template,液体窒素塔の設計図,액체 질소 타워 템플릿,Modèle de tour AL,Vorlage: FS-Turm,Schema: torretta AL,Molde de la Torre de NL,Gabarito de Torre de NL,Шаблон жидкоазотной вышки,เทม​เพล​ต​ป้อม​ LN,Mẫu Tháp LN,Templat Menara NC
装卸区,裝卸區,Loading Area,積卸場,하역 구역,Zone de chargement,Ladebereich,Area di carico,Zona de carga,Área de Carregamento,Область загрузки,พื้นที่​โหลด,Khu Vực Tải,Area Pemuatan
锁定,鎖定,Lock On,ロックオン,고정,Verrouillage,Anvisieren,Aggancia,Fijar,Travar Em,Захват цели,ล็อก​เป้า,Khóa Mục Tiêu,Penguncian
储藏箱·锁定,儲藏箱·鎖定,Locked Crate,資源箱·封,잠긴 보물 상자,Caisse verrouillée,Verschlossene Kiste,Cassa chiusa a chiave,Caja sellada,Caixote Trancado,Запертый ящик,ลังที่ถูกล็อก,Thùng Bị Khóa,Peti Terkunci
回收整理备忘·其一,回收整理備忘·其一,Log: Salvaging Op (1),回収と整理に関するメモ・1,회수 정리 메모(1),Registre d'opération de récupération (1),Log: Bergungseinsatz (1),Registro: Operazione di recupero (1),Registro: Operación de recuperación (1),Log: Operação de Recuperação (1),Журнал: операция по сбору вещей (1),บันทึก​: ปฏิบัติการ​เก็บ​กู้​ (1),Nhật Ký: Hoạt Động Thu Hồi (1),Log: Operasi Penyelamatan (1)
回收整理备忘·其二,回收整理備忘·其二,Log: Salvaging Op (2),回収と整理に関するメモ・2,회수 정리 메모(2),Registre d'opération de récupération (2),Log: Bergungseinsatz (2),Registro: Operazione di recupero (2),Registro: Operación de recuperación (2),Log: Operação de Recuperação (2),Журнал: операция по сбору вещей (2),บันทึก​: ปฏิบัติการ​เก็บ​กู้​ (2),Nhật Ký: Hoạt Động Thu Hồi (2),Log: Operasi Penyelamatan (2)
回收整理备忘·其三,回收整理備忘·其三,Log: Salvaging Op (3),回収と整理に関するメモ・3,회수 정리 메모(3),Registre d'opération de récupération (3),Log: Bergungseinsatz (3),Registro: Operazione di recupero (3),Registro: Operación de recuperación (3),Log: Operação de Recuperação (3),Журнал: операция по сбору вещей (3),บันทึก​: ปฏิบัติการ​เก็บ​กู้​ (3),Nhật Ký: Hoạt Động Thu Hồi (3),Log: Operasi Penyelamatan (3)
捕鳞寨民的记录,捕鱗寨民的紀錄,Log: The Stockade Fin Catcher,鱗獣を捕る砦の人の記録,린수를 낚는 청파채 주민의 기록,Journal : attraper l'ailette de la palanque,Log: Der Flösslerfänger der Palisade,Registro: Il pescatore di pinne della Palizzata,Registro: El cazador de aletas de la Empalizada,Log: O Pescador de Barbatanas da Paliçada,Журнал: водоплаволов Циньбо,บันทึก​: นัก​ตกปลา​ประจำ​ค่าย,Nhật Ký: Người Bắt Cá Trại Thanh Ba,Log: Penangkap Ikan Kampung Benteng
运输区,運輸區,Logistics Area,物流区,운송 구역,Zone logistique,Logistikbereich,Area logistica,Área de logística,Área de Logística,Логистическая зона,พื้นที่​โลจิสติกส์,Khu Vực Vận Chuyển,Area Logistik
货运平台,貨運平台,Logistics Platform,物流基地,화물 플랫폼,Plateforme logistique,Logistik-Plattform,Piattaforma logistica,Plataforma logística,Plataforma de Logística,Логистическая платформа,แพลตฟอร์ม​โลจิสติกส์,Cảng Vận Chuyển,Platform Logistik
孤舟,孤舟,Lone Barge,孤舟,고독한 나룻배,Barge solitaire,Einsame Barke,Chiatta solitaria,Barca solitaria,Barcaça Solitária,Одинокая ладья,ตะลุย​เดี่ยว,Thuyền Đơn Độc,Lone Barge
长亭,長亭,Long Pavilion,長亭,장정,Pavillon long,Langer Pavillon,Padiglione lungo,Pabellón Largo,Pavilhão Longo,Длинный павильон,ศาลา​ยาว,Trường Đình,Paviliun Panjang
长路,長路,Long Road,長路,끝없는 여정,Longue route,Langer Weg,Lunga strada,Largo camino,Estrada Longa,Долгий путь,เส้นทาง​ยาว​ไกล,Trường Lộ,Long Road
长耳兽,長耳獸,Long-ear,"<p=""ながみみじゅう"" padding=0>長耳獣</p>",큰 귀 토끼,Longauris,Langohr,Lungorecchi,Orejilarga,Orelha Longa,Длинноух,หู​ยาว,Tai Dài,Kuping Panjang
寻物启事,尋物啟事,Lost Item Notice,尋ね物,물건 찾기 광고,Avis d'objet perdu,Notiz zu verlorenem Gegenstand,Avviso di oggetti smarriti,Aviso de objeto perdido,Aviso de Item Perdido,Объявление о пропаже,ประกาศ​ของ​หาย,Thông Báo Mất Đồ,Pemberitahuan Barang Hilang
移动路线,移動路線,Lotus Leaf: Movement Path,移動ルート,이동 경로,Feuille de lotus : déplacement,Lotusblatt: Bewegungsroute,Foglia di loto: sentiero in movimento,Hoja de loto: trayectoria de movimiento,Folha de Lótus: Caminho do Movimento,Лист лотоса: маршрут,ใบบัว​: เส้นทาง​การ​เคลื่อนที่,Lá Sen: Đường Di Chuyển,Daun Lotus: Jalur Pergerakan
枯萎荷叶,枯萎荷葉,Lotus Leaf: Wilted Variants,枯れた蓮の葉,시든 연꽃잎,Feuille de lotus : variantes flétries,Lotusblatt: welke Varianten,Foglia di loto appassita,Hoja de loto: variantes marchitas,Folha de Lótus: Variantes Murchas,Лист лотоса: увядание,ใบบัว​: ประเภท​ที่​เหี่ยวเฉา,Lá Sen: Biến Thể Héo Úa,Daun Lotus: Varian Layu
工人休息室商人,工人休息室商人,lounge_trade,労働者休憩室商人,노동자 휴게실 상인,Marchand du salon,Lounge-Händler,Mercante della sala,comerciante de sala de descanso,Comerciante do Salão,торговец комнаты отдыха,พ่อค้าห้องนั่งเล่น,Thương Nhân Phòng Chờ,Pedagang Lounge
秀气的字迹,秀氣的字跡,Lovely Handwriting,美しい筆跡,우아한 글씨,Jolie écriture,Schöne Handschrift,Grafia adorabile,Letra bonita,Caligrafia Adorável,Любовно написанная заметка,ลายมือ​น่ารัก,Chữ Viết Tay Xinh Xắn,Tulisan Tangan yang Indah
今日不设防,今日不設防,Lowering the Gard Today,穏やかな一日,무방비 상태,Baissons la garde,Heute mal entspannt,Lasciarsi andare,Bajando la guardia hoy,Abaixando a Guarda Hoje,Ослабить бдительность,ลด​การป้องกัน​ลง​ใน​วันนี้,Thả Lỏng Hôm Nay,Hari Ini Tak Perlu Waspada
限时理智回复液,限時理智恢復液,LTO Sanity Syrup,一時理性回復剤,기간 한정 이성 회복제,Sirop de lucidité à durée limitée,Verstandssirup (zeitlich begrenzt),Sciroppo per la Lucidità (a tempo limitato),Jarabe de Cordura OTL,Xarope de Sanidade OTL,Врем. сироп рассудка,น้ำเชื่อม​ความ​สมดุล​จำกัด​เวลา,Siro Tỉnh Táo có thời hạn,Sirop Sanity OBW
限时武器宝箱十连券,限時武器寶箱十連券,LTO Weapon Crate 10×Cert,10回武器申請券（時限）,기간 한정 무기 보물 상자 10회권,Certificat Caisse d'armes x10 à durée limitée,Zeitlich begrenztes 10er-Waffenkisten-Zerti,Certificato per cassa da 10 armi a tempo limitato,Certificado de caja de armas OTL ×10,Certificado 10× de Caixote de Armas STL,Сертификат х10 на врем. ящик с оружием,ใบอนุญาต​ลัง​อาวุธ​×10 LTO,Chứng Nhận Thùng Vũ khí Có Thời Hạn ×10,Sertif 10× Kerat Senjata OBW
龙爪能量饮料,龍爪能量飲料,Lungclaw Ultra-E,龍爪エナジードリンク,용의 발톱 에너지 드링크,Lungriffe Ultra-E,Lungklaue Ultra-E,Zannalung Ultra-E,Garra Lung Ultra-E,Garralung Ultra-E,Лунокоготь ультра-Э,หลง​คลอ​ว์​ อัล​ตรา​-​อี,Long Trảo Dược Liệu,Ultra-E Cakar Lung
狼之绯,狼之緋,Lupine Scarlet,狼緋,늑대의 혈흔,Lupin écarlate,Scharlachroter Wolf,Lupino scarlatto,Lupina escarlata,Lobo Escarlate,Волчий багрянец,สีชา​ด​แห่ง​หมาป่า,Huyết Lang Đỏ Thẫm,Lupine Scarlet
生物辅助护盾针,生物輔助護盾針,LYNX Aegis Injector,生物補助修理針,생체 보조 보호 주사기,Injecteur d'Aegis LYNX,LUCHS-Aegis-Injektor,Iniettore egida LYNX,Inyector de égida LYNX,Injetor de Aegis LYNX,Щитовой инъектор «Рысь»,หัว​ฉีด​ป้องกัน​ LYNX,Ống Tiêm Hộ Thân LYNX,Injektor Aegis LYNX
生物辅助接驳器,生物輔助接駁器,LYNX Connector,生物補助コンタクタ,생체 보조 접속기,Connecteur LYNX,LUCHS-Anschluss,Connettore LYNX,Conector LYNX,Conector LYNX,Коннектор «Рысь»,ขั้ว​ต่อ​ LYNX,Đầu Nối LYNX,Konektor LYNX
生物辅助接驳器·壹型,生物輔助接駁器·I,LYNX Connector T1,生物補助コンタクタⅠ,생체 보조 접속기 · I,Connecteur LYNX G1,LUCHS-Anschluss S1,Connettore LYNX O1,Conector LYNX T1,Conector LYNX T1,Коннектор «Рысь» К1,ขั้ว​ต่อ​ LYNX T1,Đầu Nối LYNX T1,Konektor LYNX T1
生物辅助接驳器·贰型,生物輔助接駁器·II,LYNX Connector T2,生物補助コンタクタⅡ,생체 보조 접속기 · II,Connecteur LYNX G2,LUCHS-Anschluss S2,Connettore LYNX O2,Conector LYNX T2,Conector LYNX T2,Коннектор «Рысь» К2,ขั้ว​ต่อ​ LYNX T2,Đầu Nối LYNX T2,Konektor LYNX T2
生物辅助胸甲,生物輔助胸甲,LYNX Cuirass,生物補助ベスト,생체 보조 흉갑,Cuirasse LYNX,LUCHS-Kürass,Corazza LYNX,Coraza LYNX,Couraça LYNX,Бронежилет «Рысь»,เกราะ​อก​ LYNX,Giáp Thân LYNX,Cuirass LYNX
生物辅助胸甲·壹型,生物輔助胸甲·I,LYNX Cuirass T1,生物補助ベストⅠ,생체 보조 흉갑 · I,Cuirasse LYNX G1,LUCHS-Kürass-S1,Corazza LYNX O1,Coraza LYNX T1,Couraça LYNX T1,Бронежилет «Рысь» К1,เกราะ​อก​ LYNX T1,Giáp Thân LYNX T1,Cuirass LYNX T1
生物辅助手甲,生物輔助手甲,LYNX Gauntlets,生物補助手袋,생체 보조 금속 장갑,Gantelets LYNX,LUCHS-Fingerhandschuhe,Coprimani LYNX,Guanteletes LYNX,Manoplas LYNX,Рукавицы «Рысь»,ถุงมือ​เกราะ​ LYNX,Giáp Tay LYNX,Gauntlet LYNX
生物辅助手甲·壹型,生物輔助手甲·I,LYNX Gauntlets T1,生物補助手袋Ⅰ,생체 보조 금속 장갑 · I,Gantelets LYNX G1,LUCHS-Fingerhandschuhe S1,Coprimani LYNX O1,Guanteletes LYNX T1,Manoplas LYNX T1,Рукавицы «Рысь» К1,ถุงมือ​เกราะ​ LYNX T1,Giáp Tay LYNX T1,Gauntlet LYNX T1
生物辅助臂甲,生物輔助臂甲,LYNX Gloves,生物補助グローブ,생체 보조 장갑(팔목),Gants LYNX,LUCHS-Handschuhe,Guanti LYNX,Guantes LYNX,Luvas LYNX,Перчатки «Рысь»,ถุงมือ​ LYNX,Găng Tay LYNX,Sarung Tangan LYNX
生物辅助重甲,生物輔助重甲,LYNX Heavy Armor,生物補助重防具,생체 보조 중갑,Armure lourde LYNX,Schwere LUCHS-Rüstung,Armatura pesante LYNX,Armadura pesada LYNX,Armadura Pesada LYNX,Тяжелая броня «Рысь»,เกราะ​หนัก​ LYNX,Giáp Hạng Nặng LYNX,Armor Berat LYNX
生物辅助护板,生物輔助護板,LYNX Slab,生物補助プレート,생체 보조 보호판,Plaque LYNX,LUCHS-Platte,Lastra LYNX,Loseta LYNX,Placa LYNX,Пластина «Рысь»,แผ่น​ LYNX,Tấm Ván LYNX,Lempeng LYNX
操作员的日检记录,操作員的日檢紀錄,Machinist's Daily Inspection Log,操作係の日次点検記録,조작원의 일일 점검 기록,Journal d'inspection quotidienne de machiniste,Log zur täglichen Inspektion des Maschinisten,Registro delle ispezioni tecniche giornaliere,Registro de inspección diaria del maquinista,Log de Inspeção Diária do Maquinista,Журнал ежедневных инспекций механика,บันทึก​การ​ตรวจสอบ​ประจำวัน​ของ​ช่างกล,Nhật Ký Kiểm Tra Hàng Ngày Của Thợ Máy,Log Pemeriksaan Harian Juru Mesin
主能力与副能力,主能力與副能力,Main and Secondary Attributes,メイン能力とサブ能力,주요 능력치와 보조 능력치,Traits principaux et secondaires,Haupt- und Sekundärattribute,Attributi principali e secondari,Atributos Principal y Secundario,Atributos Principais e Secundários,Основной и побочный показатели,คุณสมบัติ​หลัก​และ​รอง,Thuộc Tính Chính và Phụ,Atribut Utama dan Atribut Sekunder
主寨,主寨,Main Fort,主郭,주채,Fort principal,Hauptfort,Forte principale,Fuerte principal,Forte Principal,Главный форт,ป้อมปราการ​หลัก,Pháo Đài Chính,Benteng Utama
总桩办公室,總樁辦公室,Main Pillar Office,総杭執務室,주 기둥 사무실,Bureau du pilier principal,Hauptsäulen-Abteilung,Ufficio della colonna principale,Oficina principal de pilares,Escritório do Pilar Principal,Кабинет в основном столбе,สำนักงาน​เสาหลัก,Trụ Sở Cột Chính,Kantor Pilar Utama
待修缮区,待修繕區,Maintenance Zone,修繕工事区,보수 예정 구역,Zone de maintenance,Wartungszone,Zona di manutenzione,Zona de mantenimiento,Zona de Manutenção,Ремонтная зона,โซน​การ​ซ่อมบำรุง,Khu Vực Bảo Trì,Zona Pemeliharaan
不成型的大结核,不成型的大結核,Malformed Nodule [L],いびつな大晶核,미형성 대결핵,Nodule déformé [G],Deformierter Nodulus [L],Nodulo malformato (L),Nódulo malformado [G],Nódulo Malformado [G],Поврежденное отложение [бол.],ก้อน​ผลึก​ผิดรูป​ [L],Hạch Dị Biến [Lớn],Nodul Cacat [L]
不成型的中结核,不成型的中結核,Malformed Nodule [M],いびつな中晶核,미형성 중결핵,Nodule déformé [M],Deformierter Nodulus [M],Nodulo malformato (M),Nódulo malformado [M],Nódulo Malformado [M],Поврежденное отложение [ср.],ก้อน​ผลึก​ผิดรูป​ [M],Hạch Dị Biến [Trung],Nodul Cacat [M]
不成型的小结核,不成型的小結核,Malformed Nodule [S],いびつな小晶核,미형성 소결핵,Nodule déformé [P],Deformierter Nodulus [S],Nodulo malformato (S),Nódulo malformado [P],Nódulo Malformado [P],Поврежденное отложение [мал.],ก้อน​ผลึก​ผิดรูป​ [S],Hạch Dị Biến [Nhỏ],Nodul Cacat [S]
不成型的大结核,不成型的大結核,Malformed Nodule L,いびつな大晶核,미형성 대결핵,Nodule déformé G,Deformierter Nodulus L,Nodulo malformato L,Nódulo malformado G,Nódulo Malformado G,Поврежденное отложение бол.,ก้อน​ผลึก​ผิดรูป​ L,Hạch Dị Biến Lớn,Nodul Cacat L
不成型的中结核,不成型的中結核,Malformed Nodule M,いびつな中晶核,미형성 중결핵,Nodule déformé M,Deformierter Nodulus M,Nodulo malformato M,Nódulo malformado M,Nódulo Malformado M,Поврежденное отложение ср.,ก้อน​ผลึก​ผิดรูป​ M,Hạch Dị Biến Trung,Nodul Cacat M
不成型的小结核,不成型的小結核,Malformed Nodule S,いびつな小晶核,미형성 소결핵,Nodule déformé P,Deformierter Nodulus S,Nodulo malformato S,Nódulo malformado P,Nódulo Malformado P,Поврежденное отложение мал.,ก้อน​ผลึก​ผิดรูป​ S,Hạch Dị Biến Nhỏ,Nodul Cacat S
癫狂的笔迹,癲狂的筆跡,Maniacal Writings,狂乱が見える筆跡,광기 어린 필체,Écrits délirants,Wahnsinnige Schriften,Scritte maniacali,Escritos maniáticos,Escritos Maníacos,Бредовые записки,ลายมือ​สุด​คลุ้มคลั่ง,Những Ghi Chép Điên Rồ,Tulisan Gila
纸质记录,紙本紀錄,Manuscripts,紙の資料,문서 기록,Manuscrits,Manuskripte,Manoscritti,Manuscritos,Manuscritos,Рукописи,ต้นฉบับ,Bản Thảo,Naskah
地图,地圖,Map,マップ,지도,Carte,Karte,Mappa,Mapa,Mapa,Карта,แผนที่,Bản Đồ,Peta
白垩界卫,白堊界衛,Marble Aggelomoirai,白亜・アンゲロミラ,마블 아겔로미레,Aggelomoires de marbre,Marmor-Aggelomoirai,Aggelomoira marmorea,Aggelomoirai de mármol,Aggelomoirai de Mármore,Мраморная аггел-мойра,มาร์​เบิล​ แอง​เจ​โลม​อ​ย​เร,Aggelomoirai Cẩm Thạch,Marble Aggelomoirai
存续的痕迹,存續的痕跡,Mark of Perseverance,存続の痕跡,존속의 흔적,Marque de persévérance,Mal der Beharrlichkeit,Simbolo di perseveranza,Marca de Perseverancia,Marca da Perseverança,Метка упорства,เครื่องหมาย​แห่ง​ความพากเพียร,Dấu Ấn Bền Bỉ,Tanda Kegigihan
首墩,首墩,Marker Stone,首礎,수돈,Pierre de marquage,Grenzstein,Pietra di demarcazione,Piedra Marcadora,Pedra de Marcação,Межевой камень,หินนำทาง,Đá Ranh Giới,Batu Penanda
首墩环境,首墩環境,Marker Stone Area,首礎の環境,수돈의 환경,Zone de la pierre de marquage,Bereich um den Grenzstein,Area della pietra di demarcazione,Área de la Piedra Marcadora,Área da Pedra de Marcação,Район Межевого камня,พื้นที่​หิน​นำทาง,Khu Vực Đá Ranh Giới,Area Batu Penanda
界石坪,界石坪,Marker Stone Flats,界石広場,경계석 평원,Plaine de la pierre de marquage,Grenzstein-Ebenen,Piazzale della pietra di demarcazione,Llanuras de Piedra Marcadora,Planícies da Pedra de Marcação,Плоскость Межевого камня,ที่ราบ​หิน​นำทาง,Bãi Đá Ranh Giới,Dataran Batu Penanda
界石锁货组,界石鎖貨組,Marker Stone Lock [pkg],界石錠セット,경계석 자물쇠 상품군,Verrou de pierre de marquage [colis],Grenzstein-Stopper [Paket],Blocco della pietra di demarcazione (pacco),Sistema de bloqueo de la Piedra Marcadora [paq.],Trava da Pedra de Marcação [pct],Защита Межевого камня [упак.],ล็อก​หิน​นำทาง​ [แพ็กเกจ​],Khóa Đá Ranh Giới [bộ],Gembok Batu Penanda [pkt]
“毒沼”MK-Ⅰ,「毒沼」MK-I,Marsh Gas Mk I,毒ガスMK-Ⅰ,'포이즌 머드' MK-I,Gaz des marais V1,Sumpfgas Mk I,Torretta a metano v1,Gas de pantano Mk I,Gás do Pântano Mk I,Метановая вышка Mk I,บ่อ​แก๊ส​ Mk I,Khí Mê-tan Mk I,Menara Gas Metana Mk I
“毒沼”MK-Ⅰ模板,「毒沼」MK-I模板,Marsh Gas Mk I Template,毒ガスMK-Ⅰの設計図,'포이즌 머드' MK-I 템플릿,Modèle de gaz des marais V1,Vorlage: Sumpfgas Mk I,Schema: torretta a metano v1,Molde de Gas de pantano Mk I,Gabarito de Gás do Pântano Mk I,Шаблон метановой вышки Mk I,เทม​เพล​ต​บ่อ​แก๊ส​ Mk I,Mẫu Khí Mê-tan Mk I,Templat Menara Gas Metana Mk I
武术修行者的狂言,武術修行者的狂言,Martial Practitioner's Ravings,豪語する武術修行者の言葉,무술 수련자의 허세,Délires d'un pratiquant d'arts martiaux,Wirres Gerede des Kampfsportlers,Deliri di chi pratica arti marziali,Desvaríos de un practicante marcial,Delírios de Praticantes de Artes Marciais,Бредни практика боевых искусств,คำ​เพ้อ​ของ​นัก​ฝึก​ศิลปะ​การต่อสู้,Lời Lảm Nhảm Của Võ Sư,Ocehan Praktisi Bela Diri
寻武者的记录（一）,尋武者的紀錄（一）,Martial Seeker's Log (1),武を求める者の記録（1）,무술의 진리를 찾는 자의 기록(1),Journal de recherches martiales (1),Logbuch des Kampfsportfans (1),Registro del cercatore marziale (1),Registro del buscador marcial (1),Log do Buscador de Artes Marciais (1),Журнал исследователя боевых искусств (1),บันทึก​นักแสวงหา​ศิลปะ​การต่อสู้​ (1),Nhật Ký Kẻ Tìm Kiếm Võ Thuật (1),Log Pencari Ilmu Bela Diri (1)
寻武者的记录（二）,尋武者的紀錄（二）,Martial Seeker's Log (2),武を求める者の記録（2）,무술의 진리를 찾는 자의 기록(2),Journal de recherches martiales (2),Logbuch des Kampfsportfans (2),Registro del cercatore marziale (2),Registro del buscador marcial (2),Log do Buscador de Artes Marciais (2),Журнал исследователя боевых искусств (2),บันทึก​นักแสวงหา​ศิลปะ​การต่อสู้​ (2),Nhật Ký Kẻ Tìm Kiếm Võ Thuật (2),Log Pencari Ilmu Bela Diri (2)
面具残块,面具殘塊,Mask Fragment,マスクの欠片,마스크 조각,Fragment de masque,Maskenfragment,Frammento di maschera,Fragmento de máscara,Fragmento de Máscara,Фрагмент маски,เศษ​หน้ากาก,Mảnh Mặt Nạ,Fragmen Topeng
熟练截击奖章,熟練截擊獎章,Master Interceptor,中断技能勲章,숙련된 요격 훈장,Virtuose de l'interception,Abfangmeister,Intercettazione suprema,Profesional de la interrupción,Interceptador Mestre,Мастер-перехватчик,ผู้​สกัดกั้น​ขั้นสูง,Cao Thủ Chặn Đòn,Ahli Menyela
潘师傅蛋羹,潘師傅蒸蛋,Master Pan's Egg Pudding,ダパン師匠の茶碗蒸し,판 사부의 계란찜,Pudding aux œufs de maître Pan,Meister Pans Eierpudding,Budino all'uovo di mastro Pan,Pudín de huevo del Maestro Pan,Pudim de Ovos do Mestre Pan,Яичный пудинг мастера Пана,พุด​ดิ้ง​ไข่​ของ​มาสเตอร์​แพน,Bánh Pudding Trứng Của Thầy Pan,Puding Telur Pak Pan
潘师傅蛋羹·升级,潘師傅蒸蛋·升級,Master Pan's Egg Pudding Upgrade,ダパン師匠の茶碗蒸し（強化）,판 사부의 계란찜 · 업그레이드,Amélioration du pudding aux œufs de maître Pan,Verbesserung: Meister Pans Eierpudding,Potenziamento: budino all'uovo di mastro Pan,Mejora de Pudín de huevo del Maestro Pan,Upgrade de Pudim de Ovos do Mestre Pan,Улучшение яичного пудинга мастера Пана,อัป​เกรด​พุด​ดิ้ง​ไข่​ของ​มาสเตอร์​แพน,Nâng Cấp Bánh Pudding Trứng Của Thầy Pan,Upgrade untuk Puding Telur Pak Pan
材料收集奖章,材料收集獎章,Material Gathering,素材収集勲章,재료 수집 훈장,Collecte de matériaux,Materialiensammler,Raccolta di materiali,Recolección de materiales,Coleta de Material,Сбор материалов,การ​รวบรวม​วัสดุ,Thu Thập Vật Liệu,Pengumpulan Material
辣炒肉丁,辣炒肉丁,Meat Stir-Fry,角切り肉の辛炒め,매운 볶음 고기,Sauté de viande,Fleischpfanne,Carne saltata,Salteado de carne,Carne Refogada,Мясная поджарка,เนื้อ​ผัด,Thịt Xào,Tumis Daging
辣炒肉丁·升级,辣炒肉丁·升級,Meat Stir-Fry Upgrade,角切り肉の辛炒め（強化）,매운 볶음 고기 · 업그레이드,Amélioration de sauté de viande,Verbesserung: Fleischpfanne,Potenziamento: carne saltata,Mejora de salteado de carne,Upgrade de Carne Refogada,Улучшение мясной поджарки,อัป​เกรด​เนื้อ​ผัด,Nâng Cấp Thịt Xào,Upgrade untuk Tumis Daging
仿荤烩荞花,仿葷燴蕎花,Meaty Buckflower Stew,蕎花の精進煮込み,대체육 메밀꽃 볶음,Ragoût carné de cabranthe,Herzhafter Buchweizenblumen-Eintopf,Stufato di arcofiore al gusto di carne,Guiso carnoso de floracina,Ensopado Suculento de Flor de Cervina,Наваристое рагу из гречецвета,สตู​ว์​เนื้อ​ใส่​ดอก​บัค​วีท,Thịt Hầm Hoa Kiều Mạch,Semur Buckflower Daging
机关柱,機關柱,Mechanism Pillar,仕掛け柱,장치 기둥,Pilier de mécanisme,Mechanismussäule,Colonna meccanica,Pilar de mecanismo,Pilar do Mecanismo,Столб с механизмом,เสา​กลไก,Trụ Cơ Chế,Pilar Mekanisme
机关柱的滑动,機關柱的滑動,Mechanism Pillar: Movement,仕掛け柱の移動,미끄러지는 장치 기둥,Pilier de mécanisme : mouvement,Mechanismussäule: Bewegung,Colonna meccanica: movimento,Pilar de mecanismo: Movimiento,Pilar do Mecanismo: Movimento,Столб с механизмом: перемещение,เสา​กลไก​: การขยับ,Trụ Cơ Chế: Di Chuyển,Pilar Mekanisme: Pergerakan
机关柱的符文,機關柱的符文,Mechanism Pillar: Rune,仕掛け柱の銘文,장치 기둥의 룬,Pilier de mécanisme : rune,Mechanismussäule: Rune,Colonna meccanica: runa,Pilar de mecanismo: Runa,Pilar do Mecanismo: Runa,Столб с механизмом: руна,เสา​กลไก​: รูน,Trụ Cơ Chế: Biểu Tượng,Pilar Mekanisme: Aksara
药品包裹,藥品包裹,Medical Package,薬の荷物,약품 소포,Colis médical,Medikamentenpäckchen,Pacco medico,Empaquetado médico,Pacote Médico,Посылка с лекарствами,หีบห่อ​เวชภัณฑ์,Gói Vật Tư Y Tế,Paket Medis
预备医疗,預備醫療,Medical Reserves,予備治療,예비 의료,Réserves médicales,Medizinische Reserve,Riserve mediche,Reservas médicas,Reservas Médicas,Медицинские резервы,กำลังสำรอง​ทางการแพทย์,Dự Trữ Y Tế,Medical Reserves
医疗塔,醫療塔,Medical Tower,医療塔,의료 타워,Tour médicale,Heilturm,Torretta medica,Torre médica,Torre Médica,Медицинская вышка,ป้อม​การแพทย์,Tháp Y Tế,Menara Medis
医疗塔模板,醫療塔模板,Medical Tower Template,医療塔の設計図,의료 타워 템플릿,Modèle de tour médicale,Vorlage: Heilturm,Schema: torretta medica,Molde de la Torre médica,Gabarito de Torre Médica,Шаблон медицинской вышки,เทม​เพล​ต​ป้อม​การแพทย์,Mẫu Tháp Y Tế,Templat Menara Medis
会议同步记录,會議同步紀錄,Meeting Minutes,議事録,회의 기록본,Procès-verbal de la réunion,Sitzungsprotokolle,Verbale della riunione,Minuta de reunión,Ata da Reunião,Протокол собрания,บันทึก​การประชุม,Biên bản họp,Notula Rapat
留言信标,留言信標,Memo Beacon,伝言ビーコン,전언 신호기,Balise mémo,Notiz-Hologramm,Segnalatore nota,Baliza de mensajes,Sinalizador de Mensagens,Маячок с запиской,สัญญาณ​บันทึก​ข้อความ,Đèn Tín Hiệu Ghi Nhớ,Suar Pandu Memo
留言信标 - 一,留言信標 - 一,Memo Beacon (1),伝言ビーコン - 1,전언 신호기 - 1,Balise mémo (1),Notiz-Hologramm (1),Segnalatore nota (1),Baliza de mensajes (1),Sinalizador de Mensagens (1),Маячок с запиской (1),สัญญาณ​บันทึก​ข้อความ​ (1),Đèn Tín Hiệu Ghi Nhớ (1),Suar Pandu Memo (1)
留言信标 - 二,留言信標 - 二,Memo Beacon (2),伝言ビーコン - 2,전언 신호기 - 2,Balise mémo (2),Notiz-Hologramm (2),Segnalatore nota (2),Baliza de mensajes (2),Sinalizador de Mensagens (2),Маячок с запиской (2),สัญญาณ​บันทึก​ข้อความ​ (2),Đèn Tín Hiệu Ghi Nhớ (2),Suar Pandu Memo (2)
留言信标模板,留言信標模板,Memo Beacon Template,伝言ビーコンの設計図,전언 신호기 템플릿,Modèle de balise mémo,Vorlage: Notiz-Hologramm,Schema: segnalatore nota,Molde de Baliza de mensajes,Gabarito de Sinalizador de Mensagens,Шаблон маячка с запиской,เทม​เพล​ต​สัญญาณ​บันทึก​ข้อความ,Mẫu Đèn Tín Hiệu Ghi Nhớ,Templat Suar Pandu Memo
一张在不同铁笼间传递的纸条（一）,一張在不同鐵籠間傳遞的紙條（一）,Memo Passed Between Cages (1),鉄格子越しにやり取りされたメモ（1）,철창 틈 사이로 주고받은 쪽지(1),Note transmise d'une cage à l'autre (1),"Notiz, die von Käfig zu Käfig gereicht wurde (1)",Biglietto passato da una gabbia all'altra (1),Memorando intercambiado entre celdas (1),Memo Passado entre Jaulas (1),"Записка, передаваемая между клетками (1)",บันทึก​ที่​ส่งผ่าน​ระหว่าง​กรงขัง​ (1),Ghi Chú Truyền Tay Giữa Các Buồng (1),Memo yang Diteruskan Antarkurungan (1)
一张在不同铁笼间传递的纸条（二）,一張在不同鐵籠間傳遞的紙條（二）,Memo Passed Between Cages (2),鉄格子越しにやり取りされたメモ（2）,철창 틈 사이로 주고받은 쪽지(2),Note transmise d'une cage à l'autre (2),"Notiz, die von Käfig zu Käfig gereicht wurde (2)",Biglietto passato da una gabbia all'altra (2),Memorando intercambiado entre celdas (2),Memo Passado entre Jaulas (2),"Записка, передаваемая между клетками (2)",บันทึก​ที่​ส่งผ่าน​ระหว่าง​กรงขัง​ (2),Ghi Chú Truyền Tay Giữa Các Buồng (2),Memo yang Diteruskan Antarkurungan (2)
一张在不同铁笼间传递的纸条（三）,一張在不同鐵籠間傳遞的紙條（三）,Memo Passed Between Cages (3),鉄格子越しにやり取りされたメモ（3）,철창 틈 사이로 주고받은 쪽지(3),Note transmise d'une cage à l'autre (3),"Notiz, die von Käfig zu Käfig gereicht wurde (3)",Biglietto passato da una gabbia all'altra (3),Memorando intercambiado entre celdas (3),Memo Passado entre Jaulas (3),"Записка, передаваемая между клетками (3)",บันทึก​ที่​ส่งผ่าน​ระหว่าง​กรงขัง​ (3),Ghi Chú Truyền Tay Giữa Các Buồng (3),Memo yang Diteruskan Antarkurungan (3)
历史研究者的留言记录,歷史研究者的留言紀錄,Memo Records: A Historian,歴史研究者の録音履歴,역사 연구원의 메시지 기록,Mémos archivés : Une historienne,Memos: Streit unter Historikern,Registri delle note: Una storica,Registros de notas: Un historiador,Registros de Memos: Um Historiador,Записи: историк,บันทึก​ความทรงจำ​: นักประวัติศาสตร์,Hồ Sơ Ghi Chú: Nhà Sử Học,Catatan Memo: Seorang Sejarawan
沮丧者的留言,沮喪者的留言,Memo: A Dejected One,落胆した人のメモ,낙담한 사람이 남긴 메시지,Mémo : découragement,Memo: Entmutigung,Nota: Un'anima avvilita,Memorándum: Un abatido,Memo: Um Desanimado,Подавленная записка,บันทึก​: คน​ท้อแท้​สิ้นหวัง,Ghi Chú: Một Người Chán Nản,Memo: Seorang yang Terpuruk
失望研究者的留言,失望研究者的留言,Memo: A Disappointed Researcher,失望した研究者のメモ,실망한 연구원이 남긴 메시지,Mémo : Un chercheur bien déçu,Memo: Aufzeichnungen eines enttäuschten Forschers,Nota: Un ricercatore deluso,Memorándum: Un investigador decepcionado,Memo: Um Pesquisador Desapontado,Записка: разочарованный исследователь,บันทึก​: นักวิจัย​ผู้ผิด​หวัง,Ghi Chú: Nhà Nghiên Cứu Thất Vọng,Memo: Peneliti yang Kecewa
茫然者的留言,茫然者的留言,Memo: A Lost Person,茫然とする者のメッセージ,망연하는 자가 남긴 메시지,Note d'une personne perdue,Notiz: Eine verlorene Person,Nota: Una persona dispersa,Nota: Una persona perdida,Memo: Uma Pessoa Perdida,Записка: потерявшийся,บันทึก​: คน​หลงทาง,Ghi Chép: Một Kẻ Lạc Lối,Memo: Orang Hilang
坚守者的绝笔,堅守者的絕筆,Memo: A Loyalist's Final Words,守り抜く者の絶筆,사수하는 자의 절필,Mémo : derniers mots d'un loyaliste,Notiz: Letzte Worte eines Getreuen,Nota: Le ultime parole di un fedelissimo,Memorándum: Últimas palabras de alguien leal,Memo: As Últimas Palavras de um Seguidor,Записка: последние слова сторонника,บันทึก​: คำสั่ง​เสีย​สุดท้าย​ของ​ผู้ภักดี,Ghi Chú: Lời Trăn Trối Của Vị Tôi Trung,Memo: Pesan Terakhir Seorang Pengikut Setia
庆幸者的留言,慶幸者的留言,Memo: A Lucky Survivor,幸運な者のメモ,안도하는 자가 남긴 메시지,Mémo : un coup de chance,Notiz: Ein glücklicher Überlebender,Nota: Cronache di sopravvivenza,Memorándum: Un sobreviviente con suerte,Memo: Um Sobrevivente Sortudo,Записка: счастливчик,บันทึก​: ผู้รอดชีวิต​โชคดี,Ghi Chép: Người Sống Sót May Mắn,Memo: Seorang Penyintas yang Beruntung
悼念者的留言,悼念者的留言,Memo: A Mourning Soul,故人を悼む人のメモ,추모하는 자가 남긴 메시지,Mémo : une âme en deuil,Notiz: Eine trauernde Seele,Nota: Un'anima cupa,Memorándum: Un alma en duelo,Memo: Uma Alma em Luto,Записка: скорбящая душа,บันทึก​: ดวงวิญญาณ​อาลัย,Ghi Chép: Linh Hồn Bi Ai,Memo: Orang yang Berduka
驯兽者的惋惜,馴獸者的惋惜,Memo: A Sad Beast Tamer,調教師の嘆き,조련사의 안타까움,Mémo : dompteur de bêtes triste,Notiz: Ein trauriger Bestienzähmer,Nota: La tristezza di un domatore di bestie,Memorándum: Un domador de bestias triste,Memo: Um Domador de Feras Triste,Записка: грустный укротитель,บันทึก​: ผู้เลี้ยงสัตว์​ร้าย​ผู้​โศกเศร้า,Ghi Chú: Từ Đại Sư Quái Thú U Sầu,Memo: Penjinak Hewan Buas yang Sedih
谋划者的留言,謀劃者的留言,Memo: A Schemer,計画者の言葉,반란자가 남긴 메시지,Mémo : conspiration,Notiz: Ein Ränkeschmied,Nota: Cospirazione,Memorándum: Un conspirador,Memo: Um Estrategista,Записка: манипулятор,บันทึก​: ผู้​วางแผน,Ghi Chú: Kẻ Chủ Mưu,Memo: Tukang Tipu
感慨者的留言,感慨者的留言,Memo: A Sentimental One,感慨にふける人のメモ,감회하는 자가 남긴 메시지,Mémo : sentimentalisme,Notiz: Sentimentalität,Memo: Una questione sentimentale,Memorándum: Un mensaje sentimental,Memo: Alguém Sentimental,Записка: сентиментальный человек,บันทึก​: คน​ครุ่นคิด,Ghi Chép: Người Đa Cảm,Memo: Orang yang Sentimental
固执者的留言,固執者的留言,Memo: A Stubborn Person,頑固な者のメッセージ,고집스러운 자가 남긴 메시지,Note d'une personne bornée,Notiz: Eine störrische Person,Nota: Una persona testarda,Nota: Una persona obstinada,Memo: Uma Pessoa Teimosa,Записка: стоик,บันทึก​: คน​หัวดื้อ,Ghi Chú: Một Kẻ Cứng Đầu,Memo: Orang yang Keras Kepala
反叛者的留言,反叛者的留言,Memo: A Traitor,反逆者のメモ,반란자가 남긴 메시지,Mémo : traîtrise,Notiz: Ein Verräter,Nota: Tradimento,Memorándum: Un traidor,Memo: Um Traidor,Записка: предатель,บันทึก​: คน​ทรยศ,Ghi Chú: Kẻ Phản Bội,Memo: Pengkhianat
苦恼者的留言,苦惱者的留言,Memo: A Troubled One,苦悩する人のメモ,고뇌하는 사람의 메시지,Mémo : trouble,Memo: Aufgewühltheit,Nota: Un'anima in pena,Memorándum: Alguien con problemas,Memo: Alguém em Apuros,Встревоженная записка,บันทึก​: เจ้า​ปัญหา,Ghi Chú: Một Người Gặp Rắc Rối,Memo: Orang yang Gundah
忧心者的留言,憂心者的留言,Memo: A Worried Person,心配する人のメモ,걱정하는 자가 남긴 메시지,Mémo : inquiétude,Notiz: Eine besorgte Person,Nota: Una persona preoccupata,Memorándum: Una persona preocupada,Memo: Uma Pessoa Preocupada,Записка: обеспокоенный человек,บันทึก​: คน​ขี้​กังวล,Ghi Chép: Người Lo Lắng,Memo: Seseorang yang Khawatir
玄奥的留言,玄奧的留言,Memo: An Abstruse Message,深遠なメモ,현묘한 메시지,Mémo : un message obscur,Notiz: Eine verworrene Botschaft,Nota: Un messaggio oscuro,Memorándum: Un mensaje críptico,Memo: Uma Mensagem Incompreensível,Записка: загадочное послание,บันทึก​: ข้อความ​อัน​ซับซ้อน,Ghi Chú: Nhắn Gửi Sâu Sắc,Memo: Pesan yang Sulit Dipahami
钓鳞者的愤怒留言,釣鱗者的憤怒留言,Memo: An Angry Angler,釣りをする人の怒りのメモ,린수 낚시꾼의 분노 섞인 메모,Mémo : un pêcheur en colère,Notiz: Ein zorniger Angler,Nota: Un pescatore arrabbiato,Memorándum: Un pescador furioso,Memo: Um Pescador Irritado,Записка: рассерженный удильщик,บันทึก​: นัก​ตกปลา​โกรธ​เกรี้ยว,Ghi Chép: Ngư Dân Tức Giận,Memo: Pemancing yang Kesal
冒进者的留言,冒進者的留言,Memo: An Audacious One,向こう見ずな者のメモ,무모한 자가 남긴 메시지,Mémo : audace sans pareille,Notiz: Kühnheit,Nota: Parole audaci,Memorándum: Una persona audaz,Memo: Uma Pessoa Corajosa,Записка: смельчак,บันทึก​: คน​กล้า​ลุย​กล้าเสี่ยง,Ghi Chép: Kẻ Táo Bạo,Memo: Seorang yang Berani
疲惫天师的留言,疲憊天師的留言,Memo: An Exhausted Tianshi,疲れた天師のメモ,지친 천사가 남긴 메시지,Mémo : un Tianshi épuisé,Notiz: Tianshi voller Erschöpfung,Nota: Un Tianshi esausto,Memorándum: Un Tianshi agotado,Memo: Um Tianshi Exausto,Записка: измученный Тяньши,บันทึก​: เทียน​ซือ​เหนื่อยล้า,Ghi Chép: Thiên Sư Kiệt Sức,Memo: Tianshi yang Lelah
闲聊者的留言,閒聊者的留言,Memo: An Idler,おしゃべり好きな人のメモ,잡담꾼의 메시지,Note oisive,Memo: Ein Faulpelz,Nota: Oziare,Memorándum: Un ocioso,Memo: Um Preguiçoso,Записка зеваки,บันทึก​: คน​เกียจคร้าน,Ghi chú: Một kẻ nhàn rỗi,Memo: Orang yang Tidak Berbuat Apa-apa
检测者的备忘,檢測者的備忘錄,Memo: An Inspector,測定者のメモ,측정자의 메모,Mémo : un inspecteur,Notiz: Inspektion,Nota: Un ispettore,Nota: Un inspector,Memo: Um Inspetor,Записка: инспектор,บันทึก​: ผู้ตรวจสอบ,Ghi Chép: Thanh Tra,Memo: Seorang Inspektur
蛊惑者的留言（一）,蠱惑者的留言（一）,Memo: An Instigator (1),扇動者のメモ（1）,선동자가 남긴 메시지(1),Mémo : incitation (1),Notiz: Ein Aufwiegler (1),Nota: Istigazione (1),Memorándum: Un instigador (1),Memorando: Um Instigador (1),Записка: зачинщик (1),บันทึก​: ผู้​ปลุกปั่น​ (1),Ghi Chú: Kẻ Kích Động (1),Memo: Penghasut (1)
蛊惑者的留言（二）,蠱惑者的留言（二）,Memo: An Instigator (2),扇動者のメモ（2）,선동자가 남긴 메시지(2),Mémo : incitation (2),Notiz: Ein Aufwiegler (2),Nota: Istigazione (2),Memorándum: Un instigador (2),Memorando: Um Instigador (2),Записка: зачинщик (2),บันทึก​: ผู้​ปลุกปั่น​ (2),Ghi Chú: Kẻ Kích Động (2),Memo: Penghasut (2)
观景者的留言,觀景者的留言,Memo: An Observer,景色を眺める者のメモ,경치를 감상하던 사람의 메시지,Mémo : un observateur,Memo: Ein Beobachter,Nota: Osservazione,Memorándum: Un observador,Memo: Um Observador,Записка: наблюдатель,บันทึก​: ผู้สังเกตการณ์,Ghi chú: Người Quan Sát,Memo: Seorang Pengamat
应龙队员的备忘录,應龍隊員的備忘錄,Memo: An Yinglung,応龍隊員のメモ帳,응룡 대원의 비망록,Mémo : Yinglung,Notiz: Ein Yinglung,Nota: Uno/a Yinglung,Nota: Un Yinglung,Memo: Um Yinglung,Записка: боец «Инлуна»,บันทึก​: หน่วย​ห​ยิง​หลง,Ghi Chú: Một Đặc Nhiệm Yinglung,Memo: Anggota Yinglung
牺牲应龙的留声,犧牲應龍的留聲,Memo: An Yinglung Who Fell,犠牲になった応龍隊員のメモ,전사한 응룡 대원이 남긴 음성,Note d'un membre des Yinglungs tombé au combat,"Notiz: Ein Yinglung, der fiel",Nota: Un Yinglung caduto,Nota: Un Yinglung caído,Memo: Um Yinglung que Não Resistiu,Записка: павший боец «Инлуна»,บันทึก​: ห​ยิง​หลง​ผู้​ล้ม​ลง,Ghi Chú: Một Đội Đặc Nhiệm Đã Ngã Xuống,Memo: Seorang Yinglung yang Gugur
驮兽饲养员的备忘,馱獸飼養員的備忘錄,Memo: Burdenbeast Handler,駄獣飼育員のメモ,버든비스트 사육사의 메모,Mémo : soigneur de bête de somme,Memo: Monsterbestienbändiger,Nota: Responsabile delle bestie da soma,Memorándum: Encargado de bestia de carga,Memo: Treinador de Besta de Carga,Записка: погонщик вьючников,บันทึก​: ผู้ควบคุม​สัตว์​บรรทุก​ภาระ,Ghi Chú: Người Điều Khiển Quái Thú Chở Hàng,Memo: Pawang Burdenbeast
出差者的留言,出差者的留言,Memo: Business Traveler,出張者のメモ,출장 간 사람이 남긴 메시지,Note d'un homme d'affaires,Memo: Geschäftsreise,Nota: Viaggio d'affari,Memorándum: Viajero de negocios,Memo: Viajante de Negócios,Деловая записка,บันทึก​: นักเดินทาง​เพื่อ​ธุรกิจ,Ghi chú: Thương Nhân Lang Thang,Memo: Orang yang sedang Menempuh Perjalanan Bisnis
呼吁避难的留言,呼籲避難的留言,Memo: Call for Evac,避難を呼びかけるメモ,대피 요청 메시지,Mémo : appel d'évacuation,Memo: Evakuierung,Nota: Richiesta di evacuazione,Memorándum: Llamado de evacuación,Memo: Chamada para Evacuação,Записка: призыв к эвакуации,บันทึก​: คำร้องขอ​การอพยพ,Ghi chú: Kêu gọi sơ tán,Memo: Panggilan Evakuasi
庆祝重启的留言,慶祝重啟的留言,Memo: Celebrate the Reopening,再稼働を祝うメッセージ,재가동 축하 메시지,Mémo : célébrer la réouverture,Memo: Wiedereröffnungsfeier,Nota: Festeggiamo la riapertura,Memorándum: Celebrar la reapertura,Memo: Comemoração da Reabertura,Записка: празднование повторного открытия,บันทึก​: เฉลิมฉลอง​การ​เปิด​ใหม่,Ghi chú: Chúc Mừng Khai Trương Lại,Memo: Merayakan Pembukaan Kembali
集装箱清理者的留言,貨櫃箱清理者的留言,Memo: Container Crate Cleaner,コンテナ整理係のメモ,컨테이너 정리 담당의 메시지,Mémo : nettoyage de conteneurs,Memo: Containergucker,Nota: Responsabile della pulizia dei contenitori,Memorándum: Limpiador de contenedores de carga,Memo: Limpador de Contêineres,Записка: чистильщик контейнеров,บันทึก​: เจ้าหน้าที่​ทำความสะอาด​ลัง,Ghi chú: Dọn Dẹp Thùng Hàng,Memo: Pembersih Kerat Kontainer
申请降温装置的留言,申請降溫裝置的留言,Memo: Cooling Facility Required,冷却装置を申請するメモ,냉각 장치 신청 메시지,Mémo : installation de refroidissement nécessaire,Memo: Kühlanlage benötigt,Nota: Richiesta struttura di raffreddamento,Memorándum: Se requiere instalación de enfriamiento,Memo: Necessidade de Instalação de Resfriamento,Записка: требуется система охлаждения,บันทึก​: ต้องการ​สิ่งอำนวยความสะดวก​การ​ระบาย​ความร้อน,Ghi chú: Cần Cơ Sở Làm Mát,Memo: Butuh Fasilitas Pendingin
仓库守卫的备忘,倉庫守衛的備忘錄,Memo: Depot Guard,倉庫の警備員のメモ,창고 경비원의 메모,Mémo : garde d'entrepôt,Memo: Depot-Wächter,Nota: Difesa del deposito,Memorándum: Guardia del depósito,Memo: Guarda do Depósito,Записка: страж склада,บันทึก​: ยาม​เฝ้า​คลังสินค้า,Ghi Chú: Vệ Binh Kho Hàng,Memo: Penjaga Depot
灰心寨民的留言,灰心寨民的留言,Memo: Discouraged Stockade Resident,落胆した砦の住民のメモ,낙담한 청파채 주민이 남긴 메시지,Mémo : palanquienne découragée,Notiz: Mutloser Palisadenbewohner,Nota: Residente della Palizzata scoraggiato,Memorándum: Residente de la empalizada desanimado,Memo: Habitante da Paliçada Desanimado,Записка: удрученный житель лагеря,บันทึก​: ผู้อยู่อาศัย​ใน​ค่าย​ที่​ท้อแท้,Ghi Chú: Dân Trại Nản Chí,Memo: Warga Kampung Benteng yang Kecewa
紧急留言,緊急留言,Memo: Emergency,緊急のメモ,긴급 메시지,Mémo : urgence,Memo: Notfall,Nota: Emergenza,Memorándum: Emergencia,Memo: Emergência,Записка: чрезвычайная ситуация,บันทึก​: เหตุฉุกเฉิน,Ghi chú: Khẩn Cấp,Memo: Darurat
情绪激动的留言,情緒激動的留言,Memo: Extremely Emotional,感情的なメモ,격해진 감정으로 남긴 메시지,Mémo : émotivité exacerbée,Memo: Extrem emotional,Nota: Estrema emotività,Memorándum: Extremadamente emocional,Memo: Extremamente Emocional,Записка: крайне эмоциональная,บันทึก​: บีบคั้น​อารมณ์​แบบ​สุ​ดๆ,Ghi chú: Vô Cùng Kích Động,Memo: Sangat Emosional
宣扬仇恨的留言,宣揚仇恨的留言,Memo: Fanning the Hatred,憎しみをあおるメモ,증오를 선동하는 메시지,Mémo : attiser la haine,Notiz: Hass befeuern,Nota: Alimentare l'odio,Memorándum: Avivando el odio,Memo: Alimentando o Ódio,Записка: разжигая ненависть,บันทึก​: การ​สุมไฟ​แค้น,Ghi Chú: Thổi Bùng Hận Thù,Memo: Menyulut Kebencian
予后来者书,予後來者書,Memo: For Posterity,後から来る者へ遺す書,후발자에게 남기는 글,Notes pour la postérité,Notiz: An die Nachwelt,Nota: Ai posteri,Nota: A la posteridad,Memo: Para a Posteridade,Записка для потомков,บันทึก​: เพื่อ​ชน​รุ่นหลัง,Ghi Chú: Lưu Cho Hậu Thế,Memo: Untuk Generasi Mendatang
工人留言,工人留言,Memo: From a Crew Mate,作業員のメモ,작업자의 메시지,Note d'un membre de l'équipe,Memo: Von einem Crewmitglied,Nota: Da un membro del personale,Memorándum: De un miembro de la tripulación,Memo: De um Companheiro de Equipe,Записка от сотрудника,บันทึก​: จาก​เพื่อน​ลูกเรือ,Ghi chú: Từ một Thành Viên Công Đoàn,Memo: Dari Rekan Kru
组织探病的留言,安排探病的留言,Memo: Group Visit for an Injured Friend,お見舞いを呼びかけるメモ,문병 가자고 한 사람의 메시지,Mémo : visite groupée à un ami blessé,Notiz: Gruppenbesuch bei einem verwundeten Freund,Nota: Visita di gruppo a un amico ferito,Memorándum: Visita en grupo a un amigo herido,Memo: Visita em Grupo a um Amigo Ferido,Записка: группа посетителей к раненому другу,บันทึก​: รวมกลุ่ม​ไป​เยี่ยม​เพื่อน​ที่​บาดเจ็บ,Ghi Chép: Nhóm Viếng Thăm Người Bạn Bị Thương,Memo: Kunjungan Bersama untuk Teman yang Terluka
工具店店主的留言,工具店老闆的留言,Memo: Hardware Store Owner,道具屋店主の記録,공구점 주인이 남긴 메시지,Note du propriétaire du magasin de matériel,Memo: Baumarktbesitzer,Nota: Rivenditrice di attrezzature,Memorándum: Dueño de ferretería,Memo: Proprietário da Loja de Ferragens,Записка владельца магазина инструментов,บันทึก​: เจ้าของร้าน​ฮาร์ดแวร์,Ghi chú: Chủ Cửa Hàng Phần Cứng,Memo: Pemilik Toko Perkakas
匆忙传递的纸条,匆忙傳遞的紙條,Memo: Hurried Written and Delivered,慌てて渡されたメモ,급히 주고받은 쪽지,Mémo écrit et envoyé à la hâte,Notiz: Schnell geschrieben und ausgeliefert,Nota scritta e consegnata in fretta,Memorándum: Escrito y entregado con prisa,Memo: Escrito e Entregue às pressas,Записка: написано и доставлено в спешке,บันทึก​: เขียน​และ​ส่ง​ด้วย​ความเร่ง​รีบ,Ghi Chú: Tốc Ký Và Giao Hàng,Memo: Ditulis dan Dikirimkan Terburu-Buru
得见光明者的留言,得見光明者的留言,Memo: I've Seen the Light,光を見出した者のメモ,빛을 본 자의 메시지,Mémo : j'ai vu la lumière,Memo: Erkenntnis,Nota: Ho visto la luce,Memorándum: He visto la luz,Memo: Eu Vi a Luz,Записка: надежда жива,บันทึก​: ฉัน​ได้​มองเห็น​แสงสว่าง​แล้ว,Ghi chú: Tôi đã nhìn thấy ánh sáng,Memo: Aku Lihat Cahaya
清洁人员的留言,清潔人員的留言,Memo: Janitor,清掃員のメモ,청소 담당의 메시지,Note du concierge,Memo: Hausmeister,Nota: Inserviente,Memorándum: Conserje,Memo: Zelador,Записка уборщика,บันทึก​: พนักงาน​ทำความสะอาด,Ghi chú: Người quét dọn,Memo: Petugas Kebersihan
新人巡林员的备忘录（一）,新人巡林員的備忘錄（一）,Memo: Junior Ranger (1),新人巡林員のメモ帳（1）,신입 산림 관리원의 메모(1),Mémo : ranger junior (1),Memo: Junior-Ranger (1),Nota: Ranger in erba (1),Memorándum: Guardabosques novato (1),Memo: Patrulheiro Júnior (1),Записка: младший рейнджер (1),บันทึก​: เรนเจอร์​ฝึกหัด​ (1),Ghi Chú: Tân Binh Kiểm Lâm (1),Memo: Jagawana Junior (1)
新人巡林员的备忘录（二）,新人巡林員的備忘錄（二）,Memo: Junior Ranger (2),新人巡林員のメモ帳（2）,신입 산림 관리원의 메모(2),Mémo : ranger junior (2),Memo: Junior-Ranger (2),Nota: Ranger in erba (2),Memorándum: Guardabosques novato (2),Memo: Patrulheiro Júnior (2),Записка: младший рейнджер (2),บันทึก​: เรนเจอร์​ฝึกหัด​ (2),Ghi Chú: Tân Binh Kiểm Lâm (2),Memo: Jagawana Junior (2)
新人巡林员的备忘录（三）,新人巡林員的備忘錄（三）,Memo: Junior Ranger (3),新人巡林員のメモ帳（3）,신입 산림 관리원의 메모(3),Mémo : ranger junior (3),Memo: Junior-Ranger (3),Nota: Ranger in erba (3),Memorándum: Guardabosques novato (3),Memo: Patrulheiro Júnior (3),Записка: младший рейнджер (3),บันทึก​: เรนเจอร์​ฝึกหัด​ (3),Ghi Chú: Tân Binh Kiểm Lâm (3),Memo: Jagawana Junior (3)
新人巡林员的备忘录（四）,新人巡林員的備忘錄（四）,Memo: Junior Ranger (4),新人巡林員のメモ帳（4）,신입 산림 관리원의 메모(4),Mémo : ranger junior (4),Memo: Junior-Ranger (4),Nota: Ranger in erba (4),Memorándum: Guardabosques novato (4),Memo: Patrulheiro Júnior (4),Записка: младший рейнджер (4),บันทึก​: เรนเจอร์​ฝึกหัด​ (4),Ghi Chú: Tân Binh Kiểm Lâm (4),Memo: Jagawana Junior (4)
忧郁天师的留言（一）,憂鬱天師的留言（一）,Memo: Melancholy Tianshi (1),憂える天師の言葉（1）,우울한 천사의 메시지(1),Mémo : Tianshi mélancolique (1),Memo: Melancholischer Tianshi (1),Nota: Melanconia Tianshi (1),Memorándum: Tianshi melancólico (1),Memo: Tianshi Melancólico (1),Записка: меланхоличный Тяньши (1),บันทึก​: ความ​โศกเศร้า​ของ​เทียน​ซือ​ (1),Ghi Chú: Thiên Sư U Sầu (1),Memo: Tianshi Melankolis (1)
忧郁天师的留言（二）,憂鬱天師的留言（二）,Memo: Melancholy Tianshi (2),憂える天師の言葉（2）,우울한 천사의 메시지(2),Mémo : Tianshi mélancolique (2),Memo: Melancholischer Tianshi (2),Nota: Melanconia Tianshi (2),Memorándum: Tianshi melancólico (2),Memo: Tianshi Melancólico (2),Записка: меланхоличный Тяньши (2),บันทึก​: ความ​โศกเศร้า​ของ​เทียน​ซือ​ (2),Ghi Chú: Thiên Sư U Sầu (2),Memo: Tianshi Melankolis (2)
矿工的留言,礦工的留言,Memo: Miner,坑夫のメモ,광부의 메시지,Mémo : mineur,Memo: Bergarbeiter,Nota: Minatore,Memorándum: Minero,Memo: Mineiro,Записка: шахтер,บันทึก​: คนงาน​เหมือง,Ghi chú: Thợ mỏ,Memo: Penambang
翻山者的留言,翻山者的留言,Memo: Mountaineer,山を越える者のメモ,산을 넘은 자의 메시지,Mémo : alpiniste,Memo: Bergsteiger,Nota: Alpinista,Memorándum: Alpinista,Memo: Montanhista,Записка: альпинист,บันทึก​: นัก​ปีน​เขา,Ghi chú: Người Leo Núi,Memo: Pendaki Gunung
乘错竹筏者的留言,乘錯竹筏者的留言,Memo: One Who Took the Wrong Raft,間違ったいかだに乗った人のメモ,뗏목을 잘못 탄 사람의 메시지,Mémo : celui qui a pris le mauvais canot,Memo: Wer auf das falsche Floß aufstieg,Nota: Chi ha preso la zattera sbagliata,Memorándum: Alguien que tomó la balsa equivocada,Memo: Aquele Que Embarcou na Jangada Errada,Записка: кто взял не тот плот,บันทึก​: คน​ขึ้น​แพ​ผิด​ลำ,Ghi Chú: Người Lấy Nhầm Bè,Memo: Penumpang yang Salah Naik Rakit
源石研究员的留言,源石研究員的留言,Memo: Originium Scientist,源石研究員のメモ,오리지늄 연구원의 메시지,Mémo : sciences de l'originium,Memo: Originium-Forscher,Nota: Specialista di Originium,Memorándum: Científico de Originio,Memo: Cientista de Originium,Записка: специалист по ориджинию,บันทึก​: นักวิทยาศาสตร์​ออ​ริ​จิ​เนียม,Ghi chú: Nhà Khoa Học Originium,Memo: Ilmuwan Originium
绘画者的留言,繪畫者的留言,Memo: Painter,絵を描く者のメモ,화가의 메시지,Mémo : peintre,Memo: Maler,Nota: Artista,Memorándum: Pintor,Memo: Pintor,Записка: художник,บันทึก​: จิตรกร,Ghi chú: Họa Sĩ,Memo: Pelukis
劝说的留言,勸說的留言,Memo: Piece of Advice,説得の言葉が書かれているメモ,권고하는 메시지,Note : petit conseil,Memo: Ein Ratschlag,Nota: Consiglio,Memorándum: Consejo,Memo: Um Conselho,Записка: совет,บันทึก​: คำแนะนำ​บางส่วน,Ghi Chú: Lời Khuyên,Memo: Sedikit Saran
竹筏维修者的留言,竹筏維修者的留言,Memo: Raft Maintenance,いかだ整備員のメモ,뗏목 수리공이 남긴 메시지,Mémo : entretien des canots,Notiz: Floßwartung,Nota: Manutenzione delle zattere,Memorándum: Mantenimiento de balsas,Memo: Manutenção da Jangada,Записка: обслуживание плотов,บันทึก​: การซ่อมแซม​แพ,Ghi Chú: Bảo Dưỡng Bè,Memo: Pemeliharaan Rakit
研究者的备忘（一）,研究者的備忘錄（一）,Memo: Researcher's Notes (1),研究者のメモ（1）,연구원의 메모(1),Mémo : notes de recherche (1),Memo: Forschernotizen (1),Nota: Appunti di ricerca (1),Memorándum: Notas de investigación (1),Memo: Notas do Pesquisador (1),Записка: заметки исследователя (1),บันทึก​: บันทึก​ของ​นักวิจัย​ (1),Ghi Chú: Ghi Chú Của Nhà Nghiên Cứu (1),Memo: Catatan Peneliti (1)
研究者的备忘（二）,研究者的備忘錄（二）,Memo: Researcher's Notes (2),研究者のメモ（2）,연구원의 메모(2),Mémo : notes de recherche (2),Memo: Forschernotizen (2),Nota: Appunti di ricerca (2),Memorándum: Notas de investigación (2),Memo: Notas do Pesquisador (2),Записка: заметки исследователя (2),บันทึก​: บันทึก​ของ​นักวิจัย​ (2),Ghi Chú: Ghi Chú Của Nhà Nghiên Cứu (2),Memo: Catatan Peneliti (2)
研究者的备忘（三）,研究者的備忘錄（三）,Memo: Researcher's Notes (3),研究者のメモ（3）,연구원의 메모(3),Mémo : notes de recherche (3),Memo: Forschernotizen (3),Nota: Appunti di ricerca (3),Memorándum: Notas de investigación (3),Memo: Notas do Pesquisador (3),Записка: заметки исследователя (3),บันทึก​: บันทึก​ของ​นักวิจัย​ (3),Ghi Chú: Ghi Chú Của Nhà Nghiên Cứu (3),Memo: Catatan Peneliti (3)
研究者的备忘（四）,研究者的備忘錄（四）,Memo: Researcher's Notes (4),研究者のメモ（4）,연구원의 메모(4),Mémo : notes de recherche (4),Memo: Forschernotizen (4),Nota: Appunti di ricerca (4),Memorándum: Notas de investigación (4),Memo: Notas do Pesquisador (4),Записка: заметки исследователя (4),บันทึก​: บันทึก​ของ​นักวิจัย​ (4),Ghi Chú: Ghi Chú Của Nhà Nghiên Cứu (4),Memo: Catatan Peneliti (4)
二手终端上的留言,二手終端上的留言,Memo: Secondhand Terminal,中古端末に残されたメッセージ,중고 단말기에 남겨진 메시지,Mémo : terminal d'occasion,Memo: Secondhand-Terminal,Nota: Terminale di seconda mano,Memorándum: Terminal de segunda mano,Memo: Terminal de Segunda Mão,Записка: подержанный терминал,บันทึก​: เทอร์​มิ​นัล​มือสอง,Ghi Chú: Thiết Bị Cũ,Memo: Terminal Bekas
带暗号的留言,帶暗號的留言,Memo: Secret Code,暗号付きのメッセージ,암호가 섞인 메시지,Mémo : code secret,Notiz: Geheimer Code,Nota: Codice segreto,Memorándum: Código secreto,Memo: Código Secreto,Записка: тайный шифр,บันทึก​: รหัสลับ,Ghi Chú: Mật Mã,Memo: Kode Rahasia
午休者的留言,午休者的留言,Memo: Siesta Taker,昼休み中の人の記録,점심 먹고 쉬던 사람의 메시지,Note du candidat de Siesta,Memo: Siesta,Nota: Acquirente di Siesta,Memorándum: Tomar una siesta,Memo: Mestre da Siesta,Составленная во время сиесты записка,บันทึก​: เซียส​ตา​ เทค​เกอร์,Ghi chú: Siesta Taker,Memo: Pencari Siesta
感谢者的留言,感謝者的留言,Memo: Sincere Gratitude,感謝する者のメモ,감사를 전하는 메시지,Mémo : profonde gratitude,Memo: Aufrichtiger Dank,Nota: Sincera gratitudine,Memorándum: Agradecimiento sincero,Memo: Gratidão Sincera,Записка: искренняя благодарность,บันทึก​: ขอบคุณ​อย่างจริงใจ,Ghi chú: Lòng Biết Ơn Chân Thành,Memo: Ucapan Terima Kasih yang Tulus
写生者的备忘录,寫生者的備忘錄,Memo: Sketcher,写生する人のメモ帳,그림 그리는 사람의 메모,Mémo : un artiste,Memo: Zeichner,Nota: Disegnatore,Memorándum: Dibujante,Memo: Desenhista,Записка: рисовальщик,บันทึก​: นัก​วาดภาพ,Ghi Chú: Người Phác Thảo,Memo: Pembuat Sketsa
劝说者的留言,勸說者的留言,Memo: Someone's Advice,説得の言葉が書かれているメモ,설득하는 사람이 남긴 메시지,Note : conseil anonyme,Notiz: Ein Ratschlag,Nota: Consiglio,Memorándum: El consejo de alguien,Memo: Recomendação de alguém,Записка: чей-то совет,บันทึก​: คำแนะนำ​จาก​ใคร​บางคน,Ghi Chép: Lời Khuyên Của Ai Đó,Memo: Saran Seseorang
进货备忘,進貨備忘錄,Memo: Stock Purchase,仕入れメモ,화물 입고 메모,Mémo : achat de réserve,Memo: Vorratserwerb,Nota: Acquisto scorte,Memorándum: Compra de inventario,Memo: Compra de Estoque,Записка: закупки,บันทึก​: การ​ซื้อ​สินค้า​คงคลัง,Ghi Chú: Mua Vật Tư,Memo: Pembelian Stok
提醒打针的留言,提醒打針的留言,Memo: Take Your Meds,注射に関するメモ,주사 알림 메시지,Mémo : prenez vos médocs,Memo: Medikamente nicht vergessen!,Nota: Prendere i medicinali,Memorándum: Toma tus medicamentos,Memo: Tome seus remédios,Записка: прием лекарств,บันทึก​: โปรด​รับประทาน​ยา​ของ​คุณ,Ghi chú: Hãy Uống Thuốc Của Cậu,Memo: Minum Obatmu
坚定者的留言,堅定者的留言,Memo: The Determined,意志の固い者のメモ,굳센 자가 남긴 메시지,Mémo : détermination,Notiz: Die Entschlossenen,Nota: Determinazione,Memorándum: El decidido,Memo: Os Determinados,Записка: решимость,บันทึก​: ผู้​มุ่งมั่น,Ghi Chú: Người Kiên Quyết,Memo: Orang yang Gigih
看守者的留言,看守者的留言,Memo: The Guard,見張りのメモ,경비원이 남긴 메시지,Mémo : garde,Notiz: Der Wächter,Nota: La guardia,Memorándum: El guardia,Memo: O Guarda,Записка: страж,บันทึก​: ผู้คุ้มกัน,Ghi Chú: Vệ Binh,Memo: Sang Penjaga
咒骂者的留言,咒罵者的留言,Memo: The One in Rage,罵倒する者のメモ,저주하는 자가 남긴 메시지,Mémo : enragé,Notiz: Der Zornige,Memo: La furia,Memorándum: El que esta en ira,Memo: O Furioso,Записка: негодование,บันทึก​: ผู้​ตก​อยู่​ใน​โทสะ,Ghi Chú: Kẻ Phẫn Nộ,Memo: Orang yang Murka
仇恨的留声,仇恨的留聲,Memo: The One Stuck in Hatred,憎しみのこもったメッセージ,증오하는 사람이 남긴 메시지,Mémo : prison de haine,Notiz: Der im Hass Verfangene,Nota: L'odio che intrappola,Memorándum: El que está atrapado en el odio,Memo: Aquele Preso no Ódio,Записка: в плену ненависти,บันทึก​: ผู้​ติด​อยู่​ใน​ความแค้น,Ghi Chú: Kẻ Hận Thù,Memo: Orang yang Terperangkap dalam Kebencian
写生者的喜悦留言,寫生者的喜悅留言,Memo: The Sketcher's Joy,写生する人の喜びに満ちたメモ,그림 그리는 사람의 기쁨 어린 메시지,Mémo : joie d'un dessinateur,Notiz: Freuden eines Zeichners,Nota: La gioia del disegnatore,Memorándum: La alegría del dibujante,Memo: A Alegria do Desenhista,Записка: восторг рисовальщика,บันทึก​: ความปิติ​ของ​นัก​วาดภาพ,Ghi Chú: Niềm Vui Của Người Phác Thảo,Memo: Kebahagiaan Pembuat Sketsa
苦练格斗者的留言,苦練格鬥者的留言,Memo: The Training Fighter,格闘の修行に励む者の言葉,격투기를 갈고 닦은 자가 남긴 메시지,Mémo : combattant à l'entraînement,Notiz: Der Übungskämpfer,Nota: Aspirante combattente,Memorándum: El peleador en entrenamiento,Memo: Lutador em Treinamento,Записка: подготовка бойца,บันทึก​: นัก​สู้​ฝึกหัด,Ghi Chú: Chiến Binh Tập Luyện,Memo: Sang Petarung Latihan
天师的留言,天師的留言,Memo: Tianshi,天師のメッセージ,천사의 메시지,Mémo : Tianshi,Notiz: Tianshi,Nota: Tianshi,Nota: Tianshi,Memo: Tianshi,Записка: Тяньши,บันทึก​: เทียน​ซือ,Ghi Chú: Thiên Sư,Memo: Tianshi
巨兽研究天师的留言,巨獸研究天師的留言,Memo: Tianshi on a Feranmut Research Project,巨獣研究をしている天師のメモ,베헤모스를 연구하는 천사가 남긴 메시지,Mémo : Tianshi affectée à un projet de recherche sur les feranmouths,Notiz: Tianshi über ein Feranmut-Forschungsprojekt,Nota: Tianshi in un progetto di ricerca sul Feranmut,Nota: Tianshi sobre un proyecto de investigación de Feranmut,Memo: Tianshi em um Projeto de Pesquisa sobre Feranmut,Записка: Тяньши о проекте по изучению феранмутов,บันทึก​: เทียน​ซือ​เกี่ยวกับ​โครงการวิจัย​เฟ​ราน​มุ​ต,Ghi Chép: Thiên Sư Trong Dự Án Nghiên Cứu Cự Thú,Memo: Tianshi untuk Proyek Penelitian Feranmut
天师桩阵列日检备忘,天師樁陣列日檢備忘錄,Memo: Tianshi Pillar Array Daily Inspection,天師杭陣の日常点検メモ,천사장 배열 매일 점검 메모,Mémo : inspection quotidienne de la matrice du pilier des Tianshi,Memo: Tägliche Inspektion der Tianshi-Säulenreihe,Nota: Ispezione giornaliera della Schiera di colonne Tianshi,Memorándum: Inspección diaria del Conjunto de pilares de Tianshi,Memo: Inspeção Diária do Conjunto de Pilares de Tianshi,Записка: ежедневный осмотр группы столбов Тяньши,บันทึก​: การ​ตรวจสอบ​แนว​เสา​เทียน​ซือ​ประจำวัน,Ghi Chú: Kiểm Tra Hàng Ngày Của Trận Cột Thiên Sư,Memo: Pemeriksaan Harian Susunan Pilar Tianshi
写生者的苦恼留言,寫生者的苦惱留言,Memo: Troubled Sketcher,写生する人の苦悩に満ちたメモ,그림 그리는 사람이 남긴 고뇌의 메시지,Mémo : un artiste préoccupé,Memo: Aufgewühlter Zeichner,Nota: Disegnatore in difficoltà,Memorándum: Dibujante con problemas,Memo: Desenhista Preocupado,Записка: встревоженный рисовальщик,บันทึก​: นัก​วาดภาพ​เจ้า​ปัญหา,Ghi Chú: Người Phác Thảo Gặp Rắc Rối,Memo: Pembuat Sketsa yang Gelisah
语气阴狠的留言,語氣陰狠的留言,Memo: Vicious Words,陰湿な口調のメモ,음흉한 말투의 메시지,Mémo : propos malveillants,Notiz: Harsche Worte,Nota: Parole crudeli,Memorándum: Palabras crueles,Memo: Palavras Cruéis,Записка: жестокие слова,บันทึก​: ถ้อยคำ​ร้ายกาจ,Ghi Chú: Lời Thanh Trừng,Memo: Kata-Kata Jahat
武器专家的备忘（一）,武器專家的備忘錄（一）,Memo: Weapons Expert (1),武器専門家の覚書（1）,무기 전문가의 메모(1),Mémo : expertise en arme (1),Memo: Waffenexperte (1),Nota: Specialista in armi (1),Memorándum: Experto en armas (1),Memo: Especialista em Armas (1),Записка: оружейный эксперт (1),บันทึก​: ผู้เชี่ยวชาญ​อาวุธ​ (1),Ghi Chú: Chuyên Gia Vũ Khí (1),Memo: Pakar Senjata (1)
武器专家的备忘（二）,武器專家的備忘錄（二）,Memo: Weapons Expert (2),武器専門家の覚書（2）,무기 전문가의 메모(2),Mémo : expertise en arme (2),Memo: Waffenexperte (2),Nota: Specialista in armi (2),Memorándum: Experto en armas (2),Memo: Especialista em Armas (2),Записка: оружейный эксперт (2),บันทึก​: ผู้เชี่ยวชาญ​อาวุธ​ (2),Ghi Chú: Chuyên Gia Vũ Khí (2),Memo: Pakar Senjata (2)
武器专家的备忘（三）,武器專家的備忘錄（三）,Memo: Weapons Expert (3),武器専門家の覚書（3）,무기 전문가의 메모(3),Mémo : expertise en arme (3),Memo: Waffenexperte (3),Nota: Specialista in armi (3),Memorándum: Experto en armas (3),Memo: Especialista em Armas (3),Записка: оружейный эксперт (3),บันทึก​: ผู้เชี่ยวชาญ​อาวุธ​ (3),Ghi Chú: Chuyên Gia Vũ Khí (3),Memo: Pakar Senjata (3)
被泡皱的便签,被泡皺的便條,Memo: Wrinkled and Wet,ぐしゃぐしゃになった付箋,물에 젖어 구겨진 메모지,Note froissée et mouillée,Memo: Zerknittert und nass,Nota: Stropicciata e bagnaticcia,Memorándum: Arrugada y mojada,Memo: Enrugado e Molhado,Помятая и мокрая записка,บันทึก​: ยับ​ย่น​และ​เปียกปอน,Ghi chú: Nhàu Nát và Ướt Sũng,Memo: Kusut dan Basah
小贩回忆录（一）,小販回憶錄（一）,Memoirs: A Peddler (1),行商の回想（1）,행상인의 회고록(1),Mémoires d'un marchand ambulant (1),Memoiren: Ein Händler (1),Memorie di un mercante (1),Memorias: Un vendedor ambulante (1),Memórias: Um Mascate (1),Воспоминания: торговец (1),บันทึก​: พ่อค้าเร่​ (1),Hồi Ký: Người Bán Hàng Rong (1),Memoar: Seorang Pedagang (1)
小贩回忆录（二）,小販回憶錄（二）,Memoirs: A Peddler (2),行商の回想（2）,행상인의 회고록(2),Mémoires d'un marchand ambulant (2),Memoiren: Ein Händler (2),Memorie di un mercante (2),Memorias: Un vendedor ambulante (2),Memórias: Um Mascate (2),Воспоминания: торговец (2),บันทึก​: พ่อค้าเร่​ (2),Hồi Ký: Người Bán Hàng Rong (2),Memoar: Seorang Pedagang (2)
记忆网纸,記憶網紙,Memory Mesh,記憶のグリッド,기억의 매개체,Filet mémoriel,Erinnerungsgeflecht,Intreccio di ricordi,Malla de memoria,Malha de Memória,Сеть памяти,ตาข่าย​ความทรงจำ,Mạng Ký Ức,Jaring Ingatan
经纬田区,經緯田區,Meridian Grid Area,格子田エリア,경위 논밭 구역,Zone de la grille méridienne,Meridiannetz-Bereich,Area della Matrice meridiana,Área de la red de meridianos,Área da Rede Meridiana,Область сети меридиана,เขต​เส้นเมอริเดียน,Khu Lưới Kinh Tuyến,Area Jaringan Meridian
留言,留言,Message,伝言,메시지,Message,Nachricht,Messaggio,Mensaje,Mensagem,Сообщение,ข้อความ,Tin nhắn,Pesan
简洁的留言,簡潔的留言,Message: Clean and Simple,簡潔なメモ,짧은 메시지,Message clair et net,Nachricht: Klar und einfach,Messaggio: Chiaro e semplice,Mensaje: Limpio y simple,Mensagem: Breve e Simples,"Простое, короткое сообщение",ข้อความ​: สะอาด​และ​เรียบง่าย,Tin nhắn: Gọn Gàng và Đơn Giản,Pesan: Jelas dan Singkat
老师的警示留言,老師的警示留言,Message: Teacher's Warning,教師からの警告メッセージ,선생님이 남긴 경고 메시지,Message : avertissement d'un professeur,Nachricht: Warnung des Lehrers,Messaggio: Avviso dell'insegnante,Mensaje: Advertencia del maestro,Mensagem: Aviso do Professor,Сообщение: предупреждение преподавателя,ข้อความ​: คำเตือน​ของ​ครู,Tin Nhắn: Cảnh Cáo Của Giáo Viên,Pesan: Peringatan dari Guru
忧心实验的留言,憂心實驗的留言,Message: Worried Scientist,実験の行方を案じるメモ,실험을 걱정하는 메시지,Message d'un scientifique inquiet,Nachricht: Besorgter Wissenschaftler,Messaggio: Specialista in ansia,Mensaje: Científico preocupado,Mensagem: Cientista Preocupado,Сообщение обеспокоенного ученого,ข้อความ​: นักวิทยาศาสตร์​ที่​มี​ความกังวล,Tin nhắn: Nhà Khoa Học Đầy Lo Âu,Pesan: Ilmuwan yang Cemas
灵动信使十连凭证,靈動信使十連憑證,Messenger Express 10×Permit,「爛漫の使者」10回スカウト券,날렵한 전달자 헤드헌팅 10회 허가증,Permis Messager rapide ×10,10er-Boten-Express-RK-Genehmigung,Permesso CT-10: Consegna espressa,Permiso de Exprés de mensajera x10,Permissão 10× de Expresso Mensageiro,Разрешение на наем х10 «Быстрый гонец»,ใบอนุญาต​ผู้ส่งสาร​ด่วน​×10,Vé Liên Lạc Viên Hỏa Tốc ×10,Surat Izin 10× Kurir Kilat
灵动信使寻访凭证,靈動信使尋訪憑證,Messenger Express HH Permit,「爛漫の使者」スカウト券,날렵한 전달자 헤드헌팅 허가증,Permis REC Messager rapide,Boten-Express-RK-Genehmigung,Permesso CT: Consegna espressa,Permiso de C.R. de Exprés de mensajera,Permissão para CT de Expresso Mensageiro,Разрешение на наем «Быстрый гонец»,ใบอนุญาต​ HH ผู้ส่งสาร​ด่วน,Vé Chiêu Mộ Liên Lạc Viên Hỏa Tốc,Surat Izin HH Kurir Kilat
线条潦草的涂画,線條潦草的圖畫,Messy Scribble,線が乱れた落書き,대충 그린 그림,Gribouillis confus,Krakelige Handschrift,Scritte confusionarie,Garabatos desordenados,Rabisco bagunçado,Неряшливые записи,บันทึก​ลายมือ​ยุ่งเหยิง,Nét Chữ Nguệch Ngoạc,Coretan Berantakan
超距辉映管,超距輝映管,Metadiastima Photoemission Tube,超距離分光管,초거리 빛 반사 파이프,Tube de photoémission en métadiastema,"Metadiastima-Photoemissions-
röhre",Tubo a fotoemissione metaspaziale,Tubo de fotoemisión de metadiástima,Tubo de Fotoemissão Metadiastima,Внепредельная фотоэмиссионная трубка,หลอด​ปล่อยแสง​เม​ทา​ได​แอส​ทิมา,Ống Phát Quang Metadiastima,Tabung Fotoemisi Metadiastima
金属元件,金屬元件,Metal Component,金属部品,금속 부품,Composant en métal,Metall-Komponente,Componente metallico,Componente metálico,Componente de Metal,Металлический компонент,ส่วนประกอบ​โลหะ,Linh Kiện Kim Loại,Komponen Logam
超库存传输,超庫存傳輸,Metastorage Transfer,無在庫転送,무재고 전송,Transfert de métastockage,Metalager-Übertragung,Trasferimento metascorta,Transferencia de metaalmacenamiento,Transferência do Meta-armazenamento,Межхранилищный трансфер,การ​ถ่ายโอน​เม​กาส​ตอ​เร​จ,Chuyển Siêu Kho,Transfer Metastorage
气候监测站,氣象監測站,Meteorological Station,気象観測所,기상 관측소,Station météorologique,Wetterstation,Stazione metereologica,Estación meteorológica,Estação Meteorológica,Метеорологическая станция,สถานี​อุตุนิยมวิทยา,Trạm Khí Tượng,Stasiun Meteorologi
弭弗,弭弗,Mi Fu,ミ・フ,미브,Mi Fu,Mi Fu,Mi Fu,Mi Fu,Mi Fu,Ми Фу,หมี่​ฟู่,Mi Fu,Mi Fu
弭弗的信物,弭弗的信物,Mi Fu's Token,ミ・フの印,미브의 증표,Jeton de Mi Fu,Mi Fus Token,Gettone di Mi Fu,Ficha de Mi Fu,Símbolo de Mi Fu,Жетон Ми Фу,โท​เคน​ของ​หมี่​ฟู่,Tín Vật Của Mi Fu,Token Mi Fu
M.I.警用臂环,M. I.警用臂環,MI Security Armband,M.I.警備アームバンド,M. I. 경찰용 암밴드,Brassard d'IM Sécurité,MI-Sicherheitsarmband,Bracciale della sicurezza MI,Brazalete de Seguridad MI,Pulseira MI Security,Повязка охраны «Мьешко»,ปลอกแขน​รักษา​ความปลอดภัย​ MI,Băng Tay An Ninh MI,Pita Lengan MI Security
M.I.警用护甲,M. I.警用護甲,MI Security Armor,M.I.警備防具,M. I. 경찰용 방어구,Armure d'IM Sécurité,MI-Sicherheitsrüstung,Armatura della sicurezza MI,Armadura de seguridad MI,Armadura MI Security,Броня охраны «Мьешко»,เกราะ​รักษา​ความปลอดภัย​ MI,Giáp An Ninh MI,Armor MI Security
M.I.警用护甲·壹型,M. I.警用護甲·I,MI Security Armor T1,M.I.警備防具Ⅰ,M. I. 경찰용 방어구 · I,Armure d'IM Sécurité G1,MI-Sicherheitsrüstung S1,Armatura della sicurezza MI O1,Armadura de seguridad MI T1,Armadura MI Security T1,Броня охраны «Мьешко» К1,เกราะ​รักษา​ความปลอดภัย​ MI T1,Giáp An Ninh MI T1,Armor MI Security T1
M.I.警用手套,M. I.警用手套,MI Security Gloves,M.I.警備グローブ,M. I. 경찰용 장갑,Gants d'IM Sécurité,MI-Sicherheitshandschuhe,Guanti della sicurezza MI,Guantes de seguridad MI,Luvas MI Security,Перчатки охраны «Мьешко»,ถุงมือ​รักษา​ความปลอดภัย​ MI,Găng Tay An Ninh MI,Sarung Tangan MI Security
M.I.警用手套·壹型,M. I.警用手套·I,MI Security Gloves T1,M.I.警備グローブⅠ,M. I. 경찰용 장갑 · I,Gants d'IM Sécurité G1,MI-Sicherheitshandschuhe S1,Guanti della sicurezza MI O1,Guantes de seguridad MI T1,Luvas MI Security T1,Перчатки охраны «Мьешко» К1,ถุงมือ​รักษา​ความปลอดภัย​ MI T1,Găng Tay An Ninh MI t1,Sarung Tangan MI Security T1
M.I.警用手环,M. I.警用手環,MI Security Hands PPE,M.I.警備ブレスレット,M. I. 경찰용 장갑(팔찌),EPI pour mains d'IM Sécurité,MI-Sicherheits-PSA-Handschuhe,DPI per mani della sicurezza MI,EPP para manos de seguridad MI,EPI para as Mãos MI Security,Прочное СИЗ для рук «Мьешко»,PPE มือ​รักษา​ความปลอดภัย​ MI,Vòng Tay An Ninh MI,APD Tangan MI Security
M.I.警用手环·壹型,M. I.警用手環·I,MI Security Hands PPE T1,M.I.警備ブレスレットⅠ,M. I. 경찰용 장갑(팔찌) · I,EPI pour mains d'IM Sécurité G1,MI-Sicherheits-PSA-Handschuhe S1,DPI per mani della sicurezza MI O1,EPP para manos de seguridad MI T1,EPI para as Mãos MI Security T1,Прочное СИЗ для рук «Мьешко» К1,PPE มือ​รักษา​ความปลอดภัย​ MI T1,Vòng Tay An Ninh MI T1,APD Tangan MI Security T1
M.I.警用罩衣,M. I.警用罩衣,MI Security Overalls,M.I.警備マント,M. I. 경찰용 망토,Combinaison d'IM Sécurité,MI-Sicherheitsanzug,Tenuta della sicurezza MI,Overol de seguridad MI,Macacão MI Security,Комбинезон охраны «Мьешко»,ชุด​หมี​รักษา​ความปลอดภัย​ MI,Đồ Bảo Hộ An Ninh MI,Seragam Terusan MI Security
M.I.警用罩衣·壹型,M. I.警用罩衣·I,MI Security Overalls T1,M.I.警備マントⅠ,M. I. 경찰용 망토 · I,Combinaison d'IM Sécurité G1,MI-Sicherheitsanzug S1,Tenuta della sicurezza MI O1,Overol de Seguridad MI T1,Macacão MI Security T1,Комбинезон охраны «Мьешко» К1,ชุด​หมี​รักษา​ความปลอดภัย​ MI T1,Đồ Bảo Hộ An Ninh MI T1,Seragam Terusan MI Security T1
M.I.警用罩衣·贰型,M. I.警用罩衣·II,MI Security Overalls T2,M.I.警備マントⅡ,M. I. 경찰용 망토 · II,Combinaison d'IM Sécurité G2,MI-Sicherheitsanzug S2,Tenuta della sicurezza MI O2,Overol de seguridad MI T2,Macacão MI Security T2,Комбинезон охраны «Мьешко» К2,ชุด​หมี​รักษา​ความปลอดภัย​ MI T2,Đồ Bảo Hộ An Ninh MI T2,Seragam Terusan MI Security T2
M.I.警用刺刃,M. I.警用刺刃,MI Security Push Knife,M.I.警備ナイフ,M. I. 경찰용 단검,Poignard à propulsion d'IM Sécurité,MI-Sicherheitsfaustmesser,Pugnale a scatto della sicurezza MI,Navaja de puño de seguridad MI,Punhal MI Security,Тычковый нож охраны «Мьешко»,มีด​พุช​รักษา​ความปลอดภัย​ MI,Dao Đẩy An Ninh MI,Pisau Tinju MI Security
M.I.警用刺刃·壹型,M. I.警用刺刃·I,MI Security Push Knife T1,M.I.警備ナイフⅠ,M. I. 경찰용 단검 · I,Poignard à propulsion d'IM Sécurité G1,MI-Sicherheitsfaustmesser S1,Pugnale a scatto della sicurezza MI O1,Navaja de puño de seguridad MI T1,Punhal MI Security T1,Тычковый нож охраны «Мьешко» К1,มีด​พุช​รักษา​ความปลอดภัย​ MI T1,Dao Đẩy An Ninh MI T1,Pisau Tinju MI Security T1
M.I.警用瞄具,M. I.警用瞄具,MI Security Scope,M.I.警備照準器,M. I. 경찰용 조준기,Scanner d'IM Sécurité,MI-Sicherheitszielfernrohr,Mirino della sicurezza MI,Mira de seguridad MI,Luneta MI Security,Прицел охраны «Мьешко»,กล้อง​เล็ง​รักษา​ความปลอดภัย​ MI,Kính Ngắm An Ninh MI,Teropong MI Security
M.I.警用瞄具·壹型,M. I.警用瞄具·I,MI Security Scope T1,M.I.警備照準器Ⅰ,M. I. 경찰용 조준기 · I,Scanner d'IM Sécurité G1,MI-Sicherheitszielfernrohr S1,Mirino della sicurezza MI O1,Mira de seguridad MI T1,Luneta MI Security T1,Прицел охраны «Мьешко» К1,กล้อง​เล็ง​รักษา​ความปลอดภัย​ MI T1,Kính Ngắm An Ninh MI T1,Teropong MI Security T1
M.I.警用工具组,M. I.警用工具組,MI Security Toolkit,M.I.警備マルチツール,M. I. 경찰용 다용도 공구,Trousse à outils d'IM Sécurité,MI-Sicherheitswerkzeugset,Multiutensile della sicurezza MI,Kit de herramientas de seguridad MI,Kit de Ferramentas MI Security,Мультитул охраны «Мьешко»,ชุด​เครื่องมือ​รักษา​ความปลอดภัย​ MI,Bộ Công Cụ An Ninh MI,Set Alat MI Security
断瘴廊,斷瘴廊,Miasma's End,絶霧通路,단장 회랑,Lisière des miasmes,Ende des Nebels,Fine del miasma,Fin del Miasma,Fim do Miasma,Предел миазмов,สุดเขต​หมอก​ควัน,Điểm Cuối Sương Mù,Ujung Miasma
矿场护甲,礦場護甲,Miner Armor,鉱山防具,광산 방어구,Armure de mineur,Bergarbeiter-Rüstung,Armatura da minatore,Armadura de minero,Armadura de Mineiro,Броня шахтера,เกราะ​คน​เหมือง,Giáp Thợ Mỏ,Armor Penambang
矿场护甲·壹型,礦場護甲·I,Miner Armor T1,鉱山防具Ⅰ,광산 방어구 · I,Armure de mineur G1,Bergarbeiter-Rüstung S1,Armatura da minatore O1,Armadura de minero T1,Armadura de Mineiro T1,Броня шахтера К1,เกราะ​คน​เหมือง​ T1,Giáp Thợ Mỏ T1,Armor Penambang T1
矿场滤尘衣,礦場濾塵衣,Miner Cleansuit,鉱山保護服,광산 방진복,Uniforme de mineur,Bergarbeiter-Reinraumanzug,Tuta protettiva da minatore,Traje protector de minero,Farda de Mineiro,Защитный костюм шахтера,เค​รื่่​อง​แบบ​คนงาน​เหมือง,Bộ Đồ Bảo Hộ Thợ Mỏ,Setelan Steril Penambang
矿场联络仪,礦場聯絡儀,Miner Comm,鉱山通信機,광산 통신기,Communicateur de mineur,Bergarbeiter-Funkgerät,Trasmittente da minatore,Comunicador de minero,Comunicador de Mineiro,Рация шахтера,วิทยุสื่อสาร​คน​เหมือง,Máy Liên Lạc Thợ Mỏ,Komunikator Penambang
矿场联络仪·壹型,礦場聯絡儀·I,Miner Comm T1,鉱山通信機Ⅰ,광산 통신기 · I,Communicateur de mineur G1,Bergarbeiter-Funkgerät S1,Trasmittente da minatore O1,Comunicador de minero T1,Comunicador de Mineiro T1,Рация шахтера К1,วิทยุสื่อสาร​คน​เหมือง​ T1,Máy Liên Lạc Thợ Mỏ T1,Komunikator Penambang T1
矿场压缩核,礦場壓縮核,Miner Compression Core,鉱山圧縮装置,광산 압축 장치,Noyau de compression de mineur,Bergarbeiter-Kompressionskern,Nucleo di compressione da minatore,Núcleo de compresión de minero,Núcleo de Compressão de Mineiro,Ядро компрессии шахтера,แกน​บีบ​อัด​คน​เหมือง,Lõi Nén Thợ Mỏ,Inti Kompresi Penambang
矿场压缩核·壹型,礦場壓縮核·I,Miner Compression Core T1,鉱山圧縮装置Ⅰ,광산 압축 장치 · I,Noyau de compression de mineur G1,Bergarbeiter-Kompressionskern S1,Nucleo di compressione da minatore O1,Núcleo de compresión de minero T1,Núcleo de Compressão de Mineiro T1,Ядро компрессии шахтера К1,แกน​บีบ​อัด​คน​เหมือง​ T1,Lõi Nén Thợ Mỏ T1,Inti Kompresi Penambang T1
矿场传动轮,礦場傳動輪,Miner Drive Wheel,鉱山伝動装置,광산 전동기,Roue motrice de mineur,Bergarbeiter-Treibrad,Trazione motrice da minatore,Rueda de minero,Roda Motriz de Mineiro,Двигатель шахтера,ล้อ​ขับ​กำลังคน​เหมือง,Bánh Lái Thợ Mỏ,Roda Gerak Penambang
矿场传动轮·壹型,礦場傳動輪·I,Miner Drive Wheel T1,鉱山伝動装置Ⅰ,광산 전동기 · I,Roue motrice de mineur G1,Bergarbeiter-Treibrad S1,Trazione motrice da minatore O1,Rueda de minero T1,Roda Motriz de Mineiro T1,Двигатель шахтера К1,ล้อ​ขับ​กำลังคน​เหมือง​ T1,Bánh Lái Thợ Mỏ T1,Roda Gerak Penambang T1
矿场护手,礦場護手,Miner Fists,鉱山プロテクター,광산 보호 장갑,Poings de mineur,Bergarbeiter-Fäuste,Guanti rinforzati da minatore,Puños de minero,Punhos de Mineiro,Защита рук шахтера,หมัด​คน​เหมือง,Găng Tay Chiến Đấu Thợ Mỏ,Pelindung Buku Jari Penambang
矿场护手·壹型,礦場護手·I,Miner Fists T1,鉱山プロテクターⅠ,광산 보호 장갑 · I,Poings de mineur G1,Bergarbeiter-Fäuste S1,Guanti rinforzati da minatore O1,Puños de minero T1,Punhos de Mineiro T1,Защита рук шахтера К1,หมัด​คน​เหมือง​ T1,Găng Tay Chiến Đấu Thợ Mỏ T1,Pelindung Buku Jari Penambang T1
矿场手甲,礦場手甲,Miner Gauntlets,鉱山ガントレット,광산 금속 장갑,Gantelets de mineur,Bergarbeiter-Fingerhandschuhe,Coprimani da minatore,Guanteletes de minero,Manoplas de Mineiro,Рукавицы шахтера,ถุงมือ​คน​เหมือง,Giáp Tay Thợ Mỏ,Gauntlet Penambang
矿场手甲·壹型,礦場手甲·I,Miner Gauntlets T1,鉱山ガントレットⅠ,광산 금속 장갑 · I,Gantelets de mineur G1,Bergarbeiter-Fingerhandschuhe S1,Coprimani da minatore O1,Guanteletes de minero T1,Manoplas de Mineiro T1,Рукавицы шахтера К1,ถุงมือ​คน​เหมือง​ T1,Giáp Tay Thợ Mỏ T1,Gauntlet Penambang T1
矿场手套,礦場手套,Miner Gloves,鉱山作業用グローブ,광산 장갑,Gants de mineur,Bergarbeiter-Handschuhe,Guanti da minatore,Guantes de minero,Luvas de Mineiro,Перчатки шахтера,สนับมือ​คน​เหมือง,Găng Tay Thợ Mỏ,Sarung Tangan Penambang
矿场手套·壹型,礦場手套·I,Miner Gloves T1,鉱山作業用グローブⅠ,광산 장갑 · I,Gants de mineur G1,Bergarbeiter-Handschuhe S1,Guanti da minatore O1,Guantes de minero T1,Luvas de Mineiro T1,Перчатки шахтера К1,สนับมือ​คน​เหมือง​ T1,Găng Tay Thợ Mỏ T1,Sarung Tangan Penambang T1
矿场手套·贰型,礦場手套·II,Miner Gloves T2,鉱山作業用グローブⅡ,광산 장갑 · II,Gants de mineur G2,Bergarbeiter-Handschuhe S2,Guanti da minatore O2,Guantes de minero T2,Luvas de Mineiro T2,Перчатки шахтера К2,สนับมือ​คน​เหมือง​ T2,Găng Tay Thợ Mỏ T2,Sarung Tangan Penambang T2
矿场防护服,礦場防護服,Miner Overalls,鉱山防護服,광산 방호복,Combinaison de mineur,Bergarbeiter-Anzug,Tenuta da minatore,Overol de minero,Macacão de Mineiro,Комбинезон шахтера,ชุด​หมี​คนงาน​เหมือง,Đồ Bảo Hộ Thợ Mỏ,Seragam Terusan Penambang
矿场防护服·壹型,礦場防護服·I,Miner Overalls T1,鉱山防護服Ⅰ,광산 방호복 · I,Combinaison de mineur G1,Bergarbeiter-Anzug S1,Tenuta da minatore O1,Overol de minero T1,Macacão de Mineiro T1,Комбинезон шахтера К1,ชุด​หมี​คนงาน​เหมือง​ T1,Đồ Bảo Hộ Thợ Mỏ T1,Seragam Terusan Penambang T1
矿场增压轮,礦場增壓輪,Miner Turbine,鉱山過給機,광산 과급기,Turbine de mineur,Bergarbeiter-Turbine,Turbina da minatore,Turbina de minero,Turbina de Mineiro,Турбина шахтера,เทอร์​ไบ​น์​คน​เหมือง,Turbin Thợ Mỏ,Turbin Penambang
矿场增压轮·壹型,礦場增壓輪·I,Miner Turbine T1,鉱山過給機Ⅰ,광산 과급기 · I,Turbine de mineur G1,Bergarbeiter-Turbine S1,Turbina da minatore O1,Turbina de minero T1,Turbina de Mineiro T1,Турбина шахтера К1,เทอร์​ไบ​น์​คน​เหมือง​ T1,Turbin Thợ Mỏ T1,Turbin Penambang T1
矿场轻甲,礦場輕甲,Miner Vest,鉱山軽防具,광산 경갑,Gilet de mineur,Bergarbeiter-Weste,Gilet da minatore,Chaleco de minero,Traje de Mineiro,Жилет шахтера,เสื้อกั๊ก​คน​เหมือง,Áo Bảo Hộ Thợ Mỏ,Rompi Penambang
矿场护腕,礦場護腕,Miner Wrists,鉱山籠手,광산 장갑(손목),Protège-poignets de mineur,Bergarbeiter-Handschützer,Polsiere da minatore,Muñequeras de minero,Pulsos de Mineiro,Краги шахтера,รัด​ข้อมือ​คน​เหมือง,Găng Cổ Tay Thợ Mỏ,Pelindung Pergelangan Tangan Penambang
矿石,礦石,Mineral Ores,鉱物,광석,Minerais,Mineralienerze,Minerali grezzi,Menas minerales,Minérios,Минеральная руда,แร่ธาตุ,Quặng Khoáng Sản,Bijih Mineral
矿石的用途,礦石的用途,Mineral Ores: Usage,鉱物の用途,광석의 용도,Minerais : utilisation,Mineralienerze: Nutzung,Minerali grezzi: utilizzo,Menas minerales: Uso,Minérios: Uso,Минеральная руда: использование,แร่ธาตุ​: การใช้งาน,Quặng Khoáng Sản: Cách Sử Dụng,Bijih Mineral: Penggunaan
矿区缆车站,礦區纜車站,Mines Cable Car Station,鉱区連絡所,케이블카 탑승장,Station de téléphérique des mines,Minen-Seilbahnstation,Stazione funivia delle miniere,Estación de teleférico de las minas,Estação de Teleférico das Minas,Станция шахтового фуникулера,สถานี​กระเช้า​ลอยฟ้า​เหมือง,Trạm Cáp Treo Mỏ,Stasiun Kereta Gantung Tambang
小蜜虫布丁,小蜜蟲布丁,Mini Honey Slugpudding,異香プリン,꿀벌레 푸딩,Pudding de limace au miel,Mini-Honig-Schneckenpudding,Mini budino di lumaca al miele,Minipudín de miel y babosa,Minipudim de Lesma com Mel,Сладкий мини-слизпудинг,มินิ​พุด​ดิ้ง​ทาก​ใส่​น้ำผึ้ง,Bánh Pudding Sên Mật Ong Nhỏ,Puding Siput Madu Mini
小蜜虫布丁·升级,小蜜蟲布丁·升級,Mini Honey Slugpudding Upgrade,異香プリン（強化）,꿀벌레 푸딩 · 업그레이드,Amélioration du pudding de limace au miel,Verbesserung: Mini-Honig-Schneckenpudding,Potenziamento: mini budino di lumaca al miele,Mejora de Minipudín de miel y babosa,Upgrade de Minipudim de Lesma com Mel,Улучшение сладкого мини-слизпудинга,อัป​เกรด​มินิ​พุด​ดิ้ง​ทาก​ใส่​น้ำผึ้ง,Nâng Cấp Bánh Pudding Sên Mật Ong Nhỏ,Upgrade untuk Puding Siput Madu Mini
小糖画,小糖畫,Mini Sugar Painting,飴細工,작은 설탕 그림,Mini peinture au sucre,Mini-Zuckergemälde,Mini dipinto zuccherino,Mini pintura de azúcar,Minipintura de Açúcar,Карамельная картинка,มินิ​ศิลปะ​จาก​น้ำตาล,Tranh Đường Nhỏ,Lukisan Gula Mini
山樆小景,山樆小景,Miniature Tree on a Hill,梨の花の盆栽,배꽃 조경,Bonsaï sur une colline,Minibaum auf einem Hügel,Miniatura di un albero su una collina,Árbol en miniatura sobre una colina,Árvore em miniatura em uma colina,Деревце на холме,ต้นไม้​จิ๋ว​บน​เนินเขา,Cây Nhỏ Trên Đồi,Miniatur Pohon di Bukit
矿区医疗站,礦區醫療站,Mining Area Clinic,鉱区診療所,광산 지역 의료소,Clinique de la zone d'extraction,Bergbauklinik,Ambulatorio della miniera,Clínica de la zona minera,Clínica da Área de Mineração,Шахтерский медпункт,คลินิก​พื้นที่​ขุด​เหมือง,Phòng Y Tế Khu Mỏ,Klinik Area Tambang
矿区营地,礦區營地,Mining Camp,鉱区居住地,광산 생활 구역,Camp minier,Bergbaucamp,Accampamento della miniera,Campamento minero,Acampamento de Mineração,Шахтерский лагерь,ค่าย​ขุด​เหมือง,Trại Khai Thác,Kamp Tambang
矿机,礦機,Mining Rig,採鉱機,채굴기,Plateforme d'extraction,Abbauanlage,Impianto di estrazione,Plataforma de minería,Sonda de Mineração,Добывающая установка,แท่น​ขุด​เหมือง,Giàn Khai Thác,Rig Tambang
矿机开采,礦機開採,Mining Rig: Mineral Mining,採鉱機による採掘,채굴기 작동,Plateforme d'extraction : extraction de minerais,Abbauanlage: Mineralienabbau,Impianto di estrazione: estrazione di minerali,Plataforma de minería: extracción de minerales,Sonda de Mineração: Extração de Minerais,Добывающая установка: добыча минералов,แท่น​ขุด​เหมือง​: การ​ทำ​เหมืองแร่,Giàn Khai Thác: Khai Thác Khoáng Sản,Rig Tambang: Penambangan Mineral
在想我么？,在想我嗎？,"Missing Me, Hmm?",私のこと、考えてたの？,지금 내 생각해?,Je t'ai manqué ?,"Ich fehl dir also, jaaa?","Ti mancavo, eh?","¿Me extrañas, hmm?","Sentindo Minha Falta, Hein?",Соскучились?,คิดถึง​ฉัน​เหรอ​ ฮึ​ม​?,Nhớ Tôi À?,"Kangen Aku, Ya?"
任务,任務,Mission,任務,임무,Mission,Mission,Missione,Misión,Missão,Миссия,ภารกิจ,Nhiệm vụ,Misi
休整间隙,休息間隙,Moment for a Break,ひと休み,찰나의 휴식,Heure de la pause,Der Zeitpunkt für eine Pause,Ci vuole una pausa,Momento para descansar,Momento para uma Pausa,Передышка,ช่วงเวลา​แห่ง​การพักผ่อน,Khoảnh Khắc Nghỉ Ngơi,Saatnya Istirahat
雨停的瞬间,雨停的瞬間,Moment of Rain Held Back,雨上がり,비가 그친 순간,Instant pluvieux contenu,Als der Regen aufgeschoben wurde,Momento di pioggia trattenuta,Momento de lluvia contenida,O Momento da Chuva Contida,Мгновение перед дождем,ชั่วพริบตา​ที่​ฝน​หยุด,Khoảnh Khắc Mưa Ngừng,Saat Hujan Tertahan
莫奈何,莫奈何,Monaihe,術無,무가내하,Monaihe,Monaihe,Monaihe,Monaihe,Monaihe,Монаихэ,โม​ไน​เฮ,Monaihe,Monaihe
观测站,觀測站,Monitoring Center,観測所,관측소,Centre de surveillance,Überwachungs-zentrum,Centro di monitoraggio,Centro de Monitoreo,Centro de Monitoramento,Центр наблюдений,ศูนย์​เฝ้า​ระวัง,Trung Tâm Giám Sát,Pusat Pantau
完成监测委托,完成監測委託,Monitoring Job: Process,観測依頼の完了,관측 의뢰를 완료하기,Tâche de surveillance : traitement,Überwachungsjob: Prozess,Lavoro di monitoraggio: funzionamento,Trabajo de monitoreo: Proceso,Trabalho de Monitoramento: Processo,Поручение по мониторингу: выполнение,งาน​เฝ้า​ระวัง​: กระบวนการ,Nhiệm Vụ Giám Sát: Tiến Hành,Pekerjaan Pemantauan: Proses
敌人,敵人,Monster,敵,적,Monstre,Monster,Mostro,enemigo,Monstro,враг,มอนสเตอร์,Quái Vật,Monster
月卡兑换凭证,月卡兌換憑證,Monthly Pass Exchange Cert,月パス交換資格証,월정액 교환 허가증,Certificat d'échange de Pass mensuel,Monatspass-Tauschzerti,Certificato di scambio Pass mensile,Certificado de canje del Pase mensual,Certificado da Troca de Passe Mensal,Сертификат обмена месячного пропуска,ใบรับรอง​แลกเปลี่ยน​บัตร​ผ่าน​รายเดือน,Chứng Nhận Đổi Thẻ Tháng,Sertif Penukaran Tiket Akses Bulanan
鼓舞斗志的留言,鼓舞鬥志的留言,Morale-Boosting Message,闘志を鼓舞するメッセージ,투지를 격려하는 메시지,Message réjouissant,Nachricht zur Verbesserung der Moral,Messaggio per sollevare il morale,Mensaje para reforzar la moral,Mensagem Motivadora,Воодушевляющее сообщение,ข้อความ​ให้กำลังใจ,Tin Nhắn Khích Lệ Sĩ Khí,Pesan Penyemangat
蚀电屏蔽电池,蝕電絕緣電池,Mordvolt Insulation Battery,蝕電遮断バッテリー,침식 차단 배터리,Batterie isolante de Mordvolt,Mordvolt-Isolierbatterie,Batteria isolante Elettroshock,Batería de aislamiento de Mordvolt,Bateria de Isolamento de Mordvolt,Изолированная батарея «Мортвольт»,แบตเตอรี่​มอร์​ด​โวลต์​แบบ​ฉนวน,Pin Cách Điện Mordvolt,Baterai Insulasi Mordvolt
蚀电屏蔽电池·壹型,蝕電絕緣電池·I,Mordvolt Insulation Battery T1,蝕電遮断バッテリーⅠ,침식 차단 배터리 · I,Batterie isolante de Mordvolt G1,Mordvolt-Isolierbatterie S1,Batteria isolante Elettroshock O1,Batería de aislamiento de Mordvolt T1,Bateria de Isolamento de Mordvolt T1,Изолированная батарея «Мортвольт» К1,แบตเตอรี่​มอร์​ด​โวลต์​แบบ​ฉนวน​ T1,Pin Cách Điện Mordvolt T1,Baterai Insulasi Mordvolt T1
蚀电屏蔽手套,蝕電絕緣手套,Mordvolt Insulation Gloves,蝕電遮断グローブ,침식 차단 장갑,Gants isolants de Mordvolt,Mordvolt-Isolierhandschuhe,Guanti isolanti Elettroshock,Guantes de aislamiento de Mordvolt,Luvas de Isolamento de Mordvolt,Изолированные перчатки «Мортвольт»,ถุงมือ​ฉนวน​มอร์​ด​โวลต์,Găng Tay Cách Điện Mordvolt,Sarung Tangan Insulasi Mordvolt
蚀电屏蔽手套·壹型,蝕電絕緣手套·I,Mordvolt Insulation Gloves T1,蝕電遮断グローブⅠ,침식 차단 장갑 · I,Gants isolants de Mordvolt G1,Mordvolt-Isolierhandschuhe S1,Guanti isolanti Elettroshock O1,Guantes de aislamiento de Mordvolt T1,Luvas de Isolamento de Mordvolt T1,Изолированные перчатки «Мортвольт» К1,ถุงมือ​ฉนวน​มอร์​ด​โวลต์​ T1,Găng Tay Cách Điện Mordvolt T1,Sarung Tangan Insulasi Mordvolt T1
蚀电屏蔽背心,蝕電絕緣背心,Mordvolt Insulation Vest,蝕電遮断ベスト,침식 차단 조끼,Veste isolante de Mordvolt,Mordvolt-Isolierweste,Gilet isolante Elettroshock,Chaleco de aislamiento de Mordvolt,Traje de Isolamento de Mordvolt,Изолированный жилет «Мортвольт»,เสื้อกั๊ก​ฉนวน​มอร์​ด​โวลต์,Áo Cách Điện Mordvolt,Rompi Insulasi Mordvolt
蚀电屏蔽背心·壹型,蝕電絕緣背心·I,Mordvolt Insulation Vest T1,蝕電遮断ベストⅠ,침식 차단 조끼 · I,Veste isolante de Mordvolt G1,Mordvolt-Isolierweste S1,Gilet isolante Elettroshock O1,Chaleco de aislamiento de Mordvolt T1,Traje de Isolamento de Mordvolt T1,Изолированный жилет «Мортвольт» К1,เสื้อกั๊ก​ฉนวน​มอร์​ด​โวลต์​ T1,Áo Cách Điện Mordvolt T1,Rompi Insulasi Mordvolt T1
蚀电屏蔽背心·贰型,蝕電絕緣背心·II,Mordvolt Insulation Vest T2,蝕電遮断ベストⅡ,침식 차단 조끼 · II,Veste isolante de Mordvolt G2,Mordvolt-Isolierweste S2,Gilet isolante Elettroshock O2,Chaleco de aislamiento de Mordvolt T2,Traje de Isolamento de Mordvolt T2,Изолированный жилет «Мортвольт» К2,เสื้อกั๊ก​ฉนวน​มอร์​ด​โวลต์​ T2,Áo Cách Điện Mordvolt T2,Rompi Insulasi Mordvolt T2
蚀电屏蔽扳手,蝕電絕緣扳手,Mordvolt Insulation Wrench,蝕電遮断スパナ,침식 차단 스패너,Clé isolante de Mordvolt,Mordvolt-Isolierschraubenschlüssel,Chiave isolante Elettroshock,Llave de aislamiento de Mordvolt,Chave de Isolamento de Mordvolt,Изолированный ключ «Мортвольт»,ประแจ​ฉนวน​มอร์​ด​โวลต์,Cờ Lê Cách Điện Mordvolt,Kunci Pas Insulasi Mordvolt
蚀电屏蔽扳手·壹型,蝕電絕緣扳手·I,Mordvolt Insulation Wrench T1,蝕電遮断スパナⅠ,침식 차단 스패너 · I,Clé isolante de Mordvolt G1,Mordvolt-Isolierschraubenschlüssel S1,Chiave isolante Elettroshock O1,Llave de aislamiento de Mordvolt T1,Chave de Isolamento de Mordvolt T1,Изолированный ключ «Мортвольт» К1,ประแจ​ฉนวน​มอร์​ด​โวลต์​ T1,Cờ Lê Cách Điện Mordvolt T1,Kunci Pas Insulasi Mordvolt T1
蚀电屏蔽扳手·贰型,蝕電絕緣扳手·II,Mordvolt Insulation Wrench T2,蝕電遮断スパナⅡ,침식 차단 스패너 · II,Clé isolante de Mordvolt G2,Mordvolt-Isolierschraubenschlüssel S2,Chiave isolante Elettroshock O2,Llave de aislamiento de Mordvolt T2,Chave de Isolamento de Mordvolt T2,Изолированный ключ «Мортвольт» К2,ประแจ​ฉนวน​มอร์​ด​โวลต์​ T2,Cờ Lê Cách Điện Mordvolt T2,Kunci Pas Insulasi Mordvolt T2
蚀电防护电池,蝕電防護電池,Mordvolt Resistant Battery,蝕電防護バッテリー,침식 방호 배터리,Batterie résistante de Mordvolt,Robuste Mordvolt-Batterie,Batteria resistente Elettroshock,Batería resistente de Mordvolt,Bateria Resistente de Mordvolt,Резистентная батарея «Мортвольт»,แบตเตอรี่​ทน​มอร์​ด​โวลต์,Pin Kháng Mordvolt,Baterai Resistans Mordvolt
蚀电防护电池·壹型,蝕電防護電池·I,Mordvolt Resistant Battery T1,蝕電防護バッテリーⅠ,침식 방호 배터리 · I,Batterie résistante de Mordvolt G1,Robuste Mordvolt-Batterie S1,Batteria resistente Elettroshock O1,Batería resistente de Mordvolt T1,Bateria Resistente de Mordvolt T1,Резистентная батарея «Мортвольт» К1,แบตเตอรี่​ทน​มอร์​ด​โวลต์​ T1,Pin Kháng Mordvolt T1,Baterai Resistans Mordvolt T1
蚀电防护手套,蝕電防護手套,Mordvolt Resistant Gloves,蝕電防護グローブ,침식 방호 장갑,Gants résistants de Mordvolt,Robuste Mordvolt-Handschuhe,Guanti resistenti Elettroshock,Guantes resistentes de Mordvolt,Luvas Resistentes de Mordvolt,Резистентные перчатки «Мортвольт»,ถุงมือ​ทน​มอร์​ด​โวลต์,Găng Tay Kháng Mordvolt,Sarung Tangan Resistans Mordvolt
蚀电防护手套·壹型,蝕電防護手套·I,Mordvolt Resistant Gloves T1,蝕電防護グローブⅠ,침식 방호 장갑 · I,Gants résistants de Mordvolt G1,Robuste Mordvolt-Handschuhe S1,Guanti resistenti Elettroshock O1,Guantes resistentes de Mordvolt T1,Luvas Resistentes de Mordvolt T1,Резистентные перчатки «Мортвольт» К1,ถุงมือ​ทน​มอร์​ด​โวลต์​ T1,Găng Tay Kháng Mordvolt T1,Sarung Tangan Resistans Mordvolt T1
蚀电防护背心,蝕電防護背心,Mordvolt Resistant Vest,蝕電防護ベスト,침식 방호 조끼,Veste résistante de Mordvolt,Robuste Mordvolt-Weste,Gilet resistente Elettroshock,Chaleco resistente de Mordvolt,Traje Resistente de Mordvolt,Резистентный жилет «Мортвольт»,เสื้อกั๊ก​ทน​มอร์​ด​โวลต์,Áo Kháng Mordvolt,Rompi Resistans Mordvolt
蚀电防护背心·壹型,蝕電防護背心·I,Mordvolt Resistant Vest T1,蝕電防護ベストⅠ,침식 방호 조끼 · I,Veste résistante de Mordvolt G1,Robuste Mordvolt-Weste S1,Gilet resistente Elettroshock O1,Chaleco resistente de Mordvolt T1,Traje Resistente de Mordvolt T1,Резистентный жилет «Мортвольт» К1,เสื้อกั๊ก​ทน​มอร์​ด​โวลต์​ T1,Áo Kháng Mordvolt T1,Rompi Resistans Mordvolt T1
蚀电防护扳手,蝕電防護扳手,Mordvolt Resistant Wrench,蝕電防護スパナ,침식 방호 스패너,Clé résistante de Mordvolt,Robuster Mordvolt-Schraubenschlüssel,Chiave resistente Elettroshock,Llave resistente de Mordvolt,Chave Resistente de Mordvolt,Резистентный ключ «Мортвольт»,ประแจ​ทน​มอร์​ด​โวลต์,Cờ Lê Kháng Mordvolt,Kunci Pas Resistans Mordvolt
蚀电防护扳手·壹型,蝕電防護扳手·I,Mordvolt Resistant Wrench T1,蝕電防護スパナⅠ,침식 방호 스패너 · I,Clé résistante de Mordvolt G1,Robuster Mordvolt-Schraubenschlüssel S1,Chiave resistente Elettroshock O1,Llave resistente de Mordvolt T1,Chave Resistente de Mordvolt T1,Резистентный ключ «Мортвольт» К1,ประแจ​ทน​มอร์​ด​โวลต์​ T1,Cờ Lê Kháng Mordvolt T1,Kunci Pas Resistans Mordvolt T1
塑形机,塑形機,Moulding Unit,成形機,성형기,Unité de moulage,Formungs-einheit,Unità di stampaggio,Unidad de moldeado,Unidade de Moldagem,Модуль формовки,ยู​นิต​ขึ้น​รูป,Máy Đúc,Unit Cetakan
塑形机模板,塑形機模板,Moulding Unit Template,成形機の設計図,성형기 템플릿,Modèle d'unité de moulage,Vorlage: Formungseinheit,Schema: unità di stampaggio,Molde de la Unidad de moldeado,Gabarito de Unidade de Moldagem,Шаблон модуля формовки,เทม​เพล​ต​ยู​นิต​ขึ้น​รูป,Mẫu Máy Đúc,Templat Unit Cetakan
塑形机 - 液体模式,塑形機 - 液體模式,Moulding Unit: Fluid Mode,成形機 - 液体対応,성형기 - 액체 모드,Unité de moulage : mode Fluide,Formungseinheit: Flüssigkeitsmodus,Unità di stampaggio: modalità liquidi,Unidad de moldeado: Modo Fluido,Unidade de Moldagem: Modo de Fluido,Модуль формовки: режим жидкостей,ยู​นิต​ขึ้น​รูป​: โหม​ด​ของเหลว,Máy Đúc: Chế Độ Lỏng,Unit Cetakan: Mode Cairan
塑形机 - 气体模式,塑形機 - 氣體模式,Moulding Unit: Gas Mode,成形機 - ガスモード,성형기 - 기체 모드,Unité de moulage : mode Gaz,Formungseinheit: Gasmodus,Unità di stampaggio: modalità gas,Unidad de moldeado: Modo gas,Unidade de Moldagem: Modo de Gás,Модуль формовки: режим газа,ยู​นิต​ขึ้น​รูป​: โหม​ด​ก๊าซ,Máy Đúc: Chế Độ Khí,Unit Cetakan: Mode Gas
负山,負山,Mountain Bearer,負山,산의 지배자,Porte-montagne,Bergträger,Portatore della montagna,Portador de montañas,Guardiã das Montanhas,Хранитель Горы,เมาเทน​ แบ​เรอร์,Sơn Thần,Mountain Bearer
山地通道,山地通道,Mountain Passage,山岳通路,산지 통로,Col de montagne,Bergpass,Passaggio montano,Paso montañoso,Passagem da Montanha,Горный перевал,ช่องทาง​ขุนเขา,Lối Mòn Qua Núi,Lintasan Gunung
山道缓坡,山道緩坡,Mountain Path Slope,山の坂道,완만한 산길,Sentier de montagne,Bergpfad-Steilhang,Sentiero di montagna in pendenza,Cuesta del sendero de la montaña,Encosta do Caminho das Montanhas,Крутая горная тропа,เส้นทาง​ลาดเอียง​ภูเขา,Dốc Đường Núi,Lereng Jalan Gunung
山地侧路,山地側路,Mountain Side Trail,山岳の道,산지 옆길,Sentier à flanc de montagne,Gebirgspfad,Sentiero laterale di montagna,Sendero por la ladera de la montaña,Trilha do Lado da Montanha,Горная обходная тропа,เส้นทาง​ด้าน​ข้าง​ภูเขา,Đường Mòn Sườn Núi,Jalur Lereng Gunung
山地顶端,山地頂端,Mountain Top,山頂,산지 정상,Cime de la montagne,Berggipfel,Cima della montagna,Cima de la montaña,Topo da Montanha,Вершина горы,ยอดเขา,Đỉnh Núi,Puncak Gunung
天师的哀思,天師的哀思,Mourning: From a Tianshi,天師の哀悼の思い,천사의 애도,Lamentations d'un Tianshi,Trauer: Von einem Tianshi,Lutto: Da un Tianshi,Duelo: De un Tianshi,Luto: De um Tianshi,Траур: от Тяньши,บันทึก​ไว้อาลัย​: จาก​เทียน​ซือ​คน​หนึ่ง,Bi Ai: Từ Thiên Sư,Ucapan Duka: Dari Seorang Tianshi
会移动的荷叶,會移動的荷葉,Moving Lotus Leaf,動く蓮の葉,움직이는 연꽃잎,Feuille de lotus mobile,Bewegliches Lotusblatt,Foglia di loto mobile,Hoja de loto en movimiento,Folha de Lótus Móvel,Плавучий лист лотоса,ใบบัว​รับ​ส่ง,Lá Sen Di Chuyển,Daun Lotus yang Bergerak
兰姆先生,蘭姆先生,Mr. Rammu,Mr.ラムール,라무르 선생님,Monsieur Rammu,Herr Rammu,Signor Rammu,Sr. Rammu,Sr. Rammu,Мистер Рамму,คุณ​รัม​มู,Ông Rammu,Pak Rammu
浊流天使,濁流天使,Mudflow,濁流アンゲロス,탁류아겔로스,Coulifange,Schlammlawine,Fangoflutto,Flujo de lodo,Lamacento,Мутноток,โคลน​ไหล,Dòng Chảy Bùn,Mudflow
浊流天使δ,濁流天使δ,Mudflow δ,濁流アンゲロスδ,탁류아겔로스 · δ,Coulifange δ,Schlammlawine δ,Fangoflutto δ,Flujo de lodo δ,Lamacento δ,Мутноток δ,โคลน​ไหล​ δ,Dòng Chảy Bùn δ,Mudflow δ
多用进阶自选箱,多用進階自選箱,Multi-Purpose Breakthrough Selection Crate,多用途昇進突破ボックス,범용 돌파 선택 상자,Caisse de sélection d'évolution polyvalente,Mehrzweck-Durchbruchs-Auswahlkiste,Cassa a scelta rivoluzionaria multifunzione,Caja de selección de hallazgos multipropósito,Caixote de Seleção Inovador Multiuso,Многофункциональный ящик с выбором прорыва,ลัง​เลือก​การ​ทะลวง​ขีดจำกัด​อเนกประสงค์,Thùng Lựa Chọn Đột Phá Đa Chức Năng,Kerat Pilihan Terobosan Serbaguna
多用经验自选箱,多用經驗自選箱,Multi-Purpose EXP Selection Crate,多用途経験値ボックス,범용 경험치 선택 상자,Caisse de sélection d'EXP polyvalente,Mehrzweck-EP-Auswahlkiste,Cassa a scelta per ESP multifunzione,Caja de selección de EXP multipropósito,Caixote de Seleção de EXP Multiuso,Многофункциональный ящик с выбором опыта,ลัง​เลือก​ EXP อเนกประสงค์,Thùng Lựa Chọn EXP Đa Chức Năng,Kerat Pilihan EXP Serbaguna
多媒体,多媒體,Multimedia,マルチメディア,멀티미디어,Multimédia,Multimedia,Reperti multimediali,Multimedia,Multimídia,Мультимедиа,มัลติมีเดีย,Đa Phương Tiện,Multimedia
悬空鼷兽骨雕货组,懸空鼷獸骨雕貨組,Musbeast Scrimshaw Dangles [pkg],浮かぶ骨彫刻セット,공중 무스비스트 뼈 조각상 상품군,Pendentifs en os de musquots gravés [colis],Meusbiest-Schnitzerei-Anhänger [Paket],Pendagli d'osso scolpito di topide (pacco),Colgantes grabados de bestia mostaza [paq.],Pingentes de Dentes Esculpidos de Esquilo [pct],Резные подвески из кости мышезверей [упак.],เครื่องประดับ​ตกแต่ง​แกะสลัก​จาก​กระดูก​มัส​บี​ส​ต์​ [แพ็ก​],Trang Trí Khắc Thú Nhắt [bộ],Juntaian Pahatan Musbeast [pkt]
执棋者的思索,執棋者的思索,Musings: A Chess Player,棋を指す人の思索,돌을 집는 자의 생각,Rêveries : un joueur d'échecs,Gedanken eines Schachspielers,Riflessioni: Un giocatore di scacchi,Reflexiones: Un jugador de ajedrez,Divagações: Um Jogador de Xadrez,Размышления: игрок в шахматы,บท​รำพัน​: ผู้​เล่น​หมากรุก,Suy Ngẫm: Kỳ Thủ Cờ Vây,Renungan: Seorang Pemain Catur
未知邀约,未知邀約,Mystery Invite,未知へのお誘い,의문의 초대,Invitation mystérieuse,Mysteriöse Einladung,Invito misterioso,Invitación al misterio,Convite Misterioso,Загадочное приглашение,คำเชิญ​ลึกลับ,Lời Mời Bí Ẩn,Undangan Misteri
神秘气泡饮料,神秘氣泡飲料,Mystery Soda,不思議な炭酸飲料,신비한 탄산음료,Soda mystérieux,Geheimnisvolle Limonade,Bibita misteriosa,Gaseosa misteriosa,Soda Misteriosa,Загадочная газировка,โซดา​พิศวง​ลึกลับ,Nước Ngọt Bí Ẩn,Soda Misteri
神秘气泡饮料·升级,神秘氣泡飲料·升級,Mystery Soda Upgrade,不思議な炭酸飲料（強化）,신비한 탄산음료 · 업그레이드,Amélioration du soda mystérieux,Verbesserung: Geheimnisvolle Limonade,Potenziamento: bibita misteriosa,Mejora de Gaseosa misteriosa,Upgrade de Soda Misteriosa,Улучшение загадочной газировки,อัป​เกรด​โซดา​พิศวง​ลึกลับ,Nâng Cấp Nước Ngọt Bí Ẩn,Upgrade untuk Soda Misteri
“云端”小憩,「雲端」小憩,"Nap on the ""Cloud""",雲の上でひとやすみ,'구름 위'의 휴식,Dormir comme sur un « nuage »,Nickerchen auf der „Wolke“,"Sonnellino sulla ""nuvola""",Siesta en la “Nube”,"Soneca na ""Nuvem""",Сон на облаке,"หลับ​ฝัน​บน​ ""ปุย​เมฆ​""",Chợp Mắt Trên “Mây”,Tidur Siang di “Awan”
自然资源,自然資源,Natural,天然資源,천연자원,Naturel,Natur,Naturale,recurso natural,Natural,природный ресурс,ธรรมชาติ,Tự Nhiên,Alami
天然晶城锭,天然晶城錠,Natural Chrysopolis Ingot,天然晶城塊,천연 결정 덩어리,Lingot de chrysopolis naturel,Natürlicher Chrysopolis-Barren,Lingotto di chrysopolis naturale,Lingote de Crisópolis natural,Lingote de Crisópolis Natural,Слиток натурального хризополиса,แท่ง​คริ​โซ​โป​ลิส​ธรรมชาติ,Thỏi Chrysopolis Tự Nhiên,Batangan Chrysopolis Alami
天然气泡水,天然氣泡水,Natural Sparkling Water,天然炭酸水,천연 탄산수,Eau pétillante naturelle,Natürliches Sprudelwasser,Acqua frizzante naturale,Agua gasificada natural,Água com Gás Natural,Натуральная газированная вода,น้ำแร่​ธรรมชาติ,Nước Có Ga Tự Nhiên,Air Berkarbonasi Alami
领航者,領航者,Navigator,ナビゲーター,항로의 개척자,Navigatrice,Navigator,Navigatore,Navegante,Navegador,Навигатор,นัก​นำทาง,Chỉ Nam Cứu Rỗi,Navigator
聂菲斯,聶菲斯,Nefarith,ネファリス,네파리스,Nefarith,Nefarith,Nefarith,Nefarith,Nefarith,Неферит,เน​ฟา​ริธ,Nefarith,Nefarith
不知归,不知歸,Never Rest,不知帰,끝없는 방랑,Pas de repos,Nimmerrast,Nessun riposo,Sin descanso,Descansar Jamais,Неустанность,เน​ฟ​เวอร์​เรสต์,Không Nghỉ,Never Rest
启程,啟程,New Horizons,旅立ち,여정의 시작,Nouveaux horizons,Neue Horizonte,Nuovi orizzonti,Nuevos horizontes,Novos Horizontes,Новые горизонты,ขอบฟ้า​ใหม่,Chân Trời Mới,Cakrawala Baru
十连启程寻访凭证,十連啟程尋訪憑證,New Horizons HH-10×Permit,「旅立ち」10回スカウト券,여정의 시작 헤드헌팅 10회 허가증,Permis REC Nouveaux horizons ×10,10er-Neue-Horizonte-RK-Genehmigung,Permesso CT-10: Nuovi orizzonti,Permiso de C.R. de Nuevos horizontes x10,Permissão para CT-10× da Novos Horizontes,Разрешение на наем х10 «Новые горизонты»,ใบอนุญาต​ HH ขอบฟ้า​ใหม่​×10,Vé Chiêu Mộ Chân Trời Mới ×10,Surat Izin HH-10× Cakrawala Baru
启程武器补给,啟程武器補給,New Horizons Weapon Supply,旅立ち武器補給,여정의 시작 무기 보급,Approvisionnement en armes - Nouveaux horizons,Waffenvorrat: Neue Horizonte,Scorta di armi: Nuovi orizzonti,Suministro de Armas de Nuevos horizontes,Suprimento de Armas Novos Horizontes,Ящик оружия «Новые горизонты»,เสบียง​อาวุธ​ขอบฟ้า​ใหม่,Gói Vũ Khí Chân Trời Mới,Suplai Senjata Cakrawala Baru
新建会议纪要（51）,新增會議紀要（51）,New Meeting Recap (51),新規議事録（51）,새 회의록(51),Compte rendu de nouvelle réunion (51),Zusammenfassung der Sitzung (51),Riepilogo della riunione (51),Resumen de la nueva reunión (51),Recapitulação da Nova Reunião (51),Новый конспект встречи (51),สรุป​การประชุม​ฉบับ​ใหม่​ (51),Biên Bản Cuộc Họp Mới (51),Rekap Rapat Baru (51)
总控升级奖章,總控升級獎章,Nexus Upgrader,指揮中枢レベルアップ勲章,핵심 제어 업그레이드 훈장,Amélioration du Nexus,Nexus-Verbesserung,Nexus potenziato,Actualizador de nexus,Atualizador do Nexus,Улучшение нексуса,ตัว​อัป​เกรด​เ​น็​ก​ซัส,Nâng Cấp Trung Tâm,Pakar Upgrade Nexus
虬兽的须,虯獸的鬚,Nidwyrm Whiskers,蛟獣のひげ,니드웜의 수염,Moustaches de nidwyrm,Nidwurm-Schnurrhaare,Vibrisse di drago delle sabbie,Bigotes de Nidwyrm,Bigodes de Verminídeos,Усики нидвурма,นิด​เ​วิ​ร์​ม​ วิส​เกอร์,Râu Nidwyrm,Kumis Nidwyrm
旧日梦魇,舊日夢魘,Nightmares from the Past,旧き悪夢,과거의 악몽,Cauchemars du passé,Albträume aus der Vergangenheit,Incubi dal passato,Pesadillas del pasado,Pesadelos do Passado,Кошмары из прошлого,ฝันร้าย​จาก​อดีต,Ác Mộng Từ Quá Khứ,Mimpi Buruk dari Masa Lalu
割云翁,割雲翁,Nimbus Razor,切雲老,할운옹,Tranche-nimbus,Nimbus-Klinge,Squarcia-nembi,Navaja de Nimbus,Navalha de Nimbus,Тучерез,นิม​บัส​ เร​เซอร์,Đao Phủ Nimbus,Nimbus Razor
镍钛合金钢材,鎳鈦合金鋼材,Nitiloid Steel,ニッケルチタン合金,니켈 합금 강재,Acier nitiloïde,Nitiloider Stahl,Acciaio nitiloide,Acero nitiloide,Aço Nitiloide,Нитилоидная сталь,เหล็กไน​ทิ​โล​อิด,Thép Nitiloid,Baja Nitiloid
结核精炼芯片1,結核精煉晶片1,Nodule Refining Chip 1,晶核精錬チップ1,결핵 정련 칩 1,Puce de raffinage de nodule 1,Nodulus-Veredelungs-Chip 1,Chip della raffinazione nodulo 1,Chip para refinar nódulos 1,Chip de Refino de Nódulos 1,Чип для очистки отложений 1,ชิป​การก​ลั่น​หลอม​ก้อน​ผลึก​ 1,Chip Tinh Luyện Kết Tinh 1,Chip Rafinasi Nodul 1
结核精炼芯片2,結核精煉晶片2,Nodule Refining Chip 2,晶核精錬チップ2,결핵 정련 칩 2,Puce de raffinage de nodule 2,Nodulus-Veredelungs-Chip 2,Chip della raffinazione nodulo 2,Chip para refinar nódulos 2,Chip de Refino de Nódulos 2,Чип для очистки отложений 2,ชิป​การก​ลั่น​หลอม​ก้อน​ผลึก​ 2,Chip Tinh Luyện Kết Tinh 2,Chip Rafinasi Nodul 2
诺伯特的全新收藏品,諾伯特的全新收藏品,Norbert's Brand New Collection,ノルベルトの最新コレクション,노버트의 새로운 소장품,Toute nouvelle collection de Norbert,Norberts brandneue Sammlung,Nuova collezione di Norbert,Colección totalmente nueva de Norbert,Nova Coleção de Norbert,Новая коллекция Норберта,คอลเลกชัน​ใหม่เอี่ยม​ของ​นอร์​เบิร์ต,Bộ Sưu Tập Mới Tinh của Norbert,Koleksi Serbabaru Norbert
诺伯特的收藏品,諾伯特的收藏品,Norbert's Collection,ノルベルトのコレクション,노버트의 소장품,Collection de Norbert,Norberts Sammlung,Collezione di Norbert,Colección de Norbert,Coleção de Norbert,Коллекция Норберта,คอลเลกชัน​ของ​นอร์​เบิร์ต,Bộ Sưu Tập Của Norbert,Koleksi Norbert
北谷浮崖,北谷浮崖,North Gorge Crag,谷北の浮崖,북쪽 골짜기 부유 절벽,Rocher escarpé de la gorge septentrionale,Nordschluchtwand,Rupe della gola nord,Peñasco del desfiladero norte,Penhasco do Desfiladeiro Norte,Утес северного ущелья,เงื้อม​ผา​หุบเขา​ทางเหนือ,Vách Đá Hẻm Núi Phía Bắc,Tebing Ngarai Utara
北部禁区,北部禁區,North Wuling Exclusion Zone,北部封鎖区域,북쪽 금지 구역,Zone d'exclusion du nord de Wuling,Sperrzone Nord-Wuling,Area interdetta di Wuling Nord,Zona de exclusión norte de Wuling,Zona de Exclusão do Norte de Wuling,Зона отчуждения северного Улина,เขต​พิเศษ​อู่​หลิง​เหนือ,Khu Cấm Bắc Võ Lăng,Zona Eksklusi Wuling Utara
非惯性微笑,非慣性微笑,Not the Usual Smile,ぎこちない微笑み,어색한 웃음,Sourire inhabituel,Außergewöhnliches Lächeln,Non il solito sorriso,Una sonrisa poco habitual,Não é o Sorriso de Sempre,Непривычная улыбка,รอยยิ้ม​ที่​ไม่​คุ้นเคย,Nụ Cười Khác Thường,Senyumnya Agak Beda
疑似裂地者留下的纸条,疑似裂地者留下的紙條,Note Believed Left by a Landbreaker,ランドブレーカーが残したと思われるメモ,랜드브레이커가 남긴 것 같은 쪽지,Note vraisemblablement laissée par un Brise-Terre,Von einem Landbrecher zurückgelassene Notiz,Appunti lasciati presumibilmente da un Fenditerra,Nota que aparentemente dejó un Rompesuelos,Acredita-se que a nota tenha sido deixada por um Invasor de Terras,"Запись, похоже, оставленная Землекрушителем",บันทึก​ที่​เชื่อ​ว่า​พวก​แลนด์​เบรก​เกอร์​ทิ้ง​ไว้,Ghi Chú Của Landbreaker Để Lại,Catatan yang Diduga Ditinggalkan oleh Landbreaker
饱含怀念的纸条,飽含懷念的紙條,Note Filled with Nostalgia,懐かしさに満ちたメモ,그리움이 담긴 쪽지,Note empreinte de nostalgie,Notiz voller Wehmut,Appunti carichi di nostalgia,Nota cargada de nostalgia,Nota Cheia de Nostalgia,Ностальгическая записка,บันทึก​ที่​เต็มไปด้วย​การรำลึก​ความหลัง,Ghi Chú Đầy Hoài Niệm,Catatan Penuh Nostalgia
挂在竹子上的字条,掛在竹子上的字條,Note Hanging from a Bamboo,竹に掛けられた短冊,대나무에 걸린 쪽지,Message accroché à un bambou,Vom Bambushalm hängende Notiz,Biglietto appeso al bambù,Nota colgada de un bambú,Nota pendurada em um bambu,Записка на бамбуке,บันทึก​ที่​ห้อย​ไว้​กับ​ต้น​ไผ่,Mảnh giấy treo trên cành tre,Catatan yang Tergantung di Bambu
塞在墙缝中的纸条,塞在牆縫中的紙條,Note Stuffed in A Wall Crack,壁の隙間に挟まれたメモ,벽 틈에 끼워진 쪽지,Note glissée dans la fissure d'un mur,"Notiz, die in einer Wandritze versteckt war",Biglietto infilato in una fessura nel muro,Nota metida en una grieta de la pared,Nota colocada em uma rachadura na parede,Записка из трещины в стене,บันทึก​ที่​ยัด​ไว้​ใน​รอยแยก​กำแพง,Mảnh ghi chú bị nhét trong một khe nứt trên tường,Catatan dalam Celah Dinding
寨民的纸条（一）,寨民的紙條（一）,Note: From a Stockade Resident (1),砦の住民のメモ（1）,청파채 주민의 쪽지(1),Note d'un habitant de la palanque (1),Notiz von einem Palisadenbewohner (1),Biglietto di un residente della Palizzata (1),Nota: de un residente de la Empalizada (1),Nota: De um Habitante da Paliçada (1),Записка: от жителя лагеря (1),บันทึก​: จาก​ผู้อยู่อาศัย​ใน​ค่าย​ (1),Ghi Chú: Từ Một Dân Trại (1),Catatan: Dari Warga Kampung Benteng (1)
寨民的纸条（二）,寨民的紙條（二）,Note: From a Stockade Resident (2),砦の住民のメモ（2）,청파채 주민의 쪽지(2),Note d'un habitant de la palanque (2),Notiz von einem Palisadenbewohner (2),Biglietto di un residente della Palizzata (2),Nota: de un residente de la Empalizada (2),Nota: De um Habitante da Paliçada (2),Записка: от жителя лагеря (2),บันทึก​: จาก​ผู้อยู่อาศัย​ใน​ค่าย​ (2),Ghi Chú: Từ Một Dân Trại (2),Catatan: Dari Warga Kampung Benteng (2)
寨民的纸条（三）,寨民的紙條（三）,Note: From a Stockade Resident (3),砦の住民のメモ（3）,청파채 주민의 쪽지(3),Note d'un habitant de la palanque (3),Notiz von einem Palisadenbewohner (3),Biglietto di un residente della Palizzata (3),Nota: de un residente de la Empalizada (3),Nota: De um Habitante da Paliçada (3),Записка: от жителя лагеря (3),บันทึก​: จาก​ผู้อยู่อาศัย​ใน​ค่าย​ (3),Ghi Chú: Từ Một Dân Trại (3),Catatan: Dari Warga Kampung Benteng (3)
伊冯随手写下的笔记,伊馮隨手寫下的筆記,Notes Casually Written by Yvonne,イヴォンヌがふと書き記したメモ,이본이 손이 가는 대로 끄적인 노트,Notes désinvoltes d'Yvonne,Beiläufig verfasste Notizen von Yvonne,Appunti informali scritti da Yvonne,Notas casualmente escritas por Yvonne,Notas Escritas Casualmente por Yvonne,Повседневные записки Ивонны,บันทึก​ที่​อี​วอน​เขียน​ขึ้น​อย่าง​เป็นกันเอง,Ghi Chú Ngẫu Nhiên Được Viết Bởi Yvonne,Catatan Ringan yang Ditulis Yvonne
轮胎缝隙里的纸条,輪胎縫隙裡的紙條,Notes From a Crack in a Tire,タイヤの隙間に挟まれたメモ,타이어 틈에 끼워진 쪽지,Notes glissées dans la crevasse d'un pneu,Nachricht aus einem Riss in einem Reifen,Biglietto nella crepa di uno pneumatico,Notas desde una grieta en una llanta,Notas de uma Rachadura em um Pneu,Записка из трещины в шине,บันทึก​จาก​ร่อง​แตก​ใน​ยาง​รถ,Ghi chú từ một vết nứt trên lốp xe,Catatan dari Retakan di Ban
字迹癫狂的纸条,字跡癲狂的紙條,Notes of Insanity,狂気に歪んだメモ,광기에 찬 필적의 쪽지,Notes sans queue ni tête,Notizen des Wahnsinns,Appunti folli,Notas de locura,Notas de Insanidade,Безумные записки,บันทึก​แห่ง​ความบ้า​คลั่ง,Ghi chép điên loạn,Catatan Gila
某位天师学徒的笔记,某位天師學徒的筆記,Notes: A Certain Tianshi Disciple,ある見習い天師のメモ,어느 천사 제자의 노트,Note : un certain disciple Tianshi,Notizen: Ein gewisser Tianshi-Schüler,Appunti: Un/a determinato/a discepolo/a Tianshi,Notas: Cierto discípulo Tianshi,Notas: Um Certo Discípulo Tianshi,Заметки: некий последователь Тяньши,บันทึก​: ศิษย์​เทียน​ซือ​คน​หนึ่ง,Ghi Chú: Một Học Trò Thiên Sư Nào Đó,Catatan: Seorang Murid Tianshi
业余者的研究,業餘者的研究,Notes: Amateur Scientist,素人の研究,비전문가의 연구,Notes d'un scientifique amateur,Notizen: Amateur-Wissenschaftler,Appunti: specialista amatoriale,Notas de un científico aficionado,Notas: Cientista Amador,Заметки: ученый-любитель,บันทึก​: นักวิทยาศาสตร์​มือสมัครเล่น,Ghi Chú: Nhà Khoa Học Nghiệp Dư,Catatan: Ilmuwan Amatir
检查者的笔记,檢查者的筆記,Notes: An Inspector,確認係のノート,점검자의 노트,Notes d'un inspecteur,Notizen: Inspektion,Appunti: Un ispettore,Notas: Un inspector,Notas: Um Inspetor,Заметки: инспектор,โน้ต​บันทึก​: ผู้ตรวจสอบ,Ghi Chú: Thanh Tra,Catatan: Seorang Inspektur
应龙队员的笔记,應龍隊員的筆記,Notes: An Yinglung,応龍隊員のメモ,응룡 대원의 노트,Note : Yinglung,Notizen: Ein Yinglung,Appunti: Uno Yinglung,Notas: Un Yinglung,Notas: Um Yinglung,Заметки: боец «Инлуна»,บันทึก​: หน่วย​ห​ยิง​หลง,Ghi Chú: Một Đặc Nhiệm,Catatan: Anggota Yinglung
古董爱好者的笔记（一）,古董愛好者的筆記（一）,Notes: Antique Enthusiast (1),骨董品愛好家のノート（1）,골동품 마니아의 노트(1),Notes : fan d'antiquités (1),Notizen: Antiquitätenfan (1),Appunti: Amante dell'antiquariato (1),Notas: Entusiasta de las antigüedades (1),Notas: Entusiasta de Antiguidades (1),Заметки: коллекционер антиквариата (1),บันทึก​: นัก​สะสม​ของเก่า​ (1),Ghi Chú: Người Say Mê Đồ Cổ (1),Catatan: Penggemar Barang Antik (1)
古董爱好者的笔记（二）,古董愛好者的筆記（二）,Notes: Antique Enthusiast (2),骨董品愛好家のノート（2）,골동품 마니아의 노트(2),Notes : fan d'antiquités (2),Notizen: Antiquitätenfan (2),Appunti: Amante dell'antiquariato (2),Notas: Entusiasta de las antigüedades (2),Notas: Entusiasta de Antiguidades (2),Заметки: коллекционер антиквариата (2),บันทึก​: นัก​สะสม​ของเก่า​ (2),Ghi Chú: Người Say Mê Đồ Cổ (2),Catatan: Penggemar Barang Antik (2)
古董爱好者的笔记（三）,古董愛好者的筆記（三）,Notes: Antique Enthusiast (3),骨董品愛好家のノート（3）,골동품 마니아의 노트(3),Notes : fan d'antiquités (3),Notizen: Antiquitätenfan (3),Appunti: Amante dell'antiquariato (3),Notas: Entusiasta de las antigüedades (3),Notas: Entusiasta de Antiguidades (3),Заметки: коллекционер антиквариата (3),บันทึก​: นัก​สะสม​ของเก่า​ (3),Ghi Chú: Người Say Mê Đồ Cổ (3),Catatan: Penggemar Barang Antik (3)
古董爱好者的笔记（四）,古董愛好者的筆記（四）,Notes: Antique Enthusiast (4),骨董品愛好家のノート（4）,골동품 마니아의 노트(4),Notes : fan d'antiquités (4),Notizen: Antiquitätenfan (4),Appunti: Amante dell'antiquariato (4),Notas: Entusiasta de las antigüedades (4),Notas: Entusiasta de Antiguidades (4),Заметки: коллекционер антиквариата (4),บันทึก​: นัก​สะสม​ของเก่า​ (4),Ghi Chú: Người Say Mê Đồ Cổ (4),Catatan: Penggemar Barang Antik (4)
城内医生的笔记（一）,城內醫生的筆記（一）,Notes: City Doctor (1),城内にいる医者のメモ（1）,성내 의사의 노트(1),Notes : médecin de ville (1),Notizen: Doktor in der Stadt (1),Appunti: Medico cittadino (1),Notas: Doctor de la ciudad (1),Notas: Médico da Cidade (1),Заметки: городской доктор (1),บันทึก​: แพทย์​ประจำเมือง​ (1),Ghi Chú: Tiến Sĩ Thành Phố (1),Catatan: Dokter Kota (1)
城内医生的笔记（二）,城內醫生的筆記（二）,Notes: City Doctor (2),城内にいる医者のメモ（2）,성내 의사의 노트(2),Notes : médecin de ville (2),Notizen: Doktor in der Stadt (2),Appunti: Medico cittadino (2),Notas: Doctor de la ciudad (2),Notas: Médico da Cidade (2),Заметки: городской доктор (2),บันทึก​: แพทย์​ประจำเมือง​ (2),Ghi Chú: Tiến Sĩ Thành Phố (2),Catatan: Dokter Kota (2)
被翻找出来的笔记,被翻找出來的筆記,Notes: Found From Somewhere,掘り出されたメモ,뒤적이다 나온 노트,Notes trouvées quelque part,Notizen: Irgendwo gefunden,Appunti: Trovata da qualche parte,Notas: Encontrado en algún lugar,Notas: Encontrado em algum lugar,Заметки: находка откуда-то,บันทึก​: พบ​จาก​ที่ไหน​สัก​แห่ง,Ghi Chú: Tìm Được Từ Đâu Đó,Catatan: Ditemukan Entah dari Mana
医生的诊疗笔记,醫生的診療筆記,Notes: Physician's Observations,医者の診療ノート,의사의 진료 기록,Notes : observations du médecin,Notizen: Beobachtungen des Arztes,Appunti: Osservazioni di un medico,Notas: Observaciones del médico,Notas: Observações do Médico,Заметки: наблюдения врача,บันทึก​: ข้อสังเกต​ของ​แพทย์,Ghi Chú: Quan Sát Của Bác Sĩ,Catatan: Pengamatan Dokter
技术职工的笔记（一）,技術職工的筆記（一）,Notes: Technical Laborer (1),技術スタッフのメモ（1）,기술직 직원의 노트(1),Notes : technicien (1),Notizen: Technischer Arbeiter (1),Appunti: Operaio tecnico (1),Notas: Técnico obrero (1),Notas: Operário Técnico (1),Заметки: техник (1),บันทึก​: แรงงาน​เทคนิค​ (1),Ghi Chú: Kỹ Thuật Viên (1),Catatan: Pekerja Teknis (1)
技术职工的笔记（二）,技術職工的筆記（二）,Notes: Technical Laborer (2),技術スタッフのメモ（2）,기술직 직원의 노트(2),Notes : technicien (2),Notizen: Technischer Arbeiter (2),Appunti: Operaio tecnico (2),Notas: Técnico obrero (2),Notas: Operário Técnico (2),Заметки: техник (2),บันทึก​: แรงงาน​เทคนิค​ (2),Ghi Chú: Kỹ Thuật Viên (2),Catatan: Pekerja Teknis (2)
天师学徒的笔记（一）,天師學徒的筆記（一）,Notes: Tianshi Disciple (1),見習い天師のメモ（1）,천사 제자의 노트(1),Notes : disciple Tianshi (1),Notizen: Tianshi-Schüler (1),Appunti: Discepolo/a Tianshi (1),Notas: Discípulo Tianshi (1),Notas: Discípulo Tianshi (1),Заметки: последователь Тяньши (1),บันทึก​: ศิษย์​เทียน​ซือ​ (1),Ghi Chú: Học Trò Thiên Sư (1),Catatan: Murid Tianshi (1)
天师学徒的笔记（二）,天師學徒的筆記（二）,Notes: Tianshi Disciple (2),見習い天師のメモ（2）,천사 제자의 노트(2),Note : disciple Tianshi (2),Notizen: Tianshi-Schüler (2),Appunti: Discepolo/a Tianshi (2),Notas: Discípulo Tianshi (2),Notas: Discípulo Tianshi (2),Заметки: последователь Тяньши (2),หมายเหตุ​: ศิษย์​เทียน​ซือ​ (2),Ghi Chú: Học Trò Thiên Sư (2),Catatan: Murid Tianshi (2)
天师学徒的笔记（三）,天師學徒的筆記（三）,Notes: Tianshi Disciple (3),見習い天師のメモ（3）,천사 제자의 노트(3),Note : disciple Tianshi (3),Notizen: Tianshi-Schüler (3),Appunti: Discepolo/a Tianshi (3),Notas: Discípulo Tianshi (3),Notas: Discípulo Tianshi (3),Заметки: последователь Тяньши (3),หมายเหตุ​: ศิษย์​เทียน​ซือ​ (3),Ghi Chú: Học Trò Thiên Sư (3),Catatan: Murid Tianshi (3)
讲解词笔记,講解詞筆記,Notes: Tour Guiding Script,解説ノート,해설이 적힌 노트,Notes : texte de visite guidée,Notizen: Skript für Führungen,Appunti: Copione di una guida turistica,Notas: Guion del guía turístico,Notas: Roteiro para Guia Turístico,Заметки: сценарий экскурсии,โน้ต​บันทึก​: บท​สคริปต์​นำเที่ยว,Ghi Chú: Kịch Bản Hướng Dẫn Tham Quan,Catatan: Naskah Panduan Tur
土木天师的记录,土木天師的紀錄,Notes: Tumu Tianshi,土木天師の記録,토목 천사의 기록,Notes : Tumu Tianshi,Notizen: Tumu Tianshi,Appunti: Tumu Tianshi,Notas: Tumu Tianshi,Notas: Tumu Tianshi,Заметки: инженер Тяньши,บันทึก​: ทู​มู่​ เทียน​ซือ,Ghi Chú: Thợ Mộc Thiên Sư,Catatan: Tianshi Tumu
神秘人的笔记,神秘人的筆記,Notes: Written by Someone Mysterious,謎の人物のメモ,정체 모를 사람의 노트,Note rédigée par une personne inconnue,Notizen: Von einer mysteriösen Person,Appunti: Scritti da anonimo,Notas: Escritas por alguien misterioso,Notas: Escritas por Alguém Misterioso,Заметки: таинственный автор,หมายเหตุ​: เขียน​โดย​บุคคล​ลึกลับ,Ghi Chú: Do Một Người Bí Ẩn Viết,Catatan: Ditulis oleh Entah Siapa
新人跑者的通信,新人跑者的通訊,Novice Runner's Message,新人ランナーの通信記録,신입 러너의 통신,Message de coureur débutant,Nachricht eines unerfahrenen Läufers,Messaggio dal corridore principiante,Mensaje del corredor novato,Mensagem do Corredor Novato,Сообщение новичка-бегуна,ข้อความ​ของ​นัก​วิ่ง​ฝึกหัด,Tin Nhắn Của Người Chạy Mới,Pesan Pelari Pemula
NPC,NPC,NPC,NPC,NPC,PNJ,NPC,PNG,NPC,NPC,NPC,NPC,NPC,NPC
冬虫夏笋货组,冬蟲夏筍貨組,Nymphsprout [pkg],冬虫夏筍セット,동충하순 상품군,Germenymphe [colis],Nymphenspross [Paket],Germogli di ninfa (pacco),Brote de ninfa [paq.],Ninfobroto [pct],Нимфопобег [упак.],หน่อ​นิม​ฟ์​ [แพ็ก​],Đông Trùng Hạ Thảo [bộ],Nymphsprout [pkt]
O.B.J.术识,O.B.J.術識,OBJ Arts Identifier,O.B.J.術識,O.B.J. 아츠 아이덴티티,OBJ Identificateur des Arts,OBJ Techniken-Bestimmer,Identifica-Arti OBJ,OBJ Identificador de Artes,OBJ Identificador de Artes,OBJ Идентификатор искусств,OBJ ผู้อ่าน​เวท,OBJ Bộ Nhận Dạng Thuật Pháp,OBJ Arts Identifier
O.B.J.轻芒,O.B.J.輕芒,OBJ Edge of Lightness,O.B.J.軽刃,O.B.J. 엣지 오브 라이트,OBJ Frontières de la lumière,OBJ Ende der Leichtigkeit,Confine della leggerezza OBJ,'OBJ Filo de la ligereza,OBJ Fio da Leveza,OBJ Клинок света,OBJ คม​แห่ง​แสง,OBJ Bờ Rìa Ánh Sáng,OBJ Edge of Lightness
O.B.J.重荷,O.B.J.重荷,OBJ Heavy Burden,O.B.J.重責,O.B.J. 헤비 버든,OBJ Lourd fardeau,OBJ Schwere Last,Fardello OBJ,OBJ Carga Pesada,OBJ Fardo Pesado,OBJ Тяжелое бремя,OBJ ภาระ​หนักหนา,OBJ Gánh Nặng Nặng Nề,OBJ Heavy Burden
O.B.J.尖峰,O.B.J.尖峰,OBJ Razorhorn,O.B.J.鋭矛,O.B.J. 스파이크,OBJ Rasecorne,OBJ Klingenhorn,Corno tagliente OBJ,OBJ Cuerno afilado,OBJ Chifre-Navalha,OBJ Рог-бритва,OBJ เร​เซอร์​ฮอร์น,OBJ Sừng Thép,OBJ Razorhorn
O.B.J.迅极,O.B.J.迅極,OBJ Velocitous,O.B.J.迅速,O.B.J. 벨로시투스,OBJ Vélocité,OBJ Windeseile,Velocitas OBJ,OBJ Velocitante,OBJ Velocitus,OBJ Прыть,OBJ วี​โล​ซิ​ตัส,OBJ Tốc Hành,OBJ Velocitous
遗忘,遺忘,Oblivion,遺忘,망각,Oubli,Vergessenheit,Oblio,Olvido,Esquecimento,Забвение,ความว่างเปล่า,Lãng Quên,Oblivion
一号观测台,一號觀測台,Observation Deck 1,1号観測台,1번 관측대,Pont d'observation 1,Beobachtungsdeck 1,Ponte d'osservazione 1,Mirador 1,Deque de Observação 1,Смотровая площадка 1,จุด​สังเกตการณ์​ 1,Bàn Quan Sát 1,Dek Pengamatan 1
奇松岭,奇松嶺,Odd Pine Ridge,怪松山脈,기송 산맥,Crête des pins insolites,Seltsamer Kieferkamm,Cresta dei pini strana,Cresta de pinos raros,Serra do Pinheiro,Хребет Диковинной Сосны,ทิวสน​ประหลาด,Đồi Thông Kỳ Dị,Bukit Pinus Aneh
古剑崖,古劍崖,Old Blade Precipice,古剣崖,옛 검 절벽,À-pic de la vieille lame,Altklingensteilhang,Precipizio dell'antica lama,Precipicio de la hoja antigua,Precipício da Velha Espada,Обрыв старого клинка,ชะง่อน​ผา​คม​ดาบ​โบราณ,Vách Đao Cổ,Tebing Pedang Tua
陈旧的闲谈记录,陳舊的閒談紀錄,Old Chat Records,昔の雑談記録,낡은 잡담 기록,Vieux messages archivés,Alte Chat-Aufzeichnungen,Registri di vecchie chat,Registros de chat antiguos,Registros de Chat Antigos,Старые записи из чата,บันทึก​บทสนทนา​เก่า,Nhật Ký Trò Chuyện Cũ,Rekaman Obrolan Lama
旧时的通信记录,舊時的通訊紀錄,Old Communication Log,古い通信記録,과거의 통신 기록,Vieux journal de communication,Altes Kommunikationslog,Vecchio registro delle comunicazioni,Registro de comunicación antiguo,Log de Comunicação Antigo,Старый журнал связи,บันทึก​การสื่อสาร​เก่า,Nhật Ký Liên Lạc Cũ,Log Komunikasi Lama
旧式传送带,舊式傳送帶,Old Conveyor Belt,旧式ベルトコンベア,구형 컨베이어 벨트,Vieux tapis roulant,Altes Förderband,Vecchio nastro trasportatore,Cinta transportadora antigua,Esteira de Transporte Antiga,Старая конвейерная лента,สายพาน​ลำเลียง​เก่า,Băng Tải Cũ,Sabuk Konveyor Tua
旧宿舍区,舊宿舍區,Old Dorms,旧宿舎,옛 숙소 구역,Vieux dortoirs,Alte Schlafsäle,Vecchi dormitori,Dormitorios antiguos,Alojamentos Antigos,Старые общежития,หอพัก​เก่า,KTX Cũ,Asrama Tua
陈旧的娱乐杂志,陳舊的娛樂雜誌,Old Entertainment Magazine,古びた娯楽雑誌,오래된 오락 잡지,Vieux magazine de divertissement,Altes Unterhaltungsmagazin,Vecchia rivista d'intrattenimento,Revista de entretenimiento antigua,Revista de Entretenimento Antiga,Старый развлекательный журнал,นิตยสาร​บันเทิง​เก่า,Tạp Chí Giải Trí Cũ,Majalah Hiburan Tua
旧工厂区,舊工廠區,Old Factory,旧工場,옛 공장 구역,Ancienne usine,Alte Fabrik,Vecchia fabbrica,Fábrica antigua,Fábrica Antiga,Старый завод,โรงงาน​เก่า,Nhà Máy Cũ,Pabrik Tua
未寄出的旧信,未寄出的舊信,Old Letter: Undelivered,出されなかった古い手紙,보내지 못한 편지,Vieille lettre non remise,Alter Brief: Nicht zugestellt,Vecchia lettera: Non consegnata,Carta antigua: Sin entregar,Carta Antiga: Não Entregue,Старое неотправленное письмо,จดหมาย​เก่า​: ยัง​ไม่​ถูก​ส่ง,Thư Cũ: Chưa Gửi,Surat Lama: Tidak Terkirim
陈旧的清单,陳舊的清單,Old List,古びたリスト,낡은 목록,Vieille liste,Alte Liste,Vecchia lista,Lista antigua,Lista Antiga,Старый список,รายการ​เก่า,Danh Sách Cũ,Daftar Lama
约翰老爹汉堡,約翰老爹漢堡,Old Man John's Burger,ダディ・ジョンズバーガー,존 어르신의 햄버거,Burger du vieux John,Burger vom alten John,Hamburger del vecchio John,Hamburguesa del Viejo John,Hambúrguer do Velho John,Бургер Старого Джона,เบอร์เกอร์​ของ​ตา​เฒ่า​จอห์น,Bánh Mì Kẹp Của Cụ John,Burger Pak Tua John
脏污的旧留言,髒汙的舊留言,Old Memo: Stained and Dirty,汚れた古いメッセージ,때 묻은 오래된 메시지,Vieux mémo taché et sale,Alte Notiz: Befleckt und schmutzig,Vecchia nota: Sporca e macchiata,Memorándum antiguo: Manchado y sucio,Memo Antigo: Manchado e Sujo,Старая грязная записка,บันทึก​เก่า​: เปื้อน​และ​สกปรก,Bản Ghi Chú Cũ: Vấy Bẩn và Lấm Lem,Memo Lama: Bernoda dan Kotor
旧矿区,舊礦區,Old Mines,旧鉱区,옛 광산 지역,Vieilles mines,Alte Minen,Vecchie miniere,Minas antiguas,Minas Antigas,Старые шахты,เหมือง​เก่า,Khu Mỏ Cũ,Tambang Tua
泛黄的《回收利用小技巧》,泛黃的《回收利用小技巧》,Old Pamphlet: Recycling Tips,黄ばんだ『リサイクル活用のコツ』,누렇게 바랜 <재활용 꿀팁>,Vieille brochure : astuces de recyclage,Alte Broschüre: Recyclingtipps,Vecchio volantino: Consigli per il riciclo,Folleto antiguo: Consejos de reciclaje,Panfleto Antigo: Dicas de Reciclagem,Старый буклет «Советы по переработке»,แผ่นพับ​เ​ก่าๆ​: เคล็ดลับ​ใน​การ​รีไซเคิล,Tờ Rơi Cũ: Mẹo Tái Chế,Pamflet Lama: Tip Daur Ulang
老照片,老照片,Old Photograph,古い写真,오래된 사진,Vieille photo,Altes Foto,Vecchia fotografia,Fotografía vieja,Fotografia Antiga,Старая фотография,ภาพถ่าย​ใบ​เ​ก่าๆ,Bức Ảnh Cũ,Foto Tua
提示打针的旧纸条,提示打針的舊紙條,Old Reminder: Get Your Injections,注射を促す古びたメモ,주사 알림이 적힌 낡은 쪽지,Vieux rappel : N'oubliez pas vos injections,Alte Erinnerung: Impfungen nicht vergessen,Vecchio promemoria: È ora delle tue iniezioni!,Viejo recordatorio: Pónganse sus inyecciones,Lembrete Antigo: Tome Suas Injeções,Старое напоминание: всем сделать уколы,บันทึก​เตือน​ความจำ​ฉบับ​เก่า​: อย่า​ลืม​ไป​ฉีดวัคซีน,Lời nhắc cũ: Tiêm thuốc đi,Pengingat Lama: Jangan Lupa Suntik
陈旧的研究资料,陳舊的研究資料,Old Research Data,古びた研究資料,낡은 연구 자료,Anciennes données de recherche,Alte Forschungsdaten,Vecchi dati di ricerca,Datos de investigación antiguos,Dados de Pesquisa Antigos,Старые данные исследований,ข้อมูล​วิจัย​เก่า,Dữ Liệu Nghiên Cứu Cũ,Data Penelitian Lama
旧供水设施,舊供水設施,Old Water Plant,旧水処理場,오래된 급수 설비,Ancienne station de distribution d'eau,Altes Wasserkraftwerk,Vecchio impianto idrico,Antigua planta de agua,Antiga Estação de Água,Старая станция водоочистки,โรงงาน​ผลิต​น้ำ​เก่า,Nhà Máy Nước Cũ,Pabrik Pengolahan Air Tua
全向声波塔,全向聲波塔,Omnidirectional Sonic Tower,音波塔,전 방향 음파 타워,Tour sonique omni.,Rundstrahl-Schallturm,Torretta sonica omnidirezionale,Torre sónica omnidireccional,Torre Sônica Omnidirecional,Всенаправл. звуковая вышка,ป้อม​คลื่นเสียง​รอบทิศทาง,Tháp Sóng Âm Đa Hướng,Menara Sonik Omnidireksi
全向声波塔模板,全向聲波塔模板,Omnidirectional Sonic Tower Template,音波塔の設計図,전 방향 음파 타워 템플릿,Modèle de tour sonique omnidirectionnelle,Vorlage: Rundstrahl-Schallturm,Schema: torretta sonica omnidirezionale,Molde de Torre sónica omnidireccional,Gabarito de Torre Sônica Omnidirecional,Шаблон всенаправленной звуковой вышки,เทม​เพล​ต​ป้อม​คลื่นเสียง​รอบทิศทาง,Mẫu Tháp Sóng Âm Đa Hướng,Templat Menara Sonik Omnidireksi
O.M.V.帝江号,O.M.V.帝江號,OMV Dijiang,O.M.V.帝江号,O.M.V.제강호,VMO Dijiang,OMV Dijiang,OMV Dijiang,NMO Dijiang,NMO Dijiang,ОМК «Дицзян»,OMV ตี้​เจียง,Tàu Vũ Trụ Originium Dijiang,PPO Dijiang
终末地工业新干员必知——有关天使,終末地工業新幹員必知——有關天使,Onboarding Essentials for Endfield Operators — Aggeloi,エンドフィールド新任オペレーター必見――アンゲロスについて,엔드필드 공업 신입 오퍼레이터가 알아야 할 필수 지식: 아겔로스,FAQ : intégration des opérateurs d'Endfield — Les Aggeloi,Grundwissen für Endfield-Operatoren – Aggeloi,Fondamenti di inserimento per operatori Endfield: Aggeloi,Conceptos básicos de inducción para operadores de Endfield — Aggeloi,Fundamentos da Integração para Operadores da Endfield — Aggeloi,Вводная информация для оперативников Endfield: аггелы,คู่มือ​เบื้องต้น​สำหรับ​โอเปอเรเตอร์​แห่ง​ Endfield — แอง​เกลอ​ย,Tài Liệu Hướng Dẫn Cơ Bản Cho Các Cán Viên Endfield - Aggeloi,Topik Pokok untuk Orientasi Operator Endfield—Aggelos
拳与心合十连凭证,拳與心合十連憑證,One with Her Fists 10×Permit,「拳心一体」10回スカウト券,권심일체 10회 허가증,Permis Communion des poings ×10,„Eins mit ihren Fäusten“-10er-Genehmigung,Permesso CT-10: A suon di pugni,Permiso x10 de Una con sus puños,Permissão 10× Uma Com Seus Punhos,Разрешение х10 «Единая с кулаками»,หนึ่งเดียว​กับ​กำปั้น​ ใบอนุญาต​×10,Vé ×10 Quyền Ý Hợp Nhất,Surat Izin 10× Menyatu dengan Tinjunya
拳与心合寻访凭证,拳與心合尋訪憑證,One with Her Fists HH Permit,「拳心一体」スカウト券,권심일체 헤드헌팅 허가증,Permis REC Communion des poings,„Eins mit ihren Fäusten“-RK-Genehmigung,Permesso CT: A suon di pugni,Permiso de C.R. de Una con sus puños,Permissão para CT de Uma Com Seus Punhos,Разрешение на наем «Единая с кулаками»,ใบอนุญาต​ HH หนึ่งเดียว​กับ​กำปั้น,Vé Chiêu Mộ Quyền Ý Hợp Nhất,Surat Izin HH Menyatu dengan Tinjunya
被拆过的信件,被拆過的信件,Opened Letter,開封済みの手紙,뜯긴 편지,Lettre ouverte,Geöffneter Brief,Lettera aperta,Carta abierta,Carta Aberta,Открытое письмо,จดหมาย​เปิดเผย,Lá Thư Đã Mở,Surat yang Sudah Dibuka
应龙特勤队的行动记录,應龍特勤隊的行動紀錄,Operation Log: YSTF Team,応龍特殊部隊の行動記録,응룡 특수부대 작전 기록,Journal d'opération : équipe des FSY,Einsatz-Logbuch: YSE-Team,Registro operazione: Squadra STEY,Registro de operación: Equipo del EFEY,Log de Operações: Equipe da FTEY,Журнал операций: отряд спецопергруппы «Инлун»,บันทึก​ปฏิบัติการ​: ทีม​ YSTF,Nhật Ký Tác Chiến: ĐĐNY,Log Operasi: Tim Satgassus Yinglung
行动刻度,行動刻度,Operation Metrics,行動進捗,작전 진도,Chiffres de l'opération,Einsatzkennzahlen,Parametri operativi,Métricas operativas,Métricas de Operação,Показатели операции,เมทริก​ปฏิบัติการ,Chỉ Số Tác Chiến,Metrik Operasi
行动资历,行動資歷,Operational EXP,行動遍歴,작전 경력,EXP opérationnelle,Einsatz-EP,Esperienza operativa,EXP operacional,EXP Operacional,Оперативный опыт,EXP ปฏิบัติงาน,EXP Tác Chiến,EXP Operasional
行动手册,行動手冊,Operational Manual,案内所,작전 매뉴얼,Manuel opérationnel,Betriebshandbuch,Manuale operativo,Manual operativo,Manual Operacional,Руководство оперативника,คู่มือ​ปฏิบัติการ,Cẩm Nang Vận Hành,Panduan Operasi
干员联络奖章,幹員聯絡獎章,Operator Contact,雇用人脈勲章,오퍼레이터 호출 훈장,Contacter un opérateur,Operator-Kontakt,Contatto operatore,Contacto con operador,Contato do Operador,Вызов оперативника,ติดต่อ​โอเปอเรเตอร์,Liên Lạc Cán Viên,Kontak Operator
干员联络台,幹員聯絡台,Operator Contact Panel,連絡カウンター,오퍼레이터 호출 패널,Panneau de contact des opérateurs,Operator-Kontakt-Bedienfeld,Pannello di contatto operatore,Panel de contacto con operador,Painel de Contato do Operador,Панель вызова оперативника,แผง​ติดต่อ​โอเปอเรเตอร์,Bảng Liên Lạc Cán Viên,Panel Kontak Operator
干员受到燃烧,幹員受到燃燒,Operator Debuff: Combustion,オペレーターの燃焼状態,오퍼레이터의 연소 상태,Malus d'opérateur : Combustion,Operator-Debuff: Verbrannt,Effetto negativo per gli operatori: Combustione,Debilitación del operador: Combustión,Penalidade do Operador: Combustão,Негативный эффект оперативника: возгорание,ดี​บัฟ​ของ​โอเปอเรเตอร์​: การ​เผาไหม้,Debuff Cán Viên: Thiêu Đốt,Debuff Operator: Combustion
干员受到腐蚀,幹員受到腐蝕,Operator Debuff: Corrosion,オペレーターの腐食状態,오퍼레이터의 부식 상태,Malus d'opérateur : Corrosion,Operator-Debuff: Korrosion,Effetto negativo per gli operatori: Corrosione,Debilitación del operador: Corrosión,Penalidade do Operador: Corrosão,Негативный эффект оперативника: коррозия,ดี​บัฟ​ของ​โอเปอเรเตอร์​: การ​กัดกร่อน,Debuff Cán Viên: Ăn Mòn,Debuff Operator: Corrosion
干员受到导电,幹員受到導電,Operator Debuff: Electrification,オペレーターの感電状態,오퍼레이터의 감전 상태,Malus d'opérateur : Électrification,Operator-Debuff: Elektrifizierung,Effetto negativo per gli operatori: Elettrificazione,Debilitación del operador: Electrificación,Penalidade do Operador: Eletrificação,Негативный эффект оперативника: электризация,ดี​บัฟ​ของ​โอเปอเรเตอร์​: การ​ช็อต​ไฟฟ้า,Debuff Cán Viên: Điện Hóa,Debuff Operator: Electrification
干员受到冻结,幹員受到凍結,Operator Debuff: Solidification,オペレーターの凍結状態,오퍼레이터의 동결 상태,Malus d'opérateur : Solidification,Operator-Debuff: Erstarrung,Effetto negativo per gli operatori: Solidificazione,Debilitación del operador: Solidificación,Penalidade do Operador: Solidificação,Негативный эффект оперативника: застывание,ดี​บัฟ​ของ​โอเปอเรเตอร์​: การแช่​แข็ง,Debuff Cán Viên: Đông Cứng,Debuff Operator: Solidification
干员教学奖章,幹員教學獎章,Operator Guide,オペレーター訓練勲章,오퍼레이터 가이드 훈장,Guide des opérateurs,Operator-Leitfaden,Guida operatore,Guía del operador,Guia do Operador,Справочник оперативника,คู่มือ​โอเปอเรเตอร์,Hướng Dẫn Cán Viên,Panduan Operator
干员介入与短期安全,幹員介入與短期安全,Operator Intervention & Partially Secure,主動介入と安全状態（短期）,오퍼레이터 투입과 일시 안전,Intervention de l'opérateur et sécurisation partielle,Operator-Eingriff & Teilweise gesichert,Intervento operatore e sicurezza parziale,Intervención del operador y Parcialmente asegurado,Intervenção do Operador e Parcialmente Seguro,Вмешательство оперативников и частичная защищенность,การแทรก​แซง​จาก​โอเปอเรเตอร์​และ​สถานะ​ปลอดภัย​บางส่วน,Cán Viên Can Thiệp Và An Toàn Một Phần,Intervensi Operator & Aman Sebagian
干员潜能,幹員潛能,Operator Potential,潜在,오퍼레이터 잠재 능력,Potentiel des opérateurs,Operator-Potenzial,Potenziale dell'operatore,Potencial de operador,Potencial do Operador,Потенциал оперативника,ศักยภาพ​ของ​โอเปอเรเตอร์,Tiềm Năng Cán Viên,Potensi Operator
干员技能的升级与激活,幹員技能的升級與啟用,Operator Skills: Activations and Upgrades,オペレータースキルのランクアップと解放,오퍼레이터 스킬 업그레이드와 활성화,Compétences des opérateurs : activation et améliorations,Operator-Fertigkeiten: Aktivierung und Verbesserungen,Abilità degli operatori: attivazione e potenziamenti,Habilidades de operador: Activaciones y mejoras,Habilidades do Operador: Ativações e Upgrades,Навыки оперативника: активация и улучшение,ทักษะ​ของ​โอเปอเรเตอร์​: การ​เปิด​ใช้งาน​และ​อัป​เกรด,Kỹ Năng Cán Viên: Kích Hoạt Và Nâng Cấp,Skill Operator: Aktivasi dan Upgrade
干员留影展示,幹員留影展示,Operator Snapshot Showcase,オペレーター記念画像の展示,오퍼레이터 기념사진 전시,Exposition d'instantanés d'opérateurs,Präsentation von Operator-Schnappschüssen,Vetrina istantanee operatori,Exhibición de instantáneas de operadores,Mostruário de Fotografias de Operadores,Отображение снимков оперативников,การ​จัดแสดง​ส​แน​ป​ช็อต​ของ​โอเปอเรเตอร์,Trưng Bày Ảnh Chụp Nhanh của Cán Viên,Area Pajang Snapshot Operator
干员升级,幹員升級,Operator Upgrades,レベルアップ,오퍼레이터 업그레이드,Améliorations d'opérateur,Operator-Verbesserungen,Potenziamenti operatore,Mejoras de operador,Upgrades do Operador,Улучшение оперативника,การ​อัป​เกรด​โอเปอเรเตอร์,Nâng Cấp Cán Viên,Upgrade untuk Operator
奥佩罗77,奧佩羅77,Opero 77,オッペロ77,오페로 77,Opéro 77,Opero 77,Opero 77,Opero 77,Opero 77,Оперо 77,โอ​เป​โร​ 77,Opero 77,Opero 77
光学雾影 - 一,光學霧影 - 一,Optical Fog (1),光の霧 - 1,광학 안개 그림자 - 1,Brume optique (1),Optischer Nebel (1),Nebbia ottica (1),Niebla óptica (1),Névoa Óptica (1),Оптический туман (1),หมอก​แสง​ (1),Sương Quang Học (1),Kabut Optik (1)
光学雾影 - 二,光學霧影 - 二,Optical Fog (2),光の霧 - 2,광학 안개 그림자 - 2,Brume optique (2),Optischer Nebel (2),Nebbia ottica (2),Niebla óptica (2),Névoa Óptica (2),Оптический туман (2),หมอก​แสง​ (2),Sương Quang Học (2),Kabut Optik (2)
作品：蚀迹,作品：蝕跡,Opus: Etch Figure,作品：蝕跡,작품: 침식 흔적,Opus : empreinte de corrosion,Opus: Ätzfigur,Opus: acquaforte,Opus: figura grabada,Opus: Figura Entalhada,Опус травления,โอ​ปุ​ส​: รูป​ฝัง​รอย,Tác Phẩm: Hình Khắc,Opus: Etch Figure
作品：众生,作品：眾生,Opus: The Living,作品：衆生,작품: 중생,Opus : les vivants,Opus: Die Lebenden,Opus: vita,Opus: El Viviente,Opus: A Viva,Опус живого,โอ​ปุ​ส​: ชีวิต,Tác Phẩm: Chúng Sinh,Opus: The Living
轨道羽兽翅,軌道羽獸翅,Orbital Wings,軌道羽獣の手羽,오비털 파울비스트의 날개,Ailes orbitales,Orbital-Flügel,Alette orbitali,Alas orbitales,Asas Orbitais,Орбитальные крылья,ปีก​โคจร,Cánh Nướng Không Gian,Sayap Orbit
衍质源石,衍質源石,Origeometry,展延源石,파생 오리지늄,Origéométrie,Origeometrie,Origeometria,Origeometría,Origeometria,Ориджеметрий,ออ​ริ​จี​โอ​เมท​รี,Origeometry,Origeometri
矿脉源区,礦脈源區,Origin Lodespring,鉱山エリア,광맥 구역,Veine originelle,Mineralquell,Giacimento originario,Veta de origen,Veio de Origin,Первое месторождение,ต้นสาย​กำเนิด​แร่,Khởi Nguồn Lodespring,Lodespring Asal
源石副产物中心的观察结果（一）,源石副產物中心的觀察結果（一）,Originium BPPC Surveillance Log (1),源石副産物センターの調査結果（1）,오리지늄 부산물 센터의 관측 결과(1),Journal de surveillance du CTD d'originium (1),Originium-VAON-Überwachungslogbuch (1),CLSO - Registro di sorveglianza (1),Registro de vigilancia del C.P.S. de Originio (1),Log de Vigilância do CPSO (1),Журнал наблюдений ЦОПП ориджиния (1),บันทึก​การเฝ้า​ระวัง​ BPPC ออ​ริ​จิ​เนียม​ (1),Nhật Ký Giám Sát Trung Tâm Xử Lý Sản Phẩm Phụ Của Originium (1),Log Pengawasan P3S Originium (1)
源石副产物中心的观察结果（二）,源石副產物中心的觀察結果（二）,Originium BPPC Surveillance Log (2),源石副産物センターの調査結果（2）,오리지늄 부산물 센터의 관측 결과(2),Journal de surveillance du CTD d'originium (2),Originium-VAON-Überwachungslogbuch (2),CLSO - Registro di sorveglianza (2),Registro de vigilancia del C.P.S. de Originio (2),Log de Vigilância do CPSO (2),Журнал наблюдений ЦОПП ориджиния (2),บันทึก​การเฝ้า​ระวัง​ BPPC ออ​ริ​จิ​เนียม​ (2),Nhật Ký Giám Sát Trung Tâm Xử Lý Sản Phẩm Phụ Của Originium (2),Log Pengawasan P3S Originium (2)
源石副产物中心的观察结果（三）,源石副產物中心的觀察結果（三）,Originium BPPC Surveillance Log (3),源石副産物センターの調査結果（3）,오리지늄 부산물 센터의 관측 결과(3),Journal de surveillance du CTD d'originium (3),Originium-VAON-Überwachungslogbuch (3),CLSO - Registro di sorveglianza (3),Registro de vigilancia del C.P.S. de Originio (3),Log de Vigilância do CPSO (3),Журнал наблюдений ЦОПП ориджиния (3),บันทึก​การเฝ้า​ระวัง​ BPPC ออ​ริ​จิ​เนียม​ (3),Nhật Ký Giám Sát Trung Tâm Xử Lý Sản Phẩm Phụ Của Originium (3),Log Pengawasan P3S Originium (3)
源石树枝,源石樹枝,Originium Branch,"<p=""オリジニウム"" padding=0>源石</p>の枝",오리지늄 나뭇가지,Branche d'originium,Originium-Zweig,Ramo di Originium,Rama de Originio,Galho de Originium,Ориджиниевая ветвь,กิ่ง​ออ​ริ​จิ​เนียม,Nhánh Originium,Cabang Originium
源石副产物中心,源石副產物中心,Originium Byproduct Processing Center,源石副産物センター,오리지늄 부산물 센터,Centre de traitement des dérivés d'originium,Verarbeitungsanlage für Originium-Nebenprodukte,Centro di lavorazione dei sottoprodotti di Originium,Centro de procesamiento de subproductos de originio,Centro de Processamento de Subprodutos de Originium,Центр обработки побочного продукта ориджиния,ศูนย์​แปรรูป​ผลพลอยได้​ออ​ริ​จิ​เนียม,Trung Tâm Xử Lý Sản Phẩm Phụ Của Originium,Pusat Pemrosesan Produk Sampingan Originium
源石电路修复 - 一,源石電路修復 - 一,Originium Circuitry: Repairs (1),"<p=""オリジニウムかいろ"" padding=0>源石回路</p>の修理 - 1",오리지늄 회로 수리 - 1,Circuits d'originium : réparations (1),Originium-Schaltkreise: Reparaturen (1),Circuiti di Originium: riparazioni (1),Circuitos de Originio: Reparaciones (1),Circuitos de Originium: Reparos (1),Ориджиниевая схема: ремонт (1),วงจร​ออ​ริ​จิ​เนียม​: การซ่อมแซม​ (1),Mạch Điện Originium: Sửa chữa (1),Sirkuit Originium: Perbaikan (1)
源石电路修复 - 二,源石電路修復 - 二,Originium Circuitry: Repairs (2),"<p=""オリジニウムかいろ"" padding=0>源石回路</p>の修理 - 2",오리지늄 회로 수리 - 2,Circuits d'originium : réparations (2),Originium-Schaltkreise: Reparaturen (2),Circuiti di Originium: riparazioni (2),Circuitos de Originio: Reparaciones (2),Circuitos de Originium: Reparos (2),Ориджиниевая схема: ремонт (2),วงจร​ออ​ริ​จิ​เนียม​: การซ่อมแซม​ (2),Mạch Điện Originium: Sửa Chữa (2),Sirkuit Originium: Perbaikan (2)
源石集成线路板,源石IC載板,Originium Integrated Circuit Board,源石IC基板,오리지늄 집적 회로 기판,Carte à circuit intégré en originium,Integrierte Originium-Platine,Circuito stampato integrato di Originium,Placa de circuito integrado de originio,Placa de Circuito Integrado de Originium,Плата с ориджиниевой интегральной схемой,แผง​วงจร​รวม​ออ​ริ​จิ​เนียม​ยู​บิค​วิ​ตัส,Bảng Mạch Tích Hợp Originium,Papan Sirkuit Terpadu Originium
源矿矿点,源礦礦點,Originium Mining Spot,源石鉱物スポット,오리지늄 광물 광산 지점,Zone d'extraction d'originium,Originium-Erz-Abbaustelle,Punto di estrazione: Originium,Punto de minería de originio,Ponto de Mineração de Minério de Originium,Место разработки ориджиния,จุด​ขุด​แร่​ออ​ริ​จิ​เนียม,Điểm Khai Thác Originium,Titik Tambang Originium
源矿,源礦,Originium Ore,源石鉱物,오리지늄 광물,Minerai d'originium,Originium-Erz,Minerale di Originium,Mineral de Originio,Minério de Originium,Ориджиниевая руда,แร่​ออ​ริ​จิ​เนียม,Quặng Originium,Bijih Originium
源石隧道,源石隧道,Originium Passage,源石トンネル,오리지늄 터널,Passage d'originium,Originium-Durchgang,Passaggio di Originium,Pasaje de originio,Passagem de Originium,Ориджиниевый проход,ถนน​ออ​ริ​จิ​เนียม,Lối Đi Originium,Lintasan Originium
源石粉末,源石粉末,Originium Powder,源石粉末,오리지늄 가루,Poudre d'originium,Originium-Pulver,Polvere di Originium,Polvo de Originio,Pó de Originium,Молотый ориджиний,ผง​ออ​ริ​จิ​เนียม,Bột Originium,Bubuk Originium
源石发电站,源石發電站,Originium Power Plant,源石発電所,오리지늄 발전소,Centrale électrique d'originium,Originium-Kraftwerk,Centrale elettrica a Originium,Planta de energía de originio,Usina de Energia de Originium,Ориджиниевая электростанция,โรงไฟฟ้า​ออ​ริ​จิ​เนียม,Nhà Máy Năng Lượng Originium,Pembangkit Listrik Originium
源石树幼苗货组,源石樹幼苗貨組,Originium Saplings [pkg],源石の枝の苗セット,작은 오리지늄 나무 상품군,Arbrisseaux d'originium [colis],Originium-Setzlinge [Paket],Alberelli di Originium (pacco),Retoños de Originio [paq.],Mudas de Originium [pct],Ориджиниевые ростки [упак.],ต้นอ่อน​ออ​ริ​จิ​เนียม​ [แพ็ก​],Chồi Originium [bộ],Bibit Originium [pkt]
源石研究园,源石研究園,Originium Science Park,源石実験エリア,오리지늄 실험 구역,Parc des sciences de l'originium,Originium-Wissenschaftspark,Parco scientifico dell'Originium,Parque científico de originio,Parque Científico de Originium,Центр исследования ориджиния,สวน​วิทยาศาสตร์​ออ​ริ​จิ​เนียม,Công Viên Khoa Học Originium,Taman Sains Originium
源石矿脉,源石礦脈,Originium Spot,源石鉱脈,광석 광맥,Veine d'originium,Originium-Ader,Vena di Originium,vena de originium,Veio de Originium,жила оригиниума,สาย​แร่​ออ​ริ​จิ​เนียม,Vân Mạch Originium,Sulur Originium
超域试验场的起源,超域實驗場的起源,Origins of the Æther Test Site,超域実験場設立の経緯,초자연 실험장의 기원,Les origines du site d'essais æthériques,Ursprünge des Æther-Testgeländes,Origini dell'Area test dell'Æther,Orígenes de la Zona de pruebas de éter,Origens do Local de Teste do Æther,Создание лаборатории исследования эфира,ต้นกำเนิด​ของ​พื้นที่​ทดสอบ​เอ​เทอร์,Nguồn Gốc Của Khu Thử Nghiệm Æther,Asal Lokasi Uji Coba Æther
晶体外壳,晶體外殼,Origocrust,結晶外殻,오리고 크러스트,Origécorce,Origo-Kruste,Oribasamento,Origocorteza,Origocrosta,Ориджеода,ออ​ริ​โก​ค​รัส,Vỏ Originium,Origocrust
晶体外壳粉末,晶體外殼粉末,Origocrust Powder,結晶外殻粉末,오리고 크러스트 가루,Poudre d'origécorce,Origo-Krusten-Pulver,Polvere di oribasamento,Polvo de origocorteza,Pó de Origocrosta,Молотая ориджеода,ผง​ออ​ริ​โก​ค​รัส,Bột Vỏ Originium,Bubuk Origocrust
矿石病抑制剂,礦石病抑制劑,Oripathy Suppressant,鉱石病抑制剤,광석병 억제제,Inhibiteur d'oripathie,Oripathie-Hemmer,Inibitore di Oripatia,Supresor de oripatía,Supressor de Oripatia,Подавитель орипатии,สาร​ยับยั้ง​ออ​ริ​พา​ธี,Thuốc Ức Chế Oripathy,Supresan Oripati
装饰物品,裝飾物品,Ornamental,装飾品,장식 아이템,Décoration,Verzierung,Ornamentale,Decorativo,Ornamento,Декоративный предмет,ของ​ตกแต่ง,Đồ Trang Trí,Ornamen
获取装饰物品,獲得裝飾物品,Ornamental: Sources,装飾品の入手,장식 아이템 획득,Décoration : sources,Verzierungen erhalten,Ornamentali: fonti,Decorativo: Fuentes,Ornamento: Origens,Декоративные предметы: источники,ของ​ตกแต่ง​: แหล่งที่มา,Đồ Trang Trí: Nguồn,Ornamen: Sumber
嵌晶玉,嵌晶玉,Oroberyl,赤晶玉,오로베릴,Orobéryl,Oro-Beryll,Oroberillo,Oroberilio,Ourubis,Ороберил,โอ​โร​เบ​ริล,Oroberyl,Oroberyl
桂花米糕,桂花米糕,Osmanthus Rice Cake,キンモクセイのミーガオ,계화쌀떡,Gâteau de riz à l'osmanthe,Osmanthus-Reiskuchen,Torta di riso all'osmanto,Pastel de arroz con osmanthus,Bolo de Arroz de Osmanthus,Рисовая палочка с османтусом,เค้ก​ข้าว​หอม​หมื่น​ลี้,Bánh Gạo Quế Hoa,Kue Beras Osmanthus
熟知自然,熟知自然,Outdoors Expert,自然を熟知せし者,야생 전문가,Expertise de terrain,Naturexperte,Conoscenza della natura,Experto en exteriores,Especialista em Natureza,Натуралист,ผู้เชี่ยวชาญ​งาน​กลางแจ้ง,Chuyên Gia Ngoài Trời,Outdoors Expert
据点发展值,據點發展值,Outpost Prosperity,拠点発展値,거점 발전 포인트,Prospérité de l'avant-poste,Außenposten-Wohlstand,Prosperità avamposto,Prosperidad del puesto de avanzada,Prosperidade do Posto Avançado,Развитие аванпоста,ความรุ่งเรือง​ของ​ด่าน​หน้า,Thịnh Vượng Tiền Đồn,Kemakmuran Pos Depan
据点供货,據點供貨,Outpost Supplies,拠点取引,거점 납품,Provisions d'avant-poste,Außenposten-Vorräte,Rifornimenti per gli avamposti,Suministros del puesto de avanzada,Suprimentos do Posto Avançado,Снабжение аванпоста,เสบียง​ด่าน​หน้า,Vật Tư Tiền Đồn,Pasokan Pos Depan
据点水源样本,據點水源樣本,Outpost Water Sample,拠点水源サンプル,거점 수원 표본,Échantillon d'eau de l'avant-poste,Außenposten-Wasserprobe,Campione di acqua dell'avamposto,Muestra de agua del puesto de avanzada,Amostra de Água do Posto Avançado,Образец воды с аванпоста,ตัวอย่าง​น้ำ​จาก​ด่าน​หน้า,Mẫu Nước Tiền Đồn,Sampel Air Pos Depan
城外荒地,城外荒地,Outskirt Barrens,城外荒地,성 밖 황무지,Landes périphériques,Ödland der Außenbezirke,Terre aride periferiche,Baldíos de las afueras,Desertos Exteriores,Окраинные пустоши,ดินแดน​ร้าง​รอบนอก,Vùng Hoang Ngoại Ô,Dataran Tandus Pinggiran
协议核心,協議核心,PAC,協約核心,프로토콜 코어,NAP,PAK,NAP,NAP,NAP,ПБА,PAC,Lõi Giao Thức,PAC
协议核心备装零件,協議核心備裝零件,PAC Backup Parts,協約核心予備部品,프로토콜 코어 예비 부품,Pièces de rechange du NAP,PAK-Ersatzteile,Ricambi del NAP,Piezas de repuesto para el NAP,Peças de Reposição do NAP,Запасные детали ПБА,อะไหล่​สำรอง​ PAC,Bộ Phận Dự Phòng Lõi Giao Thức,Suku Cadang PAC
协议核心供电,協議核心供電,PAC: Power Grid,"<p=""きょうやくコア"" padding=0>協約核心</p>による電力供給",프로토콜 코어 전력 공급,NAP : réseau électrique,PAK: Stromnetz,NAP: rete elettrica,NAP: Red de energía,NAP: Rede Elétrica,ПБА: энергосеть,PAC: กริ​ด​พลังงาน,Lõi Giao Thức: Lưới Điện,PAC: Jaringan Listrik
降伏,降伏,Pacification,成敗,평정,Pacifié,Befriedung,Pacificazione,Pacificación,Pacificação,Умиротворение,การ​ปลอบประโลม,An Định,Kembalinya Kedamaian
装箱运送,裝箱運送,Pack and Deliver,パッキング・配達,포장 운송,Emballage et livraison,Packen und Liefern,Confeziona e consegna,Empacar y entregar,Empacotar e Entregar,Упаковка и доставка,บรรจุ​และ​จัดส่ง,Đóng Gói Và Giao Hàng,Kemas dan Antar
货物装箱,貨物裝箱,Pack Goods,パッキング,화물 포장,Emballer les marchandises,Waren packen,Confeziona articoli,Empacar mercancía,Embalar Mercadorias,Упаковка товаров,บรรจุภัณฑ์​สินค้า,Lô Hàng Hóa,Kemas Barang
包裹,包裹,Package,荷物,소포,Colis,Verpacken,Pacco,Paquete,Pacote,Посылка,พัสดุ,Gói,Paket
封装机,封裝機,Packaging Unit,包装機,포장기,Unité d'emballage,Verpackungseinheit,Unità di confezionamento,Unidad de empaquetado,Unidade de Embalagem,Модуль упаковки,ยู​นิต​บรรจุ,Máy Đóng Gói,Unit Pengemas
封装机 - 一,封裝機 - 一,Packaging Unit (1),包装機 - 1,포장기 - 1,Unité d'emballage (1),Verpackungseinheit (1),Unità di confezionamento (1),Unidad de empaquetado (1),Unidade de Embalagem (1),Модуль упаковки (1),ยู​นิต​บรรจุ​ (1),Máy Đóng Gói (1),Unit Pengemas (1)
封装机 - 二,封裝機 - 二,Packaging Unit (2),包装機 - 2,포장기 - 2,Unité d'emballage (2),Verpackungseinheit (2),Unità di confezionamento (2),Unidad de empaquetado (2),Unidade de Embalagem (2),Модуль упаковки (2),ยู​นิต​บรรจุ​ (2),Máy Đóng Gói (2),Unit Pengemas (2)
封装机模板,封裝機模板,Packaging Unit Template,包装機の設計図,포장기 템플릿,Modèle d'unité d'emballage,Vorlage: Verpackungseinheit,Schema: unità di confezionamento,Molde de la Unidad de empaquetado,Gabarito de Unidade de Embalagem,Шаблон модуля упаковки,เทม​เพล​ต​ยู​นิต​บรรจุ,Mẫu Máy Đóng Gói,Templat Unit Pengemas
密制晶体,密製晶體,Packed Origocrust,特製結晶,정련된 오리고 크러스트,Origécorce compressée,Gepackte Origo-Kruste,Oribasamento lavorato,Origocorteza empaquetada,Origocrosta Compactada,Уплотненная ориджеода,ออ​ริ​โก​ค​รัส​อัด​แน่น,Vỏ Originium Ép,Origocrust Kemasan
一页笔记,一頁筆記,Page of Notes,メモの1ページ,노트 한 페이지,Page de carnet,Seite mit Notizen,Pagina di appunti,Página de notas,Página de Notas,Лист с заметками,หน้า​บันทึก,Trang Ghi Chú,Halaman Catatan
掌中巧物,掌中巧物,Palm-Top Curio,懐の逸品,손바닥 속 정교한 장치,Curiosité portable,Handheld-Kuriosität,Curiosità da tasca,Curio de bolsillo,Curiosidade Portátil,Карманный сувенир,วัตถุ​วิจิตร​ใน​อุ้งมือ,Kỳ Vật Lòng Bàn Tay,Palm-Top Curio
油爆“双脆”,油爆「雙脆」,Pan-Fried Double Crisp,レバーとガツの強火炒め,기름 폭발 볶음,Poêlée croustillante,Doppel-Knusper,Croccodoppio in padella,Doble crujiente frito,Duplo Crocante Frito na Panela,Двойная жареная хрустяшка,เมนู​กะทะ​ทอด​พิเศษ​ความ​กรุบ​กรอบ,Siêu Giòn Áp Chảo,Gorengan Dobel Renyah
园区权限卡,園區權限卡,Park Access Card,実験エリアのアクセスカード,실험 구역 액세스 카드,Carte d'accès du parc,Park-Zugangskarte,Scheda d'accesso del parco,Tarjeta de acceso del parque,Cartão de Acesso ao Parque,Карта доступа в Центр,บัตร​ผ่าน​เข้า​สวน,Thẻ Ra Vào Công Viên,Kartu Akses Taman
未烧尽的纸条,未燒盡的紙條,Partially Burned Note,燃え残った紙切れ,불에 타다 남은 쪽지,Note partiellement brûlée,Teilweise verbrannte Nachricht,Appunti parzialmente bruciati,Nota parcialmente quemada,Nota Parcialmente Queimada,Частично сгоревшая записка,บันทึก​ที่​ไหม้​บางส่วน,Ghi Chú Bị Cháy Một Phần,Catatan yang Hangus Sebagian
通行证申请·定制,通行證申請·客製化,Pass Application: Customized,通行証申請・特注,통행증 신청 · 커스터마이즈,Demande de Pass : personnalisé,Pass-Antrag: benutzerdefiniert,Applicazione Pass: personalizzato,Solicitud de Pase: Personalizado,Aplicação do Passe: Personalizado,Заявление на пропуск: настроенный,ใบสมัคร​บัตร​ผ่าน​: ปรับ​แต่ง,Đơn Xin Cấp Thẻ: Tùy Chỉnh,Permohonan Tiket Akses: Kustom
通行证申请·源石,通行證申請·源石,Pass Application: Originium,通行証申請・源石,통행증 신청 · 오리지늄,Demande de Pass : originium,Pass-Antrag: Originium,Applicazione Pass: Originium,Solicitud de Pase: Originio,Aplicação do Passe: Originium,Заявление на пропуск: ориджиний,ใบสมัคร​บัตร​ผ่าน​: ออ​ริ​จิ​เนียม,Đơn Xin Cấp Thẻ: Originium,Permohonan Tiket Akses: Originium
通行证经验,通行證經驗,Pass EXP,通行証経験,통행증 경험치,EXP de Pass,Pass-EP,ESP Pass,EXP del Pase,EXP de Passe,Опыт пропуска,EXP บัตร​ผ่าน,EXP Thẻ,EXP Tiket Akses
传递萤火虫,傳遞螢火蟲,Pass the Bug,"<p=""ながあしじゅう"" padding=0>長脚獣</p>配達",반딧불을 전달하기,Passage d'insectes,Den Käfer weitergeben,Passa l'insetto,Pasa el bicho,Passe o Inseto,Передайте жука,ส่งต่อ​แมลง,Chuyển Con Bọ,Mengoper Serangga
适当驱赶,適當驅趕,Pass the Bug: Chasing,"<p=""ながあしじゅう"" padding=0>長脚獣</p>の位置調整",적절하게 유도하기,Passage d'insectes : poursuite,Den Käfer weitergeben: Verfolgung,Passa l'insetto: inseguimento,Pasa al bicho: persecución,Passe o Inseto: Perseguição,Передайте жука: погоня,ส่งต่อ​แมลง​: การ​ไล่ตาม,Chuyển Con Bọ: Đuổi Theo,Mengoper Serangga: Mengejar
利用荷叶,利用荷葉,Pass the Bug: Lotus Leaves,蓮の葉を使う,연꽃잎을 이용하기,Passage d'insectes : feuilles de lotus,Den Käfer weitergeben: Lotusblätter,Passa l'insetto: foglie di loto,Pasa el bicho: hojas de loto,Passe o Inseto: Folhas de Lótus,Передайте жука: листья лотоса,ส่งต่อ​แมลง​: ใบบัว,Chuyển Con Bọ: Lá Sen,Mengoper Serangga: Daun Lotus
临关渠,臨關渠,Pass-Side Canal,臨関水路,관문 근처 수로,Canal près du col,Passseitiger Kanal,Canale laterale,Canal lateral del paso,Canal da Passagem,Канал у заставы,คลอง​ริม​ด่าน,Kênh Dẫn Bên Sườn Đèo,Kanal Sisi Terusan
通道入口,通道入口,Passage Entrance,通路入口,통로 입구,Entrée du passage,Eingang zum Durchgang,Entrata del passaggio,Entrada al pasillo,Entrada da Passagem,Начало пути,ประตู​ทางผ่าน,Cổng Vào Đường Hầm,Pintu Masuk Jalan
光荣之路,光榮之路,Path of Glory,勲章,영광의 길,Chemin de la gloire,Weg des Ruhms,Sentiero della gloria,Sendero de la gloria,Caminho da Glória,Путь к славе,เส้นทาง​แห่ง​เกียรติภูมิ,Con Đường Vinh Quang,Jalan Kejayaan
寻路者道标,尋路者道標,Pathfinder's Beacon,開拓者の道標,개척자의 이정표,Balise de l'éclaireur,Wegweiser,Faro del pioniere,Baliza del explorador,Sinalizadora do Explorador,Маяк следопыта,บี​คอน​นัก​สำรวจ,Hải Đăng Dẫn Lối,Pathfinder’s Beacon
静候心音,靜候心音,Patiently Waiting,鼓動,마음에 귀 기울이며,Attente placide,Geduldiges Warten,Attesa paziente,Esperando Pacientemente,Aguardando Pacientemente,Терпеливое ожидание,รอคอย​อย่าง​อดทน,Kiên Nhẫn Chờ Đợi,Sabar Menanti
夜趋逐罪十连凭证,夜趨逐罪十連憑證,Peacekeeper's Nocturne 10×Permit,「闇夜の罪咎」10回スカウト券,단죄의 야상곡 10회 허가증,Permis Nocturne du pacificateur ×10,„Nächtlicher Friedenswächter“-10er-Genehmigung,Permesso CT-10: Notturno della diplomazia,Permiso x10 de Nocturno del pacificador,Permissão 10× Noturno do Pacificador,Разрешение х10 «Ноктюрн миротворца»,บทเพลง​รัตติกาล​ของ​ผู้พิทักษ์​ ใบอนุญาต​×10,Vé ×10 Dạ Khúc Bảo Vệ Hòa Bình,Surat Izin 10× Nokturno sang Penjaga Perdamaian
夜趋逐罪寻访凭证,夜趨逐罪尋訪憑證,Peacekeeper's Nocturne HH Permit,「闇夜の罪咎」スカウト券,단죄의 야상곡 헤드헌팅 허가증,Permis REC Nocturne du pacificateur,„Nächtlicher Friedenswächter“-RK-Genehmigung,Permesso CT: Notturno della diplomazia,Permiso de C.R. de Nocturno del pacificador,Permissão para CT Noturno do Pacificador,Разрешение на наем «Ноктюрн миротворца»,ใบอนุญาต​ HH บทเพลง​รัตติกาล​ของ​ผู้พิทักษ์,Vé Chiêu Mộ Dạ Khúc Bảo Vệ Hòa Bình,Surat Izin HH Nokturno sang Penjaga Perdamaian
狼群瑰宝十连凭证,狼群瑰寶十連憑證,Pearl of the Pack 10×Permit,「狼群の宝」10回スカウト券,울프팀의 진주 헤드헌팅 10회 허가증,Permis Joyau de la Meute ×10,„Perle des Rudels“-10er-Genehmigung,Permesso CT-10: Perla del branco,Permiso x10 de Perla de La manada,Permissão 10× Pérola da Matilha,Разрешение х10 «Жемчуг Стаи»,ใบอนุญาต​ไข่มุก​แห่ง​เดอะ​แพ็ค​×10,Vé Viên Ngọc Tộc Sói ×10,Surat Izin 10× Mutiara Kawanan
狼群瑰宝寻访凭证,狼群瑰寶尋訪憑證,Pearl of the Pack HH Permit,「狼群の宝」スカウト券,울프팀의 진주 헤드헌팅 허가증,Permis REC Joyau de la Meute,„Perle des Rudels“-RK-Genehmigung,Permesso CT: Perla del Branco,Permiso de C.R. de Perla de La manada,Permissão para CT Pérola da Matilha,Разрешение на наем «Жемчуг Стаи»,ใบอนุญาต​ HH ไข่มุก​แห่ง​เดอะ​แพ็ค,Vé Chiêu Mộ Viên Ngọc Tộc Sói,Surat Izin HH Mutiara Kawanan
佩科5,佩科5,Peco 5,ペッコ5,페코 5,Peco 5,Peco 5,Peco 5,Peco 5,Peco 5,Пеко 5,เป​โกะ​ 5,Peco 5,Peco 5
击打装置,擊打裝置,Percussive Device,打撃装置,타격형 장치,Dispositif de percussion,Perkussionsgerät,Dispositivo a percussione,Dispositivo percusivo,Dispositivo de Impacto,Перкуссионное устройство,อุปกรณ์​เคาะ​จังหวะ,Thiết Bị Gõ,Perangkat Perkusi
完美装备奖章,完美裝備獎章,Perfect Gearing,完璧装備勲章,완벽한 장비 훈장,Équipement parfait,Perfekt ausgerüstet,Equipaggiamento perfetto,Equipamiento perfecto,Equipamento Perfeito,Идеальное снаряжение,อุปกรณ์​ที่​สมบูรณ์แบบ,Trang Bị Hoàn Hảo,Perakit Sempurna
佩丽卡,佩麗卡,Perlica,ペリカ,펠리카,Perlica,Perlica,Perlica,Perlica,Perlica,Перлика,เพอ​ริ​กา,Perlica,Perlica
佩丽卡的信物,佩麗卡的信物,Perlica's Token,ペリカの印,펠리카의 증표,Jeton de Perlica,Perlicas Token,Gettone di Perlica,Ficha de Perlica,Símbolo de Perlica,Жетон Перлики,โท​เคน​ของ​เพอ​ริ​กา,Tín Vật của Perlica,Token Perlica
意乱药剂,意亂藥劑,Perplexing Medication,混乱の薬,혼란의 약제,Médicament déconcertant,Verblüffende Medikation,Farmaco astruso,Medicamento desconcertante,Medicamento Desconcertante,Парадоксальный препарат,ยา​น่า​ฉงน,Thuốc Khó Hiểu,Obat Superaneh
随身装置,隨身裝置,Personal Device,携帯アイテム,휴대 장치,Dispositif personnel,Persönliches Gerät,Dispositivo personale,Dispositivo personal,Dispositivo Pessoal,Личное устройство,อุปกรณ์​ส่วนตัว,Thiết Bị Cá Nhân,Perangkat Pribadi
幻想苦痛,幻想苦痛,Phantom Pain,ファントムペイン,환상통,Douleur fantôme,Phantomschmerz,Dolore fantasma,Dolor fantasma,Dor Fantasma,Фантомная боль,ความเจ็บปวด​ลวง,Cơn Đau Ảo,Phantom Pain
影像·天师考校挂幅,影像·天師考核布條,Photo: Academy Banners,画像・天師受験の応援幕,영상 · 천사 시험 현수막,Photo : bannières de l'Académie,Foto: Akademiebanner,Foto: stendardi dell'Accademia,Foto: Banners de la Academia,Foto: Estandartes da Academia,Фотография «Баннеры академии»,รูปถ่าย​: ป้าย​สถาบัน,Ảnh: Cờ Học Viện,Foto: Panji Akademi
影像·龙泡泡,影像·龍泡泡,Photo: Chubby Lung,画像・龍泡泡,영상 · 드래곤 버블,Photo : Choupi Lung,Foto: Chubby Lung,Foto: cicciodrago,Foto: Lung regordete,Foto: Chubby Lung,Фотография «Пухлик-лун»,รูปถ่าย​: หลง​จ้ำม่ำ,Ảnh: Chubby Lung,Foto: Lung Gembul
影像·迁徙的羽兽,影像·遷徙的羽獸,Photo: Migrating Fowlbeasts,画像・渡りの羽獣,영상 · 이동하는 파울비스트,Photo : aviliaires en pleine migration,Foto: Vogelbestien auf Wanderschaft,Foto: crestaloni migranti,Fotos: Bestias voladoras migratorias,Foto: Aves-Fera Migratórias,Фотография «Перелетные крылатые звери»,รูปถ่าย​: สัตว์ปีก​อพยพ,Ảnh: Thú Lông Vũ Di Cư,Foto: Fowlbeast yang Bermigrasi
影像·苦恼的天师,影像·苦惱的天師,Photo: The Perplexed Tianshi,画像・悩める天師,영상 · 고뇌하는 천사,Photo : les Tianshi perplexes,Foto: Der Verwirrte Tianshi,Foto: I Tianshi perplessi,Foto: El Tianshi perplejo,Foto: O Tianshi Perplexo,Фотография «Обеспокоенный Тяньши»,ภาพถ่าย​: เทียน​ซือ​ผู้​สับสน,Ảnh: Thiên Sư Bối Rối,Foto: Tianshi yang Kelimpungan
物理异常 - 碎甲,物理異常 - 碎甲,Physical Status: Breach,"物理異常 - <p=""はさい"" padding=0>破砕</p>",물리 이상 - 갑옷 파괴,Statut physique : Brèche,Physischer Zustand: Brechen,Stato fisico: Sfondamento,Estado físico: Brecha,Status Físico: Romper,Физическое состояние: прорыв,สถานะ​กายภาพ​: ทะลวง,Trạng Thái Vật Lý: Phá Giáp,Status Fisik: Breach
物理异常 - 猛击,物理異常 - 猛擊,Physical Status: Crush,"物理異常 - <p=""もうげき"" padding=0>猛撃</p>",물리 이상 - 강타,Statut physique : Broyage,Physischer Zustand: Zertrümmern,Stato fisico: Distruzione,Estado físico: Triturar,Status Físico: Esmagar,Физическое состояние: разгром,สถานะ​กายภาพ​: บดขยี้,Trạng Thái Vật Lý: Nghiền,Status Fisik: Crush
物理异常 - 倒地,物理異常 - 倒地,Physical Status: Knock Down,物理異常 - 転倒,물리 이상 - 넘어뜨리기,Statut physique : Renversement,Physischer Zustand: Niederschlag,Stato fisico: Abbattimento,Estado físico: Derribar,Status Físico: Derrubar,Физическое состояние: опрокидывание,สถานะ​กายภาพ​: ผลัก​ให้​ล้ม,Trạng Thái Vật Lý: Quật Ngã,Status Fisik: Knock Down
物理异常 - 击飞,物理異常 - 擊飛,Physical Status: Lift,物理異常 - 浮遊,물리 이상 - 띄우기,Statut physique : Soulèvement,Physischer Zustand: Anheben,Stato fisico: Sospensione,Estado físico: Levantar,Status Físico: Levantar,Физическое состояние: подбрасывание,สถานะ​กายภาพ​: ยก,Trạng Thái Vật Lý: Hất Tung,Status Fisik: Lift
一截微型石像,一截微型石像,Piece of a Mini Stone Statue,小さな石像の欠片,초소형 석상,Morceau de minuscule statue en pierre,Teil einer Ministeinstatue.,Frammento di una piccola statua di pietra,Fragmento de estatua de piedra en miniatura,Pedaço de Miniestátua de Pedra,Осколок миниатюрной каменной статуи,ชิ้นส่วน​รูปปั้น​หิน​ขนาดเล็ก,Mảnh Tượng Đá Nhỏ,Patung Batu Mini
镇桩台,鎮樁台,Pillar's Brace,封杭台,진장대,Entretoise du pilier,Säulenstütze,Base della colonna,Plataforma de los pilares,Esteio do Pilar,Опора столба,ค้ำ​ยัน​เสาหลัก,Bệ Đỡ Cột,Penopang Pilar
轻红柱状菌,輕紅柱狀菌,Pink Bolete,薄紅茸,연한 붉은 기둥 버섯,Bolet rose,Rosafarbener Röhrenpilz,Boleto rosa,Bolete rosa,Boleta Rosa,Розовый гриб,เห็ด​ตับ​เต่า​สีชมพู,Nấm Hồng,Boletus Pink
轻红柱状菌块,輕紅柱狀菌塊,Pink Bolete Mycelia,薄紅菌床,연한 붉은 기둥 버섯 조각,Mycélium de bolet rose,Rosafarbener-Röhrenpilz-Mycel,Micelio del boleto rosa,Micelio de bolete rosa,Micélio de Boleta Rosa,Мицелий розового гриба,เส้นใย​เห็ด​ตับ​เต่า​สีชมพู,Sợi Nấm Hồng,Miselium Boletus Pink
轻红柱状菌,輕紅柱狀菌,Pink Bolete Spot,薄紅茸,연한 붉은 기둥 버섯,Bolet rose,Rosafarbener Röhrenpilz,Boleto rosa,Bolete rosa,Boleta Rosa,Розовый гриб,เห็ด​ตับ​เต่า​สีชมพู,Nấm Hồng,Boletus Pink
配方固定,配方固定,Pinning Formulas,レシピ固定,조합 공식 고정,Épingler des formules,Formeln anheften,Fissare le formule,Fijar fórmulas,Fixando Fórmulas,Закрепление формул,การ​ปัก​หมุด​สูตร,Ghim Công Thức,Menyematkan Formula
管道,管道,Pipe,パイプ,파이프,Conduite,Rohr,Tubo,Tubería,Tubo,Труба,ท่อ,Đường Ống,Pipa
管道桥,管道橋,Pipe Bridge,パイプブリッジ,파이프 물류 브리지,Pont de conduites,Rohrbrücke,Ponte per tubazioni,Puente de tuberías,Ponte de Tubos,Мостик для трубы,สะพาน​ท่อ,Cầu Nối Ống,Jembatan Pipa
管道准入口,管道准入口,Pipe Control Port,パイプ通過制御口,파이프 컨트롤 포트,Port de contrôle des conduites,Rohrsteuerungsport,Varco di controllo tubazioni,Puerto de control de tuberías,Porta de Controle do Tubo,Порт проверки труб,พอร์ต​ควบคุม​ท่อ,Cảng Kiểm Soát Ống,Porta Kontrol Pipa
管道汇流器,管道匯流器,Pipe Converger,パイプ合流器,파이프 합류기,Raccord de conduites,"Rohr-
zusammenlauf",Convogliatore di tubazioni,Convergente de tuberías,Integrador de Tubos,Объединитель труб,ตัว​รวม​ท่อ,Van Gộp Ống,Penggabung Pipa
使用管道物流设备,使用管道物流設備,Pipe Logistics Units: Usage,パイプ輸送装置の使用,파이프 물류 설비 사용하기,Unités logistiques de conduites : utilisation,Rohrlogistikeinheiten: Verwendung,Unità logistiche dei tubi: utilizzo,Unidades de logística de tuberías: uso,Unidades de Logística de Tubos: Uso,Модули логистики труб: использование,หน่วย​โลจิสติกส์​ของ​ท่อ​: การใช้งาน,Bộ Vận Chuyển Đường Ống: Cách Sử Dụng,Unit Logistik Pipa: Penggunaan
管道分流器,管道分流器,Pipe Splitter,パイプ分流器,파이프 분류기,Séparateur de conduite,Rohrteiler,Ripartitore di tubazioni,Divisor de tuberías,Divisor de Tubos,Разделитель трубы,ตัว​แยก​ท่อ,Van Tách Ống,Pembagi Pipa
管道,管道,Pipeline,パイプ,파이프,Conduite,Rohr,Tubazione,Tubería,Tubulação,Трубопровод,ท่อ​ส่ง,Đường Ống,Jalur Pipa
管道准入限速,管道准入限速,Pipeline Flow Adjuster,パイプ通過速度制限,파이프 속도 제한 컨트롤,Dispositif de réglage du débit de conduite,Rohrdurchfluss-Anpasser,Regolatore della portata delle tubazioni,Ajustador de flujo de tuberías,Ajustador de Fluxo de Tubulação,Регулятор потока трубопровода,ตัว​ปรับ​อัตรา​การ​ไหล​ของ​ท่อ,Bộ Điều Chỉnh Lưu Lượng Đường Ống,Pengatur Aliran Jalur Pipa
管道的放置,管道的擺放,Pipeline: Placement,パイプの設置,파이프를 배치하기,Conduite : placement,Rohr: Platzierung,Tubazioni: posizionamento,Tubería: colocación,Tubulação: Colocação,Трубопровод: размещение,ท่อ​ส่ง​: การ​จัดวาง,Đường Ống: Lắp Đặt,Jalur Pipa: Penempatan
建设规划区,建設規劃區,Planned Construction Area,建設計画地,건설 계획 구역,Zone de construction prévue,Geplante Baustelle,Area di costruzione pianificata,Área de construcción planificada,Área de Construção Planejada,Зона планируемого строительства,พื้นที่​ก่อสร้าง​ตาม​แผน,Khu Vực Xây Dựng Dự Kiến,Area Konstruksi yang Direncanakan
植物杂质,植物雜質,Plant Matter,植物副産物,식물 부산물,Matières végétales,Pflanzenmaterial,Materia vegetale,Materia vegetal,Matéria Vegetal,Растительное сырье,วัตถุ​พืช,Vật Chất Thực Vật,Sisa Tanaman
种植调配,種植調配,Planting,栽培用,논배미 제작,Plantation,Pflanzen,Coltivazione,Cultivo,Plantio,Посадка,การ​เพาะปลูก,Trồng Cây,Penanaman
武陵地区种植,武陵地區種植,Planting in the Wuling Region,"<p=""ぶりょう"" padding=0>武陵</p>の栽培",무릉 지역에서 재배하기,Plantations dans la région de Wuling,Pflanzen in der Wuling-Region,Coltivazione nella regione di Wuling,Cultivo en la región de Wuling,Plantio na Região de Wuling,Посадки в Улине,การ​เพาะปลูก​ใน​เขต​อู่​หลิง,Trồng Trọt ở Khu Vực Võ Lăng,Bercocok Tanam di Wilayah Wuling
种植机,種植機,Planting Unit,栽培機,재배기,Unité de plantation,Pflanzeinheit,Unità di coltivazione,Unidad de cultivo,Unidade de Plantio,Модуль посадки,ยู​นิต​เพาะปลูก,Máy Gieo Trồng,Unit Penanam
种植机模板,種植機模板,Planting Unit Template,栽培機の設計図,재배기 템플릿,Modèle d'unité de plantation,Vorlage: Pflanzeinheit,Schema: unità di coltivazione,Molde de la Unidad de cultivo,Gabarito de Unidade de Plantio,Шаблон модуля посадки,เทม​เพล​ต​ยู​นิต​เพาะปลูก,Mẫu Máy Gieo Trồng,Templat Unit Penanam
种植机 - 液体模式,種植機 - 液體模式,Planting Unit: Fluid Mode,栽培機 - 液体対応,재배기 - 액체 모드,Unité de plantation : mode Fluide,Pflanzeinheit: Flüssigkeitsmodus,Unità di coltivazione: modalità liquidi,Unidad de cultivo: Modo Fluido,Unidade de Plantio: Modo de Fluido,Модуль посадки: режим жидкостей,ยู​นิต​เพาะปลูก​: โหม​ด​ของเหลว,Máy Gieo Trồng: Chế Độ Lỏng,Unit Penanam: Mode Cairan
种植,種植,Planting: Growing the Plant,栽培,재배,Plantation : cultiver des plantes,Pflanzen: Eine Pflanze wachsen lassen,Coltivazione: crescita delle piante,Cultivo: Hacer crecer la planta,Plantio: Cultivo,Посадка: выращивание растений,การ​เพาะปลูก​: การ​ปลูก​พืช,Trồng Cây: Nuôi Dưỡng Cây Trồng,Penanaman: Menumbuhkan Tanaman
高地主路,高地主路,Plateau Trunkway,高地大通り,고지대 큰길,Route des plateaux,Plateau-Hauptstraße,Strada dell'Altopiano,Vía troncal de la meseta,Caminho Principal do Platô,Главная дорога плато,ถนน​ที่ราบสูง,Đại Lộ Cao Nguyên,Jalan Raya Dataran Tinggi
骏卫,駿衛,Pogranichnik,ポグラニチニク,포그라니치니크,Pogranichnik,Pogranichnik,Pogranichnik,Pogranichnik,Pogranichnik,Пограничник,Pogranichnik,Pogranichnik,Pogranichnik
骏卫的信物,駿衛的信物,Pogranichnik's Token,ポグラニチニクの印,포그라니치니크의 증표,Jeton de Pogranichnik,Pogranichniks Token,Gettone di Pogranichnik,Ficha de Pogranichnik,Símbolo de Pogranichnik,Жетон Пограничника,โท​เคน​ของ​ Pogranichnik,Tín Vật Của Pogranichnik,Token Pogranichnik
兴趣点,興趣點,POI,興味ポイント,관심 지점,Point d'intérêt,Interessanter Ort,Punto di interesse,punto de interés,Ponto de Interesse,точка интереса,จุดที่น่าสนใจ,Điểm Quan Tâm,Titik Menarik
爆炸物携行芯片1,爆炸物攜行晶片1,Portable Explosives Chip 1,爆発物携帯チップ1,폭발물 휴대 칩 1,Puce d'explosifs portables 1,Tragbare Sprengstoffe – Chip 1,Chip degli esplosivi portatili 1,Chip de explosivos portátiles 1,Chip de Explosivos Portáteis 1,Чип переносной взрывчатки 1,ชิป​ระเบิด​พกพา​ 1,Chip Thuốc Nổ Di Động 1,Chip Bahan Peledak Portabel 1
爆炸物携行芯片2,爆炸物攜行晶片2,Portable Explosives Chip 2,爆発物携帯チップ2,폭발물 휴대 칩 2,Puce d'explosifs portables 2,Tragbare Sprengstoffe – Chip 2,Chip degli esplosivi portatili 2,Chip de Explosivos portátiles 2,Chip de Explosivos Portáteis 2,Чип переносной взрывчатки 2,ชิป​ระเบิด​พกพา​ 2,Chip Thuốc Nổ Di Động 2,Chip Bahan Peledak Portabel 2
便携源石矿机,便攜式源石礦機,Portable Originium Rig,携帯式採鉱機,휴대용 오리지늄 채굴기,Plateforme d'extraction d'originium portable,Tragbare Originium-Abbauanlage,Trivella per Originium portatile,Plataforma portátil de Originio,Sonda de Originium Portátil,Портативная ориджиниевая установка,แท่น​ขุด​ออ​ริ​จิ​เนียม​แบบ​พกพา,Giàn Originium Di Động,Rig Originium Portabel
便携源石矿机模板,便攜式源石礦機模板,Portable Originium Rig Template,携帯式採鉱機の設計図,휴대용 오리지늄 채굴기 템플릿,Modèle de plateforme d'extraction d'originium portable,Vorlage: Tragbare Originium-Abbauanlage,Schema: trivella per Originium portatile,Molde de la Plataforma portátil de Originio,Gabarito de Sonda de Originium Portátil,Шаблон портативной ориджиниевой установки,เทม​เพล​ต​แท่น​ขุด​ออ​ริ​จิ​เนียม​แบบ​พกพา,Mẫu Giàn Originium Di Động,Templat Rig Originium Portabel
手动收取便携源石矿机,手動收取便攜式源石礦機,Portable Originium Rig: Manual Ore Collection,携帯式採鉱機の手動受取,휴대용 오리지늄 채굴기에서 광물 직접 수령하기,Plateforme d'extraction d'originium portable : récolte manuelle de minerai,Tragbare Originium-Abbauanlage: Erz manuell einsammeln,Trivella per Originium portatile: raccolta manuale dei minerali,Plataforma portátil de Originio: Recolección manual de minerales,Sonda de Originium Portátil: Coleta Manual de Minério,Портативная ориджиниевая установка: ручной сбор руды,แท่น​ขุด​ออ​ริ​จิ​เนียม​แบบ​พกพา​: การ​เก็บ​แร่​ด้วยตัวเอง,Giàn Originium Di Động: Thu Thập Quặng Thủ Công,Rig Originium Portabel: Pengumpulan Bijih secara Manual
潜能解放奖章,潛能解放獎章,Potential Unleashed,潜在解放勲章,잠재 능력 해방 훈장,Libération de potentiel,Entfesseltes Potenzial,Massimo potenziale,Potencial liberado,Potencial Liberado,Раскрытый потенциал,ปลดปล่อย​ศักยภาพ,Bùng Nổ Tiềm Năng,Pemenuhan Potensi
草籽干粉,草籽乾粉,Powdered Grass Seed,種子の粉末,풀 씨앗 가루,Graine d'herbe en poudre,Pulverisierte Grassamen,Seme d'erba in polvere,Semilla de césped en polvo,Semente de Grama em Pó,Молотое семя травы,ผง​เมล็ด​หญ้า,Bột Hạt Cỏ,Bubuk Benih Rumput
电力装备,電力裝備,Power Equipment,電力設備,전력 설비,Équipement électrique,Elektrische Geräte,Equipaggiamento elettrico,Maquinaria eléctrica,Equipamento Elétrico,Энергетическое оборудование,เครื่องมือ​ไฟฟ้า,Thiết Bị Điện,Peralatan Listrik
小规模发电,小規模發電,Power Generation [S],小規模発電,소규모 발전,Génération d'énergie [P],Stromerzeugung [S],Generazione di elettricità (S),Generación energética [P],Geração de Energia [P],Выработка энергии [мал.],อุปกรณ์​จ่ายไฟ​ [S],Sản Xuất Năng Lượng [Nhỏ],Pembangkitan Daya Listrik [S]
电站通信站,電站通訊站,Power Plant Comm Station,発電所通信局,발전소 통신소,Station de communication de la centrale électrique,Kraftwerk – Kommunikations-station,Centrale elettrica: stazione di comunicazione,Estación de comunicaciones de la Planta de energía,Estação de Comunicação da Usina de Energia,Пункт связи электростанции,สถานี​สื่อสาร​โรงไฟฟ้า,Trạm Liên Lạc Nhà Máy Năng Lượng,Stasiun Komunikasi Pembangkit Listrik
供能高地,供能高地,Power Plateau,エネルギー高地,에너지 공급 고지,Plateau électrique,Energieplateau,Altopiano elettrico,Meseta de poder,Platô de Energia,Плато Энергии,ที่ราบสูง​พลังงาน,Cao Nguyên Năng Lượng,Dataran Tinggi Daya
野外供电,野外供電,Power Supply: Wilderness,エリア外の電力供給,야외 전력 공급,Alimentation électrique : nature sauvage,Energieversorgung: Wildnis,Alimentazione elettrica: terre selvagge,Suministro de energía: Tierras salvajes,Fornecimento de Energia: Áreas Selvagens,Энергоснабжение: бездорожье,การ​จ่าย​พลังงาน​: ดินแดน​ป่า,Cấp Điện: Khu Hoang Vu,Aliran Listrik: Alam Liar
珍贵的大结核,珍貴的大結核,Precious Nodule [L],貴重な大晶核,진귀 대결핵,Nodule précieux [G],Kostbarer Nodulus [L],Nodulo prezioso (L),Nódulo precioso [G],Nódulo Precioso [G],Ценное отложение [бол.],ก้อน​ผลึก​ล้ำค่า​ [L],Hạch Quý Hiếm [Lớn],Nodul Berharga [L]
珍贵的中结核,珍貴的中結核,Precious Nodule [M],貴重な中晶核,진귀 중결핵,Nodule précieux [M],Kostbarer Nodulus [M],Nodulo prezioso (M),Nódulo precioso [M],Nódulo Precioso [M],Ценное отложение [ср.],ก้อน​ผลึก​ล้ำค่า​ [M],Hạch Quý Hiếm [Trung],Nodul Berharga [M]
珍贵的小结核,珍貴的小結核,Precious Nodule [S],貴重な小晶核,진귀 소결핵,Nodule précieux [P],Kostbarer Nodulus [S],Nodulo prezioso (S),Nódulo Precioso [P],Nódulo Precioso [P],Ценное отложение [мал.],ก้อน​ผลึก​ล้ำค่า​ [S],Hạch Quý Hiếm [Nhỏ],Nodul Berharga [S]
沉积酸,沉積酸,Precipitation Acid,沈殿酸,산성 침적물,Acide de précipitation,Niederschlagssäure,Acido per precipitazione,Ácido de precipitación,Ácido de Precipitação,Осадочная кислота,กรด​ตกตะกอน,Axit Lắng Đọng,Asam Peluruh
沉积酸存放点,沉積酸存放點,Precipitation Acid Storage,沈殿酸貯蔵スポット,산성 침적물 보관 지점,Stockage d'acide de précipitation,Niederschlagssäure-Vorkommen,Stoccaggio di acido per precipitazione,Almacenamiento de Ácido de precipitación,Armazenamento de Ácido de Precipitação,Хранилище осадочной кислоты,ที่เก็บ​กรด​ตกตะกอน,Bể Chứa Axit Lắng Đọng,Penyimpanan Asam Peluruh
采集沉积酸的方法,採集沉積酸的方法,Precipitation Acid: Production,沈殿酸の採集方法,산성 침적물 채집 방법,Acide de précipitation : production,Niederschlagssäure: Produktion,Acido per precipitazione: produzione,Ácido de precipitación: Producción,Ácido de Precipitação: Produção,Производство осадочной кислоты,กรด​ตกตะกอน​: การผลิต,Axit Lắng Đọng: Sản Xuất,Asam Peluruh: Produksi
沉积晶石,沉積晶石,Precipitation Crystal,"<p=""ちんでんしょうせき"" padding=0>沈殿晶石</p>",침적 크리스털,Cristal de précipitation,Niederschlagskristall,Cristallo di precipitazione,Cristal de precipitación,Cristal de Precipitação,Кристаллизованный осадок,ผลึก​หยาด​ตะกอน,Tinh Thể Lắng Đọng,Kristal Luruhan
沉积具象物,沉積具象物,Precipitation Manifest,沈殿物品,침적 구상물,Manifeste de précipitation,Niederschlagsverzeichnis,Manifesto di precipitazione,Manifiesto de precipitación,Manifesto de Precipitação,Воплощение осадка,ภูต​สำแดง​หยาด​ตะกอน,Thực Thể Lắng Đọng,Manifestasi Peluruh
精密零件包裹,精密零件包裹,Precision Parts Package,精密部品の荷物,정밀 부품 소포,Colis de pièces de précision,Präzisionsteil-Päckchen,Pacco di componenti di precisione,Empaquetado de piezas de precisión,Pacote de Peças de Precisão,Посылка с точными деталями,หีบห่อ​ชิ้นส่วน​ที่​เกี่ยวข้อง​กับ​ความแม่นยำ,Gói Linh Kiện Chính Xác,Paket Bagian Presisi
掠食者一瞥,掠食者一瞥,Predator's Glance,追う者の眼差し,포식자의 시선,Regard de prédateur,Raubtierblick,Lo sguardo del predatore,Mirada de depredador,Olhar do Predador,Взгляд хищника,สายตา​นัก​ล่า,Cái Nhìn Của Kẻ Săn Mồi,Lirikan Pemangsa
整备场,整備場,Prep Zone,整備場,정비장,Zone de préparation,Vorbereitungszone,Zona di preparazione,Zona de preparación,Zona de Preparação,Зона подготовки,โซน​เตรียมการ,Khu Chuẩn Bị,Zona Persiapan
战前准备,戰前準備,Prepped for Battle,準備万端,출전 준비,Prêt à combattre,Kampfbereit,Pronto allo scontro,Preparado para la batalla,Preparado Para a Batalha,Готовность к бою,เตรียมพร้อม​รบ,Sẵn Sàng Chiến Đấu,Siap Tempur
干菜羹·升级,乾菜羹·升級,Preserve Stew Upgrade,干し野菜のシチュー（強化）,말린 채소수프 · 업그레이드,Amélioration de ragoût de conserves,Verbesserung: Konserveneintopf,Potenziamento: stufato rigenerante,Mejora de estofado conservado,Upgrade de Ensopado em Conserva,Улучшение тушеных пресервов,อัป​เกรด​สตู​ว์​ถนอมอาหาร,Nâng Cấp Món Hầm Bảo Quản Lâu,Upgrade untuk Sup Sayuran Kering
压力板,壓力板,Pressure Plate,感圧板,압력판,Plaque de pression,Druckplatte,Piastra a pressione,Placa de presión,Placa de Pressão,Плитка,แผ่น​กด,Bàn Đạp Áp Suất,Pelat Tekanan
按序激活压力板,依序啟動壓力板,Pressure Plate: Activation Sequence,順番通りに感圧板を起動,압력판을 순서대로 활성화하기,Plaque de pression : séquence d'activation,Druckplatte: Aktivierungsreihenfolge,Piastra a pressione: sequenza di attivazione,Placa de presión: Secuencia de activación,Placa de Pressão: Sequência de Ativação,Плитка: последовательность активации,แผ่น​กด​: ลำดับ​การ​เปิด​ใช้งาน,Bàn Đạp Áp Suất: Trình Tự Kích Hoạt,Pelat Tekanan: Urutan Aktivasi
平衡总控开关,平衡總控開關,Pressure Plate: Main Balance Switch,バランス制御装置,균형 전체 제어 스위치,Plaque de pression : interrupteur d'équilibrage principal,Druckplatte: Hauptdruckschalter,Piastra a pressione: bilanciatore principale,Placa de presión: Interruptor de balance principal,Placa de Pressão: Interruptor de Balanço Principal,Плитка: основной переключатель,สวิตช์​ปรับ​สมดุล​หลัก​: สวิตช์​ปรับ​สมดุล​หลัก,Bàn Đạp Áp Suất: Công Tắc Cân Bằng Chính,Pelat Tekanan: Sakelar Penyeimbang Utama
小剑桩,小劍樁,Pressure Plate: Sword Pell,"<p=""しょうけんこう"" padding=0>小剣杭</p>",소형 검 기둥,Plaque de pression : poteau d'entraînement,Druckplatte: Übungspuppe,Piastra a pressione: palo d'allenamento,Placa de presión: Poste de entrenamiento,Placa de Pressão: Poste de Treinamento,Плитка: оружейный столб,แผ่น​กด​: เสา​ฝึก​ดาบ,Bàn Đạp Áp Suất: Cột Tập Kiếm,Pelat Tekanan: Tiang Latihan Pedang
感应开关 - 一,感應開關 - 一,Pressure Switch (1),センサー - 1,센서 - 1,Plaque de pression (1),Druckschalter (1),Interruttore a pressione (1),Interruptor de presión (1),Interruptor de Pressão (1),Переключатель давления (1),สวิตช์​แรงดัน​ (1),Công Tắc Áp Suất (1),Sakelar Tekanan (1)
感应开关 - 二,感應開關 - 二,Pressure Switch (2),センサー - 2,센서 - 2,Plaque de pression (2),Druckschalter (2),Interruttore a pressione (2),Interruptor de presión (2),Interruptor de Pressão (2),Переключатель давления (2),สวิตช์​แรงดัน​ (2),Công Tắc Áp Suất (2),Sakelar Tekanan (2)
棱镜天使,稜鏡天使,Prism,稜鏡アンゲロス,굴절아겔로스,Prisme,Prisma,Prisma,Prisma,Prisma,Призма,ปริซึม,Lăng Trụ,Prisma
珍贵的大结核,珍貴的大結核,Pristine Nodule L,貴重な大晶核,진귀 대결핵,Nodule précieux G,Kostbarer Nodulus L,Nodulo prezioso L,Nódulo precioso G,Nódulo Precioso G,Ценное отложение бол.,ก้อน​ผลึก​ล้ำค่า​ L,Hạch Quý Hiếm Lớn,Nodul Berharga L
珍贵的中结核,珍貴的中結核,Pristine Nodule M,貴重な中晶核,진귀 중결핵,Nodule précieux M,Kostbarer Nodulus M,Nodulo prezioso M,Nódulo precioso M,Nódulo Precioso M,Ценное отложение ср.,ก้อน​ผลึก​ล้ำค่า​ M,Hạch Quý Hiếm Trung,Nodul Berharga M
珍贵的小结核,珍貴的小結核,Pristine Nodule S,貴重な小晶核,진귀 소결핵,Nodule précieux P,Kostbarer Nodulus S,Nodulo prezioso S,Nódulo Precioso P,Nódulo Precioso P,Ценное отложение мал.,ก้อน​ผลึก​ล้ำค่า​ S,Hạch Quý Hiếm Nhỏ,Nodul Berharga S
白水鉴心,白水鑑心,Pristine Water Mirrors the Soul,心映す清流,물에 비친 본심,L'eau cristalline est le reflet de l'âme,Reines Wasser spiegelt die Seele,L'anima si riflette nell'acqua pura,El agua cristalina refleja el alma,A Água Cristalina Reflete a Alma,Чистая вода — зеркало души,สายน้ำ​บริสุทธิ์​สะท้อน​จิตวิญญาณ,Nước Trong Phản Chiếu Tâm Hồn,"Air Jernih, Cerminan Jiwa"
得闲,得閒,Private Recess,閑暇,여유,Quiétude solitaire,Private Auszeit,Ricreazione privata,Descanso privado,Recesso Privado,Уединенный перерыв,เวลา​พัก​ส่วนตัว,Khoảng Lặng Riêng,Istirahat Pribadi
高效猎获,高效獵獲,Productive Hunting,効率的な狩猟,고효율 사냥,Chasse productive,Erfolgreiche Jagd,Caccia produttiva,Caza productiva,Caçada Produtiva,Удачная охота,การ​ออก​ล่า​ขา​ขึ้น,Săn Bắt Hiệu Quả,Productive Hunting
个人名片,個人名片,Profile,個人情報,개인 명함,Profil,Profil,Profilo,Perfil,Perfil,Профиль,โพร​ไฟล์,Hồ Sơ,Profil
显锋,顯鋒,Prominent Edge,顕鋒,드러난 칼날,Arête saillante,Erhabene Klinge,Lama eminente,Filo prominente,Lâmina Afiada,Выдающийся клинок,คม​ดาบ​โดดเด่น,Kiếm Sắc Áp Đảo,Prominent Edge
强者之证,強者之證,Proof for the Mighty,強者の証,강자의 표식,Preuve de puissance,Machtbeweis,Prova dei grandi,Prueba de los poderosos,Prova de Poder,Доказательство силы,บทพิสูจน์​ความยิ่งใหญ่,Bằng Chứng Cường Giả,Bukti Kejayaan
证果,證果,Proof of Enlightenment,正覚,증과,Preuve d'éveil,Beweis der Erleuchtung,Conquista dell'illuminazione,Prueba de la iluminación,Prova da Iluminação,Доказательство просветления,หลักฐาน​แห่ง​การ​รู้แจ้ง,Bằng Chứng Giác Ngộ,Bukti Pencerahan
庇护,庇護,Protect,加護,비호,Protection,Schützen,Protezione,Proteger,Proteger,Защита,ปกป้อง,Bảo Hộ,Protect
协议萃取物,協議萃取物,Proto-Extract,協約抽出物,프로토콜 추출물,Proto-extrait,Proto-Extrakt,Protoestratto,Protoextracto,Protoextrato,Протоэкстракт,สาร​สกัด​ต้นแบบ,Chiết xuất Proto,Protoekstrak
协议核心,協議核心,Protocol Automation-Core (PAC),協約核心,프로토콜 코어,Noyau d'automatisation du Protocole (NAP),Protokoll-Automationskern (PAK),Nucleo di automazione protocollare (NAP),Núcleo de automatización de protocolos (NAP),Núcleo de Automação do Protocolo (NAP),Протокольный блок автоматизации (ПБА),แกน​หลัก​อัตโนมัติ​โปร​โต​คอล​ (PAC),Lõi Tự Động Hóa Giao Thức (Lõi Giao Thức),Protokol Automasi Canggih (PAC)
协议核心存电耗尽的应对方式 - 一,協議核心存電耗盡的應對方式 - 一,Protocol Automation-Core: Power Reserves Depletion (1),協約核心の蓄電量が0になったときの対処方法 - 1,프로토콜 코어에 저장한 전력이 고갈됐을 때의 대응 방안 - 1,Noyau d'automatisation du Protocole : épuisement des réserves d'énergie (1),Protokoll-Automationskern: Energiereserven aufgebraucht (1),Nucleo di automazione protocollare: esaurimento riserve di energia (1),Núcleo de automatización de protocolos: Agotamiento de reservas de energía (1),Núcleo de Automação do Protocolo: Esgotamento das Reservas de Energia (1),Протокольный блок автоматизации: истощение резервной энергии (1),แกน​หลัก​อัตโนมัติ​โปร​โต​คอล​: พลังงาน​สำรอง​หมด​ (1),Lõi Tự Động Hóa Giao Thức: Dùng Hết Nguồn Điện Dự Trữ (1),Protokol Automasi Canggih: Cadangan Daya Habis (1)
协议核心存电耗尽的应对方式 - 二,協議核心存電耗盡的應對方式 - 二,Protocol Automation-Core: Power Reserves Depletion (2),協約核心の蓄電量が0になったときの対処方法 - 2,프로토콜 코어에 저장한 전력이 고갈됐을 때의 대응 방안 - 2,Noyau d'automatisation du Protocole : épuisement des réserves d'énergie (2),Protokoll-Automationskern: Energiereserven aufgebraucht (2),Nucleo di automazione protocollare: esaurimento riserve di energia (2),Núcleo de automatización de protocolos: Agotamiento de reservas de energía (2),Núcleo de Automação do Protocolo: Esgotamento das Reservas de Energia (2),Протокольный блок автоматизации: истощение резервной энергии (2),แกน​หลัก​อัตโนมัติ​โปร​โต​คอล​: พลังงาน​สำรอง​หมด​ (2),Lõi Tự Động Hóa Giao Thức: Dùng Hết Nguồn Điện Dự Trữ (2),Protokol Automasi Canggih: Cadangan Daya Habis (2)
协议容量限制,協議容量限制,Protocol Capacity and Restrictions,協約容量の制限,프로토콜 용량 제한,Capacité et restrictions du Protocole,Protokollkapazität und -beschränkungen,Capacità di protocollo e restrizioni,Capacidad de protocolo y restricciones,Capacidade do Protocolo e Restrições,Протокольная вместимость и ограничения,ความจุ​โปร​โต​คอล​และ​ข้อจำกัด,Sức chứa giao thức và Giới Hạn,Kapasitas Protokol dan Batasan
协议采录桩,協議採錄樁,Protocol Datalogger,協約測定装置,프로토콜 데이터 수집기,Enregistreur de données du Protocole,Protokoll-Datenlogger,Registratore dati protocollare,Registrador de datos de protocolo,Registro de Dados do Protocolo,Протокольный регистратор,เครื่อง​เก็บข้อมูล​โปร​โต​คอล,Thiết Bị Ghi Dữ Liệu Giao Thức,Pencatat Datalog Protokol
协议投送设备,協議投送設備,Protocol Deployed Facility,協約投下設備,프로토콜 투하 설비,Installation déployée par le Protocole,Eingesetzte Anlage protokollieren,Struttura protocollare dispiegata,Instalación desplegada por protocolo,Instalação Implantada de Protocolo,Протокольное сооружение,สิ่งปลูกสร้าง​ที่​ติดตั้ง​จาก​โปร​โต​คอล,Công Trình Triển Khai Giao Thức,Fasilitas yang Dikerahkan Protokol
协议采录桩,協議採錄樁,Protocol DL,協約測定装置,프로토콜 데이터 수집기,ED du Protocole,Protokoll-DL,RD protocollare,Protocolo RD,DL do Protocolo,Протокольный РД,โปร​โต​คอล​ DL,Giao Thức DL,DL Protokol
协议采录桩·II,協議採錄樁·II,Protocol DL II,協約測定装置II,프로토콜 데이터 수집기 II,Ancre de protocole II,Protokoll-Anker II,Ancora di protocollo II,Registrador de datos de protocolo II,Âncora de Protocolo II,Протокольный регистратор II,แองเคอร์โปรโตคอล II,Điểm Neo Giao Thức II,Jangkar Protokol II
协议行进,協議行進,Protocol Procession,協約進行,프로토콜 행진,Procession du Protocole,Protokollprozession,Processione protocollare,Procesión del protocolo,Procissão do Protocolo,Обработка протокола,ขบวน​โปร​โต​คอล,Nghi Thức Giao Thức,Prosesi Protokol
协议奇点,協議奇異點,Protocol Singularity,協約特異点,프로토콜 특이점,Singularité de Protocole,Protokollsingularität,Singolarità di protocollo,Singularidad del protocolo,Singularidade do Protocolo,Протокольная сингулярность,โปร​โต​คอล​เอก​ฐาน,Điểm Kỳ Dị Giao Thức,Singularitas Protokol
协议空间,協議空間,Protocol Space,協約空間,프로토콜 공간,Espace de Protocole,Protokoll-Dimension,Spazio protocollare,Espacio de protocolo,Espaço do Protocolo,Протокольный разлом,พื้นที่​โปร​โต​คอล,Không Gian Giao Thức,Dimensi Protokol
协议稳定芯片1,協議穩定晶片1,Protocol Stabilizing Chip 1,協約安定チップ1,프로토콜 안정 칩 1,Puce de stabilisation du Protocole 1,Protokoll-Stabilisator-Chip 1,Chip della stabilizzazione protocollare 1,Chip de estabilización de protocolo 1,Chip de Estabilização do Protocolo 1,Чип для стабилизации протокола 1,ชิป​คุม​ความเสถียร​โปร​โต​คอล​ 1,Chip Ổn Định Giao Thức 1,Chip Penstabil Protokol 1
协议稳定芯片10,協議穩定晶片10,Protocol Stabilizing Chip 10,協約安定チップ10,프로토콜 안정 칩 10,Puce de stabilisation du Protocole 10,Protokoll-Stabilisator-Chip 10,Chip della stabilizzazione protocollare 10,Chip de estabilización de protocolo 10,Chip de Estabilização do Protocolo 10,Чип для стабилизации протокола 10,ชิป​คุม​ความเสถียร​โปร​โต​คอล​ 10,Chip Ổn Định Giao Thức 10,Chip Penstabil Protokol 10
协议稳定芯片2,協議穩定晶片2,Protocol Stabilizing Chip 2,協約安定チップ2,프로토콜 안정 칩 2,Puce de stabilisation du Protocole 2,Protokoll-Stabilisator-Chip 2,Chip della stabilizzazione protocollare 2,Chip de estabilización de protocolo 2,Chip de Estabilização do Protocolo 2,Чип для стабилизации протокола 2,ชิป​คุม​ความเสถียร​โปร​โต​คอล​ 2,Chip Ổn Định Giao Thức 2,Chip Penstabil Protokol 2
协议稳定芯片3,協議穩定晶片3,Protocol Stabilizing Chip 3,協約安定チップ3,프로토콜 안정 칩 3,Puce de stabilisation du Protocole 3,Protokoll-Stabilisator-Chip 3,Chip della stabilizzazione protocollare 3,Chip de estabilización de protocolo 3,Chip de Estabilização do Protocolo 3,Чип для стабилизации протокола 3,ชิป​คุม​ความเสถียร​โปร​โต​คอล​ 3,Chip Ổn Định Giao Thức 3,Chip Penstabil Protokol 3
协议稳定芯片4,協議穩定晶片4,Protocol Stabilizing Chip 4,協約安定チップ4,프로토콜 안정 칩 4,Puce de stabilisation du Protocole 4,Protokoll-Stabilisator-Chip 4,Chip della stabilizzazione protocollare 4,Chip de estabilización de protocolo 4,Chip de Estabilização do Protocolo 4,Чип для стабилизации протокола 4,ชิป​คุม​ความเสถียร​โปร​โต​คอล​ 4,Chip Ổn Định Giao Thức 4,Chip Penstabil Protokol 4
协议稳定芯片5,協議穩定晶片5,Protocol Stabilizing Chip 5,協約安定チップ5,프로토콜 안정 칩 5,Puce de stabilisation du Protocole 5,Protokoll-Stabilisator-Chip 5,Chip della stabilizzazione protocollare 5,Chip de estabilización de protocolo 5,Chip de Estabilização do Protocolo 5,Чип для стабилизации протокола 5,ชิป​คุม​ความเสถียร​โปร​โต​คอล​ 5,Chip Ổn Định Giao Thức 5,Chip Penstabil Protokol 5
协议稳定芯片6,協議穩定晶片6,Protocol Stabilizing Chip 6,協約安定チップ6,프로토콜 안정 칩 6,Puce de stabilisation du Protocole 6,Protokoll-Stabilisator-Chip 6,Chip della stabilizzazione protocollare 6,Chip de estabilización de protocolo 6,Chip de Estabilização do Protocolo 6,Чип для стабилизации протокола 6,ชิป​คุม​ความเสถียร​โปร​โต​คอล​ 6,Chip Ổn Định Giao Thức 6,Chip Penstabil Protokol 6
协议稳定芯片7,協議穩定晶片7,Protocol Stabilizing Chip 7,協約安定チップ7,프로토콜 안정 칩 7,Puce de stabilisation du Protocole 7,Protokoll-Stabilisator-Chip 7,Chip della stabilizzazione protocollare 7,Chip de estabilización de protocolo 7,Chip de Estabilização do Protocolo 7,Чип для стабилизации протокола 7,ชิป​คุม​ความเสถียร​โปร​โต​คอล​ 7,Chip Ổn Định Giao Thức 7,Chip Penstabil Protokol 7
协议稳定芯片8,協議穩定晶片8,Protocol Stabilizing Chip 8,協約安定チップ8,프로토콜 안정 칩 8,Puce de stabilisation du Protocole 8,Protokoll-Stabilisator-Chip 8,Chip della stabilizzazione protocollare 8,Chip de Estabilización de protocolo 8,Chip de Estabilização do Protocolo 8,Чип для стабилизации протокола 8,ชิป​คุม​ความเสถียร​โปร​โต​คอล​ 8,Chip Ổn Định Giao Thức 8,Chip Penstabil Protokol 8
协议稳定芯片9,協議穩定晶片9,Protocol Stabilizing Chip 9,協約安定チップ9,프로토콜 안정 칩 9,Puce de stabilisation du Protocole 9,Protokoll-Stabilisator-Chip 9,Chip della stabilizzazione protocollare 9,Chip de estabilización de protocolo 9,Chip de Estabilização do Protocolo 9,Чип для стабилизации протокола 9,ชิป​คุม​ความเสถียร​โปร​โต​คอล​ 9,Chip Ổn Định Giao Thức 9,Chip Penstabil Protokol 9
协议储存箱,協議儲存箱,Protocol Stash,協約貯蔵箱,프로토콜 저장함,Coffre de Protocole,Protokolllager,Scorta protocollare,Reserva de protocolo,Reserva de Protocolo,Протокольный запасник,คลัง​โปร​โต​คอล,Kho Lưu Trữ Giao Thức,Simpanan Protokol
协议储存箱 - 一,協議儲存箱 - 一,Protocol Stash (1),協約貯蔵箱 - 1,프로토콜 저장함 - 1,Coffre de Protocole (1),Protokolllager (1),Scorta protocollare (1),Reserva de protocolo (1),Reserva de Protocolo (1),Протокольный запасник (1),คลัง​โปร​โต​คอล​ (1),Kho Lưu Trữ Giao Thức (1),Simpanan Protokol (1)
协议储存箱 - 二,協議儲存箱 - 二,Protocol Stash (2),協約貯蔵箱 - 2,프로토콜 저장함 - 2,Coffre de Protocole (2),Protokolllager (2),Scorta protocollare (2),Reserva de protocolo (2),Reserva de Protocolo (2),Протокольный запасник (2),คลัง​โปร​โต​คอล​ (2),Kho Lưu Trữ Giao Thức (2),Simpanan Protokol (2)
协议储存箱模板,協議儲存箱模板,Protocol Stash Template,協約貯蔵箱の設計図,프로토콜 저장함 템플릿,Modèle de coffre de Protocole,Vorlage: Protokolllager,Schema: scorta protocollare,Molde de la Reserva de protocolo,Gabarito de Reserva de Protocolo,Шаблон протокольного запасника,เทม​เพล​ต​คลัง​โปร​โต​คอล,Mẫu Kho Lưu Trữ Giao Thức,Templat Simpanan Protokol
协议纹石,協議紋石,Protocolith,協約紋石,프로토콜 문양석,Protocolite,Protokolith,Protocolite,Protocolito,Protocolito,Протоколит,โปร​โต​โค​ลิ​ธ,Thạch Giao Thức,Protocolith
协议纹石子簇,協議紋石子簇,Protocolith Seed,協約紋石塊,프로토콜 문양석 덩이,Graine de protocolite,Protokolith-Samen,Seme di protocolite,Semilla de protocolito,Semente de Protocolito,Семя протоколита,เมล็ด​โปร​โต​โค​ลิ​ธ,Hạt Thạch Giao Thức,Benih Protocolith
协议纹石,協議紋石,Protocolith Spot,協約紋石,프로토콜 문양석,Protocolite,Protokolith,Protocolite,Protocolito,Protocolito,Протоколит,โปร​โต​โค​ลิ​ธ,Thạch Giao Thức,Protocolith
协议化武器原型,協議化武器原型,Protocolized Weapon Pattern,協約化武器レプリカ,프로토콜 무기 프로토타입,Modèle d'arme protocolisée,Waffenbauplan-Protokoll,Schema per armi protocollari,Patrón de arma protocolizado,Padrão de Arma Protocolizado,Схема протоколированного оружия,รูปแบบ​อาวุธ​ตาม​โปร​โต​คอล,Mẫu Vũ Khí Giao Thức Hóa,Pola Senjata Berprotokol
协议圆盘,協議圓盤,Protodisk,協約ディスク,프로토콜 디스크,Proto-disque,Protodisk,Protodisco,Protodisco,Protodisco,Протодиск,โปร​โต​ดิสก์,Protodisk,Protodisk
协议棱柱组,協議稜柱組,Protohedron,協約角柱セット,프로토콜 프리즘 세트,Proto-èdre,Protoeder,Protoedro,Protoedro,Protoedro,Протоэдр,โปร​โต​เฮด​รอน,Protohedron,Protohedron
协议棱柱,協議稜柱,Protoprism,協約角柱,프로토콜 프리즘,Proto-prisme,Protoprisma,Protoprisma,Protoprisma,Protoprisma,Протопризма,โปร​โต​ปริซึม,Protoprism,Protoprisma
协议圆盘组,協議圓盤組,Protoset,協約ディスクセット,프로토콜 디스크 세트,Proto-ensemble,Protoset,Protoset,Protoconjunto,Protoconjunto,Протонабор,โปร​โต​เซ็ต,Protoset,Protoset
协议同步器,協議同步器,Protosync Menu,協約同期装置,프로토콜 동기화 장치,Menu Protosync,Protosync-Menü,Menu Protosync,Menú del Sinc. de prot.,Menu SincProt,Меню протосинка,เมนู​โปร​โต​ซิงค์,Menu Bộ Đồng Hóa Giao Thức,Menu Protosync
测试型重甲,測試型重甲,Prototype Heavy Armor,試作型重防具,시험형 중갑,Prototype d'armure lourde,Schwerer Rüstungsprototyp,Prototipo armatura pesante,Prototipo de Armadura Pesada,Protótipo de Armadura Pesada,Прототип тяжелой брони,เกราะ​หนัก​ต้นแบบ,Giáp Hạng Nặng Nguyên Mẫu,Prototipe Armor Berat
测试型重甲·壹型,測試型重甲·I,Prototype Heavy Armor T1,試作型重防具Ⅰ,시험형 중갑 · I,Prototype d'armure lourde G1,Schwerer Rüstungsprototyp S1,Prototipo armatura pesante O1,Prototipo de Armadura Pesada T1,Protótipo de Armadura Pesada T1,Прототип тяжелой брони К1,เกราะ​หนัก​ต้นแบบ​ T1,Giáp Hạng Nặng Nguyên Mẫu T1,Prototipe Armor Berat T1
原型机零件,原型機零件,Prototype Parts,試作モデルのパーツ,프로토타입 부품,Pièces de prototype,Prototyp-Teile,Componenti del prototipo,Piezas de prototipo,Peças para Protótipo,Детали прототипа,ชิ้นส่วน​ต้นแบบ,Bộ Phận Nguyên Mẫu,Bagian Prototipe
试用型超导芯片,試用型超導晶片,Prototype Superconductive Chip,プロトタイプ・超伝導チップ,프로토타입 초전도 칩,Prototype de puce supraconductrice,Supraleitender Chip-Prototyp,Prototipo di chip superconduttore,Chip superconductor prototipo,Protótipo de Chip Supercondutor,Прототип сверхпроводящего чипа,ชิป​ตัวนำ​ยวดยิ่ง​ต้นแบบ,Nguyên Mẫu Chip Siêu Dẫn,Prototipe Chip Superkonduktif
手撕虫肉,手撕蟲肉,Pulled Slug Meat,虫肉ジャーキー,손으로 찢은 벌레 고기,Viande de limace effilochée,Gezupftes Schneckenfilet,Straccetti di carne di lumaca,Carne de babosa desmenuzada,Carne de Lesma Desfiada,Рваное мясо слизня,เนื้อ​ทาก​ฉีก,Thịt Sên Kéo Giãn,Daging Siput Suwir
手撕虫肉·升级,手撕蟲肉·升級,Pulled Slug Meat Upgrade,虫肉ジャーキー（強化）,손으로 찢은 벌레 고기 · 업그레이드,Amélioration de la viande de limace effilochée,Verbesserung: Gezupftes Schneckenfilet,Potenziamento: straccetti di carne di lumaca,Mejora de Carne de babosa desmenuzada,Upgrade de Carne de Lesma Desfiada,Улучшение рваного мяса слизня,อัป​เกรด​เนื้อ​ทาก​ฉีก,Nâng Cấp Thịt Sên Kéo Giãn,Upgrade untuk Daging Siput Suwir
脉冲式校准器,脈衝式校準器,Pulser Labs Calibrator,パルス式校正器,펄스식 교정기,Étalonneur de Pulser Labs,Pulser-Labs-Kalibrator,Calibratore a impulsi,Calibrador de Laboratorios Pulso,Calibrador Pulser Labs,Калибратор «Импульс»,เครื่อง​สอบ​เทียบ​ห้องทดลอง​พัล​เซอร์,Máy Hiệu Chuẩn Sóng Xung,Kalibrator Pulser Labs
脉冲式干扰服,脈衝式干擾服,Pulser Labs Disruptor Suit,パルス式妨害服,펄스식 교란 방어구,Combi disruptive de Pulser Labs,Pulser-Labs-Störungsanzug,Tuta perturbante a impulsi,Traje disruptor de Laboratorios Pulso,Traje Disruptor Pulser Labs,Дестабилизирующие доспехи «Импульс»,ชุด​รบ​แทรกแซง​ห้องทดลอง​พัล​เซอร์,Giáp Gây Nhiễu Sóng Xung,Setelan Disruptor Pulser Labs
脉冲式手套,脈衝式手套,Pulser Labs Gloves,パルス式グローブ,펄스식 장갑,Gants de Pulser Labs,Pulser-Labs-Handschuhe,Guanti a impulsi,Guantes de laboratorios Pulso,Luvas Pulser Labs,Перчатки «Импульс»,ถุงมือ​ห้องทดลอง​พัล​เซอร์,Găng Tay Sóng Xung,Sarung Tangan Pulser Labs
脉冲式侵入核,脈衝式侵入核,Pulser Labs Invasion Core,パルス式侵入装置,펄스식 침입 코어,Noyau invasif de Pulser Labs,Pulser-Labs-Invasionskern,Nucleo di invasione a impulsi,Núcleo de invasión de Laboratorios Pulso,Núcleo de Invasão Pulser Labs,Ядро взлома «Импульс»,แกน​บุกรุก​ห้องทดลอง​พัล​เซอร์,Lõi Sóng Xung Xâm Nhập,Inti Invasi Pulser Labs
脉冲式探针,脈衝式探針,Pulser Labs Probe,パルス式探針,펄스식 시험침,Sonde de Pulser Labs,Pulser-Labs-Sonde,Sonda a impulsi,Sonda de Laboratorios Pulso,Sonda Pulser Labs,Зонд «Импульс»,หัว​สำรวจ​ห้องทดลอง​พัล​เซอร์,Kim Dò Sóng Xung,Sensor Sidik Pulser Labs
动脉电涌,Pulsing Surge,Pulsing Surge,Pulsing Surge,Pulsing Surge,Pulsing Surge,Pulsing Surge,Pulsing Surge,Pulsing Surge,Pulsing Surge,Pulsing Surge,Pulsing Surge,Pulsing Surge,Pulsing Surge
刺鼻干肉,刺鼻乾肉,Pungent Jerky,異臭を放つ干し肉,향이 강한 육포,Viande séchée odorante,Penetrantes Trockenfleisch,Carne secca acre,Carne seca intensa,Carne-Seca Picante,Пахучее сушеное мясо,เนื้อ​แห้ง​กลิ่น​แรง,Thịt Khô Cay Nồng,Dendeng Menyengat
高纯基质,高純基質,Pure Essence,清浄基質,순수 기질,Essence pure,Reine Essenz,Essenza pura,Esencia pura,Essência Pura,Беспримесная эссенция,แก่นแท้​บริสุทธิ์,Tinh Chất Tinh Khiết,Esensi Murni
稀有的大结核,稀有的大結核,Pure Nodule L,希少な大晶核,희귀 대결핵,Nodule rare G,Seltener Nodulus L,Nodulo raro L,Nódulo raro G,Nódulo Raro G,Редкое отложение бол.,ก้อน​ผลึก​หายาก​ L,Hạch Hiếm Lớn,Nodul Langka L
稀有的中结核,稀有的中結核,Pure Nodule M,希少な中晶核,희귀 중결핵,Nodule rare M,Seltener Nodulus M,Nodulo raro M,Nódulo raro M,Nódulo Raro M,Редкое отложение ср.,ก้อน​ผลึก​หายาก​ M,Hạch Hiếm Trung,Nodul Langka M
稀有的小结核,稀有的小結核,Pure Nodule S,希少な小晶核,희귀 소결핵,Nodule rare P,Seltener Nodulus S,Nodulo raro S,Nódulo raro P,Nódulo Raro P,Редкое отложение мал.,ก้อน​ผลึก​หายาก​ S,Hạch Hiếm Nhỏ,Nodul Langka S
净水节点,淨水節點,Purification Node,浄水装置,정수 노드,Nœud de purification,Reinigungsknoten,Nodo di purificazione,Nodo de purificación,Nó de Purificação,Узел рафинирования,เครื่อง​บำบัด​น้ำ,Nút Thanh Tẩy,Nodus Pemurnian
升级后的净水节点,升級後的淨水節點,Purification Node: After Upgrade,レベルアップした浄水装置,업그레이드된 정수 노드,Nœud de purification : après l'amélioration,Reinigungsknoten: Nach der Verbesserung,Nodo di purificazione: dopo il potenziamento,Nodo de purificación: Después de la mejora,Nó de Purificação: Após o Upgrade,После улучшения узла рафинирования,เครื่อง​บำบัด​น้ำ​: หลัง​อัป​เกรด,Nút Thanh Tẩy: Sau Khi Nâng Cấp,Nodus Pemurnian: Setelah Upgrade
净水节点的升级,淨水節點的升級,Purification Node: Upgrade,浄水装置のレベルアップ,정수 노드의 업그레이드,Nœud de purification : amélioration,Reinigungsknoten: Verbesserung,Nodo di purificazione: potenziamento,Nodo de purificación: Mejora,Nó de Purificação: Upgrade,Улучшение узла рафинирования,เครื่อง​บำบัด​น้ำ​: อัป​เกรด,Nút Thanh Tẩy: Nâng Cấp,Nodus Pemurnian: Upgrade
提纯机,提純機,Purification Unit,精製機,정제기,Unité de purification,Kläreinheit,Unità di purificazione,Unidad de purificación,Unidade de Purificação,Модуль рафинирования,ยู​นิต​กลั่น​บริสุทธิ์,Máy Tinh Chế,Unit Pemurni
提纯机模板,提純機模板,Purification Unit Template,精製機の設計図,정제기 템플릿,Modèle d'unité de purification,Vorlage: Kläreinheit,Schema: unità di purificazione,Molde de la Unidad de purificación,Gabarito de Unidade de Purificação,Шаблон модуля рафинирования,เทม​เพล​ต​ยู​นิต​กลั่น​บริสุทธิ์,Mẫu Máy Tinh Chế,Templat Unit Pemurni
提纯机 - 气体模式,提純機 - 氣體模式,Purification Unit: Gas Mode,精製機 - ガスモード,정제기 - 기체 모드,Unité de purification : mode Gaz,Kläreinheit: Gasmodus,Unità di purificazione: modalità gas,Unidad de purificación: Modo gas,Unidade de Purificação: Modo de Gás,Модуль рафинирования: режим газа,ยู​นิต​กลั่น​บริสุทธิ์​: โหม​ด​ก๊าซ,Máy Tinh Chế: Chế Độ Khí,Unit Pemurni: Mode Gas
供电桩输电,供電樁輸電,Pylon Relaying,電力輸送,전력 공급기 송전,Relais de pylônes,Mastverteilung,Trasmissione a traliccio,Retransmisiones de atalaya,Transmissão por Postes,Передача энергии пилонами,การ​จ่าย​พลังงาน​ผ่าน​เสา​ไฟ,Tiếp Điện Cột,Pengaturan Relai Tiang
灼铜块,灼銅塊,Pyrrolite,焔銅塊,작동 조각,Pyrrolite,Pyrrolit,Pirrolite,Pirrolita,Pirrolita,Пирролит,ไพร์​โร​ไลท์,Nham Đồng,Pyrrolite
灼铜装备原件,灼銅裝備原件,Pyrrolite Component,焔銅装備部品,작동 장비 부품,Composant en pyrrolite,Pyrrolit-Komponente,Componente di pirrolite,Componente de Pirrolita,Componente de Pirrolita,Пирролитовый компонент,ส่วนประกอบ​ไพร์​โร​ไลท์,Linh Kiện Nham Đồng,Komponen Pyrrolite
气态灼铜,氣態灼銅,Pyrrolite Gas,焔銅ガス,기체 작동,Pyrrolite gazeuse,Pyrrolit-Gas,Gas di pirrolite,Gas de Pirrolita,Gás de Pirrolita,Пирролитовый газ,ก๊าซ​ไพร์​โร​ไลท์,Khí Nham Đồng,Gas Pyrrolite
灼铜零件,灼銅零件,Pyrrolite Part,焔銅部品,작동 부품,Pièce en pyrrolite,Pyrrolit-Teil,Parte di pirrolite,Pieza de pirrolita,Peça de Pirrolita,Пирролитовая деталь,ชิ้นส่วน​ไพร์​โร​ไลท์,Mảnh Nham Đồng,Bagian Pyrrolite
弃剑台,棄劍台,Qijian Dais,放剣台,폐검대,Estrade de Qijian,Qijian-Podium,Qijian Dais,Tarima Qijian,Qijian Dais,Помост Цицзянь,เวที​ชี่​เจียน,Khí Kiếm Đài,Podium Qijian
启明驻留平台模型,啟明駐留平台模型,Qiming Station Model,啓明宇宙ステーションの模型,샛별 대기 플랫폼 모델,Maquette de station Qiming,Modell der Qiming-Station,Modello della Stazione di Qiming,Modelo de Estación Qiming,Modelo da Estação de Qiming,Модель станции «Цимин»,แบบจำลอง​สถานี​ฉี่​หมิง,Mô Hình Trạm Khải Minh,Model Stasiun Qiming
清波寨外寨,清波寨外寨,Qingbo Bailey,清波砦外郭,청파채 외곽,Cour de Qingbo,Qingbo-Außenhof,Qingbo Bailey,Qingbo Bailey,Muralha de Qingbo,Окрестности Циньбо,กำแพง​ค่าย​ชิง​ป๋อ,Ngoại Thành Thanh Ba,Tembok Luar Qingbo
清波竹铃,清波竹鈴,Qingbo Bamboo Chimes,清波竹鈴,청파죽령,Carillons en bambou de Qingbo,Qingbo-Bambuswindspiel,Campanelli di bambù di Qingbo,Campanas de bambú Qingbo,Sinos de Bambu de Qingbo,Бамбуковые фонтаны из Циньбо,กระดิ่ง​ไผ่​ชิง​ป๋อ,Chuông Gió Trại Thanh Ba,Lonceng Bambu Qingbo
清波竹刃,清波竹刃,Qingbo Bamboo Cutter,清波竹製短剣,청파죽인,Coupe-bambou de Qingbo,Qingbo-Bambusschneider,Tagliabambù di Qingbo,Cortador de bambú de Qingbo,Cortador de Bambu de Qingbo,Бамбуковый клинок «Циньбо»,มีด​ไม้​ไผ่​ชิง​ป๋อ,Đao Tre Thanh Ba,Pisau Bambu Qingbo
清波水罐,清波水罐,Qingbo Cask,清波水筒,청파 물 항아리,Tonneau de Qingbo,Qingbo-Fass,Barile di Qingbo,Barril de Qingbo,Tonel de Qingbo,Емкость «Циньбо»,กระบอก​น้ำ​ชิง​ป๋อ,Thùng Rượu Thanh Ba,Tong Qingbo
清波手甲,清波手甲,Qingbo Gauntlets,清波ガントレット,청파 금속 장갑,Gantelets de Qingbo,Qingbo-Fingerhandschuhe,Coprimani di Qingbo,Guanteletes de Qingbo,Manoplas de Qingbo,Рукавицы «Циньбо»,เกราะ​มือ​ชิง​ป๋อ,Giáp Tay Thanh Ba,Gauntlet Qingbo
清波护手,清波護手,Qingbo Gloves,清波プロテクター,청파 보호 장갑,Gants de Qingbo,Qingbo-Handschuhe,Guanti di Qingbo,Guantes de Qingbo,Luvas de Qingbo,Перчатки «Циньбо»,ถุงมือ​ชิง​ป๋อ,Găng Thanh Ba,Sarung Tangan Qingbo
清波重甲,清波重甲,Qingbo Heavy Armor,清波重防具,청파 중갑,Armure lourde de Qingbo,Schwere Qingbo-Rüstung,Armatura pesante di Qingbo,Armadura pesada de Qingbo,Armadura Pesada de Qingbo,Тяжелая броня «Циньбо»,เกราะ​หนัก​ชิง​ป๋อ,Giáp Nặng Thanh Ba,Armor Berat Qingbo
清波轻甲,清波輕甲,Qingbo Light Armor,清波軽防具,청파 경갑,Armure légère de Qingbo,Leichte Qingbo-Rüstung,Armatura leggera di Qingbo,Armadura ligera de Qingbo,Armadura Leve de Qingbo,Легкая броня «Циньбо»,เกราะ​เบา​ชิง​ป๋อ,Giáp Nhẹ Thanh Ba,Armor Ringan Qingbo
清波定位仪,清波定位儀,Qingbo Positioning Kit,清波探知器具,청파 위치 지정기,Kit de placement de Qingbo,Qingbo-Positionsbestimmungskit,Kit di localizzazione di Qingbo,Kit de posicionamiento de Qingbo,Kit de Posicionamento de Qingbo,Локатор «Циньбо»,ชุด​ระบุ​พิกัด​ชิง​ป๋อ,Bộ Định Vị Thanh Ba,Kit Deteksi Posisi Qingbo
清波定位仪·壹型,清波定位儀·I,Qingbo Positioning Kit T1,清波探知器具Ⅰ,청파 위치 지정기 · I,Kit de placement de Qingbo G1,Qingbo-Positionsbestimmungskit S1,Kit di localizzazione di Qingbo O1,Kit de posicionamiento de Qingbo T1,Kit de Posicionamento de Qingbo T1,Локатор «Циньбо» К1,ชุด​ระบุ​พิกัด​ชิง​ป๋อ​ T1,Bộ Định Vị Thanh Ba T1,Kit Deteksi Posisi Qingbo T1
清波筏货组,清波筏貨組,Qingbo Rafts [pkg],清波いかだセット,청파벌 상품군,Radeaux de Qingbo [colis],Qingbo-Flöße [Paket],Zattere di Qingbo (pacco),Balsas de Qingbo [paq.],Jangadas de Qingbo [pct],Плоты Циньбо [упак.],แพ​ชิง​ป๋อ​ [แพ็ก​],Bè Thanh Ba [bộ],Rakit Qingbo [pkt]
清波寨,清波寨,Qingbo Stockade,清波砦,청파채,Palanque de Qingbo,Qingbo-Palisade,Palizzata di Qingbo,Empalizada de Qingbo,Paliçada de Qingbo,Лагерь Циньбо,ค่าย​ชิง​ป๋อ,Trại Thanh Ba,Kampung Benteng Qingbo
象限,象限,Quadrant,象限,사분면,Quadrant,Quadrant,Quadrante,Cuadrante,Quadrante,Квадрант,จตุ​ภาค,Phân Vùng,Kuadran
象限拟合液,象限擬合液,Quadrant Fitting Fluid,象限適合液,정합용 유체,Fluide d'ajustage de quadrant,"Quadrantenfüll-
flüssigkeit",Liquido di assestamento per quadranti,Fluido de Ajuste de Cuadrante,Fluido de Ajuste de Quadrante,Квадрантная жидкость,น้ำยา​ขึ้น​รูป​ควอ​แด​รน​ท์,Chất Lỏng Điều Chỉnh Phân Vùng,Cairan Penyesuai Kuadran
采石场电梯钥匙卡,採石場電梯鑰匙卡,Quarry Elevator Keycard,採石場エレベーターアクセスカード,채석장 엘리베이터 키 카드,Carte des ascenseurs de la carrière,Steinbruch-Schlüsselkarte,Scheda d'accesso: ascensori della cava,Tarjeta de acceso del ascensor de la cantera,Cartão de Acesso do Elevador da Pedreira,Карта доступа к лифтам карьера,คีย์​การ์ด​ของ​ลิฟต์​ใน​เหมือง​หิน,Thẻ chìa khóa thang máy Mỏ Đá,Kartu Kunci Elevator Tambang Batu
采石场入口,採石場入口,Quarry Entrance,採石場入口,채석장 입구,Entrée de la carrière,Steinbruch-Eingang,Entrata della cava,Entrada a la cantera,Entrada da Pedreira,Вход в карьер,ทางเข้า​เหมือง​หิน,Cổng Vào Mỏ Đá,Pintu Masuk Tambang Batu
采石作业区,採石作業區,Quarry Site,採掘現場,채석 작업 구역,Site de la carrière,Steinbruch,Sito della cava,Sitio de la cantera,Local da Pedreira,Рабочая зона карьера,ไซต์​เหมือง​หิน,Khu Mỏ Đá,Lokasi Tambang Batu
后翼易位,后翼易位,Queenside Castling,キャスリング,퀸사이드 캐슬링,Roque côté dame,Lange Rochade,Arrocco lungo,Enroque por la dama,Roque Maior,Длинная рокировка,เข้า​ปราสาท​ด้าน​ควีน,Nhập Thành Bên Hậu,Rokade Sisi Ratu
平波堤,平波堤,Quelltide Levee,平波堤,평파 제방,Digue de Calmer,Quelltiden-Deich,Argine di Placamarea,Dique de Quelltide,Dique de Contenção de Marés,Дамба Спокойного прилива,คัน​กั้น​น้ำ​เค​วล​ล์​ไทด์,Đê Sóng Lặng,Tanggul Quelltide
淬火者,淬火者,Quencher,鍛冶師,불꽃의 시험,Extincteur,Auslöscher,Soppressore,Extinguidora,Aniquiladora,Гаситель,เพชฌฆาต,Kẻ Tôi Luyện,Quencher
问蝶,問蝶,Question for the Butterfly,胡蝶の夢,나비에게 물어보리라,Question au papillon,Fragen an den Schmetterling,Domanda per la farfalla,Pregunta para la mariposa,Pergunta para a Borboleta,Вопрос к бабочке,คำถาม​ถึง​ผีเสื้อ,Câu Hỏi Gửi Cánh Bướm,Pertanyaan untuk Kupu-Kupu
球刺兽,球刺獸,Quillbeast,球刺獣,프릭비스트,Bêtaplume,Federbiest,Bestiaspina,Bestia pluma,Penoso,Колючий зверь,ควิ​ล​ล์​บี​ส​ต์,Quái Lông Nhọn,Quillbeast
蚀影球刺兽,蝕影球刺獸,Quillbeast Blightshade,球刺獣の蝕影,그림자에 물든 프릭비스트,Gangrénombre bêtaplume,Federbiest-Verderbnisschatten,Ombra contaminante di bestiaspina,Sombra contaminada de Bestia pluma,Sombra da Praga de Penoso,Моротень колючего зверя,เงา​เสื่อมโทรม​ควิ​ล​ล์​บี​ส​ต์,Bóng Nhiễm Khuẩn Quái Lông Nhọn,Bayang-bayang Hawar Quillbeast
球刺兽的肝脏,球刺獸的肝臟,Quillbeast Liver,球刺獣の肝臓,프릭비스트의 내장,Foie de bêtaplume,Federbiestleber,Fegato di bestiaspina,Hígado de Bestia pluma,Fígado de Penoso,Печень колючего зверя,ตับ​ของ​ควิ​ล​ล์​บี​ส​ต์,Gan Quái Lông Nhọn,Hati Quillbeast
蚀影彪兽,蝕影彪獸,Rakerbeast Blightshade,彪獣の蝕影,그림자에 물든 레이커비스트,Gangrénombre ratisseur,Wüstlingsbestie-Verderbnisschatten,Ombra contaminante di rastrobestia,Sombra contaminada de Bestia rastrera,Sombra da Praga de Rastejante,Моротень хитрого зверя,เงา​เสื่อมโทรม​เร​เกอร์​บี​ส​ต์,Bóng Nhiễm Khuẩn Quái Cào,Bayang-bayang Hawar Rakerbeast
彪兽的长绒,彪獸的長絨,Rakerbeast Longfur,彪獣の長毛,레이커비스트의 긴 털,Poil long de ratisseur,Langfell der Wüstlingsbestie,Lungomanto di rastrobestia,Pelaje largo de Bestia Rastrera,Pelo Longo de Rastejante,Шерсть хитрого зверя,ขน​ยาว​เร​เกอร์​บี​ส​ต์,Lông Dài Quái Cào,Bulu Panjang Rakerbeast
大角天使,大角天使,Ram,巨角アンゲロス,큰뿔아겔로스,Bélier,Ramme,Ariete,Carnero,Ram,Рогач,แรม,Ram,Ram
大角天使α,大角天使α,Ram α,巨角アンゲロスα,큰뿔아겔로스 · α,Bélier α,Ramme α,Ariete α,Carnero α,Ram α,Рогач α,แรม​ α,Ram α,Ram α
随手记下的灵感（一）,隨手記下的靈感（一）,Random Inspiration (1),ふと浮かんだアイディアのメモ（1）,즉흥적으로 쓴 아이디어(1),Inspiration aléatoire (1),Zufällige Inspiration (1),Ispirazione casuale (1),Inspiración aleatoria (1),Inspiração Aleatória (1),Внезапное вдохновение (1),แรงบันดาลใจ​จาก​ที่ไหน​สัก​แห่ง​ (1),Cảm Hứng Ngẫu Nhiên (1),Inspirasi Sembarang (1)
随手记下的灵感（二）,隨手記下的靈感（二）,Random Inspiration (2),ふと浮かんだアイディアのメモ（2）,즉흥적으로 쓴 아이디어(2),Inspiration aléatoire (2),Zufällige Inspiration (2),Ispirazione casuale (2),Inspiración aleatoria (2),Inspiração Aleatória (2),Внезапное вдохновение (2),แรงบันดาลใจ​จาก​ที่ไหน​สัก​แห่ง​ (2),Cảm Hứng Ngẫu Nhiên (2),Inspirasi Sembarang (2)
随手记下的灵感（三）,隨手記下的靈感（三）,Random Inspiration (3),ふと浮かんだアイディアのメモ（3）,즉흥적으로 쓴 아이디어(3),Inspiration aléatoire (3),Zufällige Inspiration (3),Ispirazione casuale (3),Inspiración aleatoria (3),Inspiração Aleatória (3),Внезапное вдохновение (3),แรงบันดาลใจ​จาก​ที่ไหน​สัก​แห่ง​ (3),Cảm Hứng Ngẫu Nhiên (3),Inspirasi Sembarang (3)
山人闲笔（一）,山人閒筆（一）,Random Writings of a Mountain Hermit (1),世捨て人の随筆（1）,은사의 수기(1),Écrits divers d'un ermite des montagnes (1),Unsortierte Gedanken eines Eremiten im Gebirge (1),Pensieri spontanei di un eremita di montagna (1),Escritos al azar de un ermitaño de las montañas (1),Escritos Aleatórios de um Eremita da Montanha (1),Разрозненные записи горного отшельника (1),งานเขียน​เรื่อยเปื่อย​ของ​นักพรต​ภูเขา​ (1),Bút Ký Ngẫu Nhiên Của Sơn Trung Ẩn Sĩ (1),Tulisan Acak seorang Petapa Gunung (1)
山人闲笔（二）,山人閒筆（二）,Random Writings of a Mountain Hermit (2),世捨て人の随筆（2）,은사의 수기(2),Écrits divers d'un ermite des montagnes (2),Unsortierte Gedanken eines Eremiten im Gebirge (2),Pensieri spontanei di un eremita di montagna (2),Escritos al azar de un ermitaño de las montañas (2),Escritos Aleatórios de um Eremita da Montanha (2),Разрозненные записи горного отшельника (2),งานเขียน​เรื่อยเปื่อย​ของ​นักพรต​ภูเขา​ (2),Bút Ký Ngẫu Nhiên Của Sơn Trung Ẩn Sĩ (2),Tulisan Acak seorang Petapa Gunung (2)
扶摇,扶搖,Rapid Ascent,フーヤオ,부요,Ascension rapide,Schneller Aufstieg,Ascesa fulminea,Ascenso Rápido,Ascensão Rápida,Резкий подъем,แร​พิด​แอส​เซนต์,Cuồng Phong,Rapid Ascent
稀有真菌,稀有真菌,Rare Fungus,希少な菌類,희귀 진균,Champignon rare,Seltener Pilz,Fungo raro,Hongo raro,Fungo Raro,Редкий гриб,เชื้อรา​หายาก,Nấm quý hiếm,Fungi Langka
稀有采集物区,稀有採集物區,Rare Gathering Site,希少採集物エリア,희귀 채집물 구역,Site de collecte rare,Seltene Sammelstelle,Punto di raccolta di materiali rari,Sitio de recolección raro,Local de Coleta Raro,Редкое место сбора,เขต​รวบรวม​ของ​หายาก,Điểm Thu Thập Hiếm,Lokasi Pengumpulan Langka
稀有矿物区,稀有礦物區,Rare Mining Site,希少鉱物エリア,희귀 광물 구역,Site d'extraction rare,Seltene Abbaustelle,Sito di estrazione di minerali rari,Sitio de minería raro,Local de Mineração Raro,Редкое место добычи,เขต​ขุด​แร่​หายาก,Điểm Khai Thác Hiếm,Lokasi Tambang Langka
稀有的大结核,稀有的大結核,Rare Nodule [L],希少な大晶核,희귀 대결핵,Nodule rare [G],Seltener Nodulus [L],Nodulo raro (L),Nódulo raro [G],Nódulo Raro [G],Редкое отложение [бол.],ก้อน​ผลึก​หายาก​ [L],Hạch Hiếm [Lớn],Nodul Langka [L]
稀有的中结核,稀有的中結核,Rare Nodule [M],希少な中晶核,희귀 중결핵,Nodule rare [M],Seltener Nodulus [M],Nodulo raro (M),Nódulo raro [M],Nódulo Raro [M],Редкое отложение [ср.],ก้อน​ผลึก​หายาก​ [M],Hạch Hiếm [Trung],Nodul Langka [M]
稀有的小结核,稀有的小結核,Rare Nodule [S],希少な小晶核,희귀 소결핵,Nodule rare [P],Seltener Nodulus [S],Nodulo raro (S),Nódulo raro [P],Nódulo Raro [P],Редкое отложение [мал.],ก้อน​ผลึก​หายาก​ [S],Hạch Hiếm [Nhỏ],Nodul Langka [S]
配给标准,配給標準,Ration Standards,配給基準,배급 기준,Normes de rationnement,Rationsstandards,Criteri per le razioni,Normas de racionamiento,Padrões para Rações,Порции пайка,มาตรฐาน​การ​แบ่ง​เสบียง,Tiêu Chuẩn Khẩu Phần,Standar Ransum
理性告别,理性告別,Rational Farewell,合理的決別,이성적인 작별,Adieu raisonnable,Rationaler Abschied,Addio razionale,Despedida racional,Despedida Racional,Прощальный обет,คำอำลา​ที่​มีเหตุผล,Tạm Biệt Lý Trí,Rational Farewell
“碎片的重聚”·Ⅲ,「碎片的重聚」·III,Re-Congregated Fragments Ⅲ,「欠片の再集結」Ⅲ,'조각의 재집결' III,Fragments rassemblés III,Wiederversammelte Fragmente III,Frammenti riassemblati Ⅲ,Fragmentos reagrupados III,Fragmentos Recongregados III,Объединение фрагментов III,เศษ​เสี้ยว​ที่รวม​ตัว​กัน​ใหม่​ Ⅲ,Mảnh Tái Hợp III,Fragmen Bersatu Kembali III
危境再现,危境再現,RE-Crisis,危境再現,위험한 재현,Crise X,RE-Krise,RE-Crisi,RE-crisis,RE-Crise,Реванш,วิกฤต​หวนคืน,Tái Chiến,Krisis Ulangan
受击装置,受擊裝置,Reactive Device,切替装置,반응형 장치,Dispositif de réaction,Reaktives Gerät,Dispositivo a reazione,Dispositivo reactivo,Dispositivo Reativo,Переключатель,อุปกรณ์​ตอบสนอง,Thiết Bị Phản Ứng,Perangkat Reaktif
反应池,反應池,Reactor Crucible,化学反応炉,반응기,Creuset de réaction,Reaktortiegel,Crogiolo di reazione,Crisol del reactor,Crisol do Reator,Камера реактора,เบ้า​หลอม​เตา​ปฏิกรณ์,Lò Phản Ứng,Reaktor Lebur
反应池 - 一,反應池 - 一,Reactor Crucible (1),化学反応炉 - 1,반응기 - 1,Creuset de réaction (1),Reaktortiegel (1),Crogiolo di reazione (1),Crisol del reactor (1),Crisol do Reator (1),Камера реактора (1),เบ้า​หลอม​เตา​ปฏิกรณ์​ (1),Lò Phản Ứng (1),Reaktor Lebur (1)
反应池 - 二,反應池 - 二,Reactor Crucible (2),化学反応炉 - 2,반응기 - 2,Creuset de réaction (2),Reaktortiegel (2),Crogiolo di reazione (2),Crisol del reactor (2),Crisol do Reator (2),Камера реактора (2),เบ้า​หลอม​เตา​ปฏิกรณ์​ (2),Lò Phản Ứng (2),Reaktor Lebur (2)
反应池 - 三,反應池 - 三,Reactor Crucible (3),化学反応炉 - 3,반응기 - 3,Creuset de réaction (3),Reaktortiegel (3),Crogiolo di reazione (3),Crisol del reactor (3),Crisol do Reator (3),Камера реактора (3),เบ้า​หลอม​เตา​ปฏิกรณ์​ (3),Lò Phản Ứng (3),Reaktor Lebur (3)
反应池模板,反應池模板,Reactor Crucible Template,化学反応炉の設計図,반응기 템플릿,Modèle de creuset de réaction,Vorlage: Reaktortiegel,Schema: crogiolo di reazione,Molde del Crisol del reactor,Gabarito de Crisol do Reator,Шаблон камеры реактора,เทม​เพล​ต​เบ้า​หลอม​เตา​ปฏิกรณ์,Mẫu Lò Phản Ứng,Templat Reaktor Lebur
反应池 - 缓存扩展,反應池 - 暫存擴展,Reactor Crucible: Larger Cache,化学反応炉 - 容量拡張,반응기 - 캐시 확장,Creuset de réaction : réserve élargie,Reaktortiegel: größerer Speicher,Crogiolo di reazione: aumento della riserva,Crisol del reactor: Almacenaje más grande,Crisol do Reator: Cache Maior,Камера реактора: увеличенный буфер,เบ้า​หลอม​เตา​ปฏิกรณ์​: ที่เก็บ​ขนาดใหญ่,Lò Phản Ứng: Kho Lưu Tạm Lớn Hơn,Reaktor Lebur: Cache Lebih Besar
楼盘广告,不動產廣告,Real Estate Ad,不動産広告,부동산 광고,Annonce immobilière,Liegenschaft-Werbung,Annuncio immobiliare,Publicidad de bienes raíces,Anúncio Imobiliário,Реклама недвижимости,โฆษณา​อสังหา,Quảng Cáo Bất Động Sản,Iklan Real Estate
奇境冒险家,奇境冒險家,Realm Adventurer,奇景冒険家,미지의 구역 모험가,Aventures fantastiques,Abenteurer des Reichs,Viandante dei regni,Aventurero del reino,Aventureiro do Reino,Путешествие по царству,นักผจญภัย​แห่ง​ดินแดน,Lữ Khách Cõi Giới,Petualang Dunia
张贴不久的公告,張貼不久的公告,Recently Posted Announcement,貼り出されたばかりの告知,얼마 전에 붙인 것 같은 공지,Annonce publiée récemment,Kürzlich veröffentlichte Ankündigung,Annuncio pubblicato di recente,Aviso publicado recientemente,Anúncio Publicado Recentemente,Свежее объявление,ประกาศ​ล่าสุด,Thông Báo Gần Đây,Pengumuman Terbaru
会客室,會客室,Reception Room,応接室,응접실,Salle de réception,Empfang,Sala di ricevimento,Sala de recepción,Sala da Recepção,Приемная,ห้อง​รับรอง​แขก,Phòng Tiếp Khách,Ruang Resepsionis
录音机,錄音機,Recording Device,レコーダー,녹음기,Enregistreur,Aufzeichnungsgerät,Registratore,Dispositivo de grabación,Dispositivo de Gravação,Записывающее устройство,อุปกรณ์​บันทึก​ข้อมูล,Thiết Bị Ghi Âm,Perangkat Perekam
决然工人的留声,決然工人的留聲,Recording: A Determined Crew Mate,覚悟を決めた作業員の録音,결연한 작업자가 남긴 메시지,Enregistrement : un membre résolu,Aufzeichnung: Ein entschlossenes Crewmitglied,Registrazione: Membro del personale tenace,Grabación: Un tripulante decidido,Gravação: Membro da Equipe Determinada,Запись: решительный сотрудник,การ​บันทึก​: ลูกเรือ​ที่​มุ่งมั่น,Bản Ghi: Thành Viên Công Đoàn Quyết Tâm,Rekaman: Rekan Kru yang Bertekad Kuat
研究者的留声,研究者的留聲,Recording: A Scientist,研究者の録音,연구원이 남긴 메시지,Enregistrement : un scientifique,Aufzeichnung: Ein Wissenschaftler,Registrazione: Uno scienziato,Grabación: Un científico,Gravação: Um Cientista,Запись: ученый,การ​บันทึก​: นักวิทยาศาสตร์,Bản Ghi: Nhà Khoa Học,Rekaman: Ilmuwan
医师的留声,醫生的留聲,Recording: A Surgeon,先生の録音,의사가 남긴 메시지,Enregistrement : un docteur,Aufzeichnung: Ein Chirurg,Registrazione: Un chirurgo,Grabación: Un cirujano,Gravação: Um Cirurgião,Запись: хирург,การ​บันทึก​: ศัลยแพทย์,Bản Ghi: Bác Sĩ,Rekaman: Ahli Bedah
净水研究者的录音,淨水研究者的錄音,Recording: A Water Purification Scientist,浄水の研究者の録音,정수 연구원의 녹음,Enregistrement : spécialiste de la purification de l'eau,Aufzeichnung: Fachkraft für Wasseraufbereitung,Registrazione: Specialista della purificazione dell'acqua,Grabación: Un científico de purificación de agua,Gravação: Uma Cientista de Purificação de Água,"Запись: ученый, занимающийся рафинированием воды",บันทึก​ข้อมูล​: นักวิทยาศาสตร์​บำบัด​น้ำ,Ghi Âm: Một Nhà Khoa Học Thanh Lọc Nước,Rekaman: Ilmuwan Pemurnian Air
激动研究者的留声,激動研究者的留聲,Recording: An Agitated Scientist,興奮した研究者の録音,흥분한 연구원이 남긴 메시지,Enregistrement : un scientifique perturbé,Aufzeichnung: Ein aufgeregter Wissenschaftler,Registrazione: Scienziato in agitazione,Grabación: Un científico alterado,Gravação: Um Cientista Agitado,Запись: взволнованный ученый,การ​บันทึก​: นักวิทยาศาสตร์​ที่​กระวนกระวาย,Bản Ghi: Nhà Khoa Học Bồn Chồn,Rekaman: Ilmuwan yang Gelisah
匆忙天师们的留声,匆忙天師們的留聲,Recording: Busy Tianshi,慌てている天師たちの録音,천사들이 황급히 남긴 메시지,Enregistrement : Tianshi très occupé,Aufzeichnung: Beschäftigte Tianshi,Registrazione: Tianshi solerte,Grabación: Tianshi ocupado,Gravação: Tianshi Ocupado,Запись: занятой Тяньши,การ​บันทึก​: เทียน​ซือ​จอม​ยุ่ง,Bản Ghi: Thiên Sư Bận Rộn,Rekaman: Tianshi yang Sibuk
作战小队的留声,作戰小隊的留聲,Recording: Combat Team,作戦チームの録音,작전팀이 남긴 메시지,Enregistrement : équipe de combat,Aufzeichnung: Kampfteam,Registrazione: Squadra di combattimento,Grabación: Equipo de combate,Gravação: Equipe de Combate,Запись: боевая команда,การ​บันทึก​: ทีม​การต่อสู้,Bản Ghi: Đội Chiến Đấu,Rekaman: Tim Tempur
慌张天师的留声,慌張天師的留聲,Recording: Panicking Tianshi,慌てている天師のメッセージ,허둥대는 천사가 남긴 메시지,Enregistrement : Tianshi en panique,Aufzeichnung: Panischer Tianshi,Registrazione: Tianshi in preda al panico,Grabación: Un Tianshi en pánico,Gravação: Tianshi em Pânico,Запись: паникующий Тяньши,บันทึก​ข้อมูล​: เทียน​ซือ​ตื่นตระหนก,Ghi Âm: Thiên Sư Hoảng Loạn,Rekaman: Tianshi yang Panik
惊恐者的留声,驚恐者的留聲,Recording: Terrified Individuals,驚き怯える者の録音,공포에 사로잡힌 사람들의 녹음,Enregistrement : des individus terrifiés,Aufzeichnung: Verängstigte Personen,Registrazione: Persone terrorizzate,Grabación: Individuos aterrorizados,Gravação: Indivíduos Aterrorizados,Запись: напуганные люди,บันทึก​: ผู้คน​ที่​หวาดกลัว,Bản Ghi: Nhân Chứng Khiếp Sợ,Rekaman: Orang-orang yang Ketakutan
等待大奖者的留声,等待大獎者的留聲,Recording: The One Awaiting the Prize,当たりを待っている者の録音,당첨을 기다리는 자가 남긴 메시지,Enregistrement : la personne qui attend sa récompense,"Aufzeichnung: Jemand, der auf eine Auszeichnung wartet",Registrazione: In attesa del premio,Grabación: El que espera el premio,Gravação: Aquele que Aguarda o Prêmio,Запись: в ожидании награды,การ​บันทึก​: ผู้​เฝ้ารอ​รางวัล,Bản Ghi: Người Đang Chờ Giải Thưởng,Rekaman: Seorang yang Menanti Hadiah
避雨者们的留声,避雨者們的留聲,Recording: Those Seeking Shelter,雨宿りする者たちの録音,비를 피하는 자들이 남긴 메시지,Enregistrement : ceux qui cherchent un abri,Aufzeichnung: Zufluchtsuchende,Registrazione: Coloro che cercano rifugio,Grabación: Quienes buscan refugio,Gravação: Aqueles que Buscam Abrigo,Запись: ищущие убежища,การ​บันทึก​: ผู้มอง​หา​ที่หลบภัย,Bản Ghi: Những Người Tìm Nơi Trú Ẩn,Rekaman: Para Pencari Tempat Berlindung
遇袭者的留声,遇襲者的留聲,Recording: Victim of an Attack,襲撃された人の録音,습격당한 사람들이 남긴 메시지,Enregistrement : victime d'une attaque,Aufzeichnung: Opfer eines Angriffs,Registrazione: Vittima di un attacco,Grabación: Víctima de un ataque,Gravação: Vítima de um Ataque,Запись: жертва нападения,การ​บันทึก​: เหยื่อ​แห่ง​การ​จู่โจม,Bản Ghi: Nạn Nhân Của Cuộc Tấn Công,Rekaman: Korban Serangan
仇恨书写者的录音,仇恨書寫者的錄音,Recording: Writer of Hatred,憎悪を書き記す人の録音,증오가 가득한 자의 녹음,Enregistrement : auteur de la haine,Aufzeichnung: Schriftsteller von Hass,Registrazione: Scrittore di odio,Grabación: Autor del odio,Gravação: Autor do Ódio,Запись: ненавистник,การ​บันทึก​: นักเขียน​แห่ง​ความเกลียดชัง,Bản Ghi: Người Viết Hận Thù,Rekaman: Penulis Kebencian
被记录的碾骨恶行（一）,被記錄的碾骨惡行（一）,Records of Bonekrusher Atrocities (1),記録されたボーンクラッシャーの悪行（1）,문서로 남겨진 본 크러셔의 악행(1),Dossiers sur les atrocités commises par les Broyeurs d'os (1),Aufzeichnungen von Knochenbrecher-Gräueln (1),Cronache di violenza Spacca-Ossa (1),Registros de atrocidades de los Rompehuesos (1),Registros das Atrocidades dos Quebra-Ossos (1),Записи о зверствах Костоломов (1),บันทึก​ความโหดร้าย​ของ​โบน​ค​รัช​เชอร์​ (1),Hồ sơ về tội ác của Bonekrusher (1),Catatan Kekejaman Bonekrusher (1)
被记录的碾骨恶行（二）,被記錄的碾骨惡行（二）,Records of Bonekrusher Atrocities (2),記録されたボーンクラッシャーの悪行（2）,문서로 남겨진 본 크러셔의 악행(2),Dossiers sur les atrocités commises par les Broyeurs d'os (2),Aufzeichnungen von Knochenbrecher-Gräueln (2),Cronache di violenza Spacca-Ossa (2),Registros de atrocidades de los Rompehuesos (2),Registros das Atrocidades dos Quebra-Ossos (2),Записи о зверствах Костоломов (2),บันทึก​ความโหดร้าย​ของ​โบน​ค​รัช​เชอร์​ (2),Hồ sơ về tội ác của Bonekrusher (2),Catatan Kekejaman Bonekrusher (2)
被记录的碾骨恶行（三）,被記錄的碾骨惡行（三）,Records of Bonekrusher Atrocities (3),記録されたボーンクラッシャーの悪行（3）,문서로 남겨진 본 크러셔의 악행(3),Dossiers sur les atrocités commises par les Broyeurs d'os (3),Aufzeichnungen von Knochenbrecher-Gräueln (3),Cronache di violenza Spacca-Ossa (3),Registros de atrocidades de los Rompehuesos (3),Registros das Atrocidades dos Quebra-Ossos (3),Записи о зверствах Костоломов (3),บันทึก​ความโหดร้าย​ของ​โบน​ค​รัช​เชอร์​ (3),Hồ sơ về tội ác của Bonekrusher (3),Catatan Kekejaman Bonekrusher (3)
被记录的碾骨恶行（四）,被記錄的碾骨惡行（四）,Records of Bonekrusher Atrocities (4),記録されたボーンクラッシャーの悪行（4）,문서로 남겨진 본 크러셔의 악행(4),Dossiers sur les atrocités commises par les Broyeurs d'os (4),Aufzeichnungen von Knochenbrecher-Gräueln (4),Cronache di violenza Spacca-Ossa (4),Registros de atrocidades de los Rompehuesos (4),Registros das Atrocidades dos Quebra-Ossos (4),Записи о зверствах Костоломов (4),บันทึก​ความโหดร้าย​ของ​โบน​ค​รัช​เชอร์​ (4),Hồ sơ về tội ác của Bonekrusher (4),Catatan Kekejaman Bonekrusher (4)
被记录的雄心壮志,被記錄的雄心壯志,Records of Great Ambition,書き記された野望,문서로 남겨진 누군가의 야망,Archives de grandes ambitions,Aufzeichnungen großen Ehrgeizes,Cronache di grande ambizione,Registros de gran ambición,Registros de Grande Ambição,Записи о великих стремлениях,บันทึก​ความทะเยอทะยาน​ยิ่งใหญ่,Hồ sơ Tham Vọng Vĩ Đại,Catatan Ambisi Besar
狂热喜悦的记录,狂熱喜悅的紀錄,Records of Zealous Joy,狂熱の喜びの記録,광적인 환희의 기록,Archives de joie ardente,Aufzeichnungen großer Freude,Cronache di gioia zelante,Registros de Alegría ferviente,Registros de Alegria Zelosa,Свидетельства фанатичного восторга,บันทึก​แห่ง​ความสุข​อัน​แรงกล้า,Ghi chép của Zealous Joy,Catatan Sukacita Membara
种植实验者的记录,種植實驗者的紀錄,Records: Scientist of Horticulture,栽培実験をする人の記録,재배 실험자의 기록,Archives : sciences horticoles,Aufzeichnungen: Gartenbau,Cronache: Specialista di orticultura,Registros: Científico de horticultura,Registros: Cientista de Horticultura,Записи: ученый-растениевод,บันทึก​ข้อมูล​: นักวิทยาศาสตร์​การ​เพาะปลูก​พืชสวน,Hồ Sơ: Nhà Khoa Học Làm Vườn,Rekaman: Ilmuwan Hortikultura
回收指南,回收指南,Recycling Guide,リサイクルガイド,회수 가이드,Guide de recyclage,Recycling-Anleitung,Guida al riciclo,Guía de Reciclaje,Guia de Reciclagem,Справочник по переработке,คำแนะนำ​สำหรับ​การ​รีไซเคิล,Hướng Dẫn Tái Chế,Panduan Daur Ulang
资源回收站,資源回收站,Recycling Station,資源回収所,재활용센터,Station de recyclage,Recycling-Station,Stazione di riciclo,Estación de reciclaje,Estação de Reciclagem,Станция переработки,สถานี​รีไซเคิล,Trạm Tái Chế,Stasiun Daur Ulang
解锁与升级,解鎖與升級,Recycling Station: Unlocking & Upgrades,解放とレベルアップ,잠금 해제와 업그레이드,Station de recyclage : déblocage et améliorations,Recycling-Station: Freischaltung und Verbesserungen,Stazione di riciclo: sblocco e potenziamento,Estación de reciclaje: desbloqueo y mejoras,Estação de Reciclagem: Desbloqueio e Upgrades,Станция переработки: открытие и улучшения,สถานี​รีไซเคิล​: การปลด​ล็อก​และ​การ​อัป​เกรด,Trạm Tái Chế: Mở Khóa Và Nâng Cấp,Stasiun Daur Ulang: Membuka & Meng-upgrade
资源回收站,資源回收站,Recycling STN,資源回収所,재활용센터,STN de recyclage,Recycling-STN,Stazione di riciclo,Est. de reciclaje,EST Reciclagem,Стан. переработки,สถานี​รีไซเคิล,Trạm Tái Chế,STN Daur Ulang
红色自动贩售机,紅色自動販賣機,Red Auto-Vender,赤自動販売機,빨간색자동판매기,Rouge Distributeur automatique,Rot Verkaufsautomat,Rosso Distributore automatico,Rojo Máquina expendedora,Vermelho Máquina de venda automática,Красная Торговый автомат,สีแดง ตู้จำหน่ายสินค้าอัตโนมัติ,Đỏ Máy bán hàng tự động,Merah Mesin penjual otomatis
中红柱状菌,中紅柱狀菌,Red Bolete,紅色茸,보통 붉은 기둥 버섯,Bolet rouge,Roter Röhrenpilz,Boleto rosso,Bolete rojo,Boleta Vermelha,Красный гриб,เห็ด​ตับ​เต่า​สีแดง,Nấm Đỏ,Boletus Merah
中红柱状菌块,中紅柱狀菌塊,Red Bolete Mycelia,紅色菌床,보통 붉은 기둥 버섯 조각,Mycélium de bolet rouge,Roter-Röhrenpilz-Mycel,Micelio del boleto rosso,Micelio de bolete rojo,Micélio de Boleta Vermelha,Мицелий красного гриба,เส้นใย​เห็ด​ตับ​เต่า​สีแดง,Sợi Nấm Đỏ,Miselium Boletus Merah
中红柱状菌,中紅柱狀菌,Red Bolete Spot,紅色茸,보통 붉은 기둥 버섯,Bolet rouge,Roter Röhrenpilz,Boleto rosso,Bolete rojo,Boleta Vermelha,Красный гриб,เห็ด​ตับ​เต่า​สีแดง,Nấm Đỏ,Boletus Merah
红色百叶箱,紅色百葉箱,Red Instrument Safe,赤百葉箱,빨간색백엽상,Rouge Coffre d'instruments,Rot Werkzeugsafe,Rosso Cassaforte per strumenti,Rojo Caja fuerte para instrumentos,Vermelho Cofre para Instrumentos,Красная Сейф с инструментами,สีแดง ตู้เซฟ​อุปกรณ์,Đỏ Két Dụng Cụ,Merah Brankas Instrumen
红色包裹,紅色包裹,Red Package,赤荷物,빨간색소포,Rouge Colis,Rot Paket,Rosso Pacco,Rojo Paquete,Vermelho Pacote,Красная Посылка,สีแดง พัสดุ,Đỏ Gói hàng,Merah Paket
纾难护甲,紓難護甲,Redeemer Armor,救国防具,위기 탈출 방어구,Armure de rédempteur,Erlöser-Rüstung,Armatura della redenzione,Armadura de redentor,Armadura do Redentor,Броня «Освободитель»,เกราะ​รี​ดี​ม​เมอร์,Giáp Giải Nguy,Armor Redeemer
纾难护手,紓難護手,Redeemer Gloves,救国プロテクター,위기 탈출 보호 장갑,Gants de rédempteur,Erlöser-Handschuhe,Guanti della redenzione,Guantes de Redentor,Luvas do Redentor,Перчатки «Освободитель»,ถุงมือ​ผู้​ไถ่ถอน,Găng Tay Giải Nguy,Sarung Tangan Redeemer
纾难手套,紓難手套,Redeemer Hands,救国グローブ,위기 탈출 장갑,Mains de rédempteur,Erlöser-Hände,Mani della redenzione,Manos de Redentor,Mãos do Redentor,Краги «Освободитель»,ถุงมือ​หัตถ์​ผู้​ไถ่ถอน,Găng Tay Giải Nguy,Pelindung Tangan Redeemer
纾难重甲,紓難重甲,Redeemer Plates,救国重防具,위기 탈출 중장갑,Plaques de rédempteur,Erlöser-Brustplatte,Corazza a piastre della redenzione,Placas de redentor,Placas do Redentor,Латы «Освободитель»,แผ่น​เกราะ​รี​ดี​ม​เมอร์,Giáp Nặng Giải Nguy,Pelat Redeemer
纾难印章,紓難印章,Redeemer Seal,救国印章,위기 탈출 도장,Sceau de rédempteur,Erlöser-Siegel,Sigillo della redenzione,Sello Redentor,Selo do Redentor,Печать «Освободитель»,ตรา​ผู้​ไถ่ถอน,Ấn Giải Nguy,Segel Redeemer
纾难印章·壹型,紓難印章·I,Redeemer Seal T1,救国印章Ⅰ,위기 탈출 도장 · I,Sceau de rédempteur G1,Erlöser-Siegel S1,Sigillo della redenzione O1,Sello Redentor T1,Selo do Redentor T1,Печать «Освободитель» К1,ตรา​ผู้​ไถ่ถอน​ T1,Ấn Giải Nguy T1,Segel Redeemer T1
纾难识别牌,紓難識別證,Redeemer Tag,救国識別札,위기 탈출 식별 패널,Marqueur de rédempteur,Erlöser-Abzeichen,Piastrina della redenzione,Etiqueta de Redentor,Tag do Redentor,Жетон «Освободитель»,ป้าย​รี​ดี​ม​เมอร์,Thẻ Giải Nguy,Tag Nama Redeemer
纾难识别牌·壹型,紓難識別證·I,Redeemer Tag T1,救国識別札Ⅰ,위기 탈출 식별 패널 · I,Marqueur de rédempteur G1,Erlöser-Abzeichen S1,Piastrina della redenzione O1,Etiqueta de Redentor T1,Tag do Redentor T1,Жетон «Освободитель» К1,ป้าย​รี​ดี​ม​เมอร์​ T1,Thẻ Giải Nguy T1,Tag Nama Redeemer T1
琼叶参,瓊葉蔘,Redjade Ginseng,玉葉人参,홍옥 인삼,Ginseng roujade,Rotjade-Ginseng,Ginseng giadarossa,Ginseng de jade rojo,Ginseng Redjade,Нефритовый женьшень,โสม​หยก​แดง,Hồng Sâm,Redjade Ginseng
琼叶参田块,瓊葉蔘田塊,Redjade Ginseng Plot,玉葉人参畑,홍옥 인삼 논배미,Parcelle de ginseng roujade,Rotjade-Ginseng-Beet,Terreno per ginseng giadarossa,Terreno de ginseng de jade rojo,Lote de Ginseng Redjade,Участок нефритового женьшеня,แปลง​โสม​หยก​แดง,Ô Đất Hồng Sâm,Petak Redjade Ginseng
模拟琼叶参田块,模擬瓊葉蔘田塊,Redjade Ginseng Plot (SIM),玉葉人参模擬畑,시뮬레이션 홍옥 인삼 논배미,Parcelle de ginseng roujade (SIMU),Rotjade-Ginseng-Beet (SIM),Terreno per ginseng giadarossa (SIM),Terreno de ginseng de jade rojo (SIM),Lote de Ginseng Redjade (SIM),Участок нефритового женьшеня (СИМ),แปลง​โสม​หยก​แดง​ (เทียม​),Ô Đất Hồng Sâm (Mô Phỏng),Petak Redjade Ginseng (SIM)
琼叶参种子,瓊葉蔘種子,Redjade Ginseng Seed,玉葉人参の種,홍옥 인삼 씨앗,Graine de ginseng roujade,Rotjade-Ginseng-Saat,Semi di ginseng giadarossa,Semilla de ginseng de jade rojo,Semente de Ginseng Redjade,Семя нефритового женьшеня,เมล็ด​โสม​หยก​แดง,Hạt Hồng Sâm,Benih Redjade Ginseng
灰芦麦,灰蘆麥,Reed Rye,灰麦,회보리,Seigle sauvage,Schilfroggen,Segale,Centeno de caña,Centeio de Junco,Тростниковая рожь,ข้าว​ไรย์​กก,Hắc Mạch,Reed Rye
灰芦麦田块,灰蘆麥田塊,Reed Rye Plot,灰麦畑,회보리 논배미,Parcelle de seigle sauvage,Schilfroggen-Beet,Terreno per segale,Terreno de centeno de caña,Lote de Centeio de Junco,Участок тростниковой ржи,แปลง​ข้าว​ไรย์​กก,Ô Đất Hắc Mạch,Petak Reed Rye
灰芦麦种子,灰蘆麥種子,Reed Rye Seed,灰麦の種,회보리 씨앗,Graine de seigle sauvage,Schilfroggen-Saat,Semi di segale,Semilla de centeno de caña,Semente de Centeio de Junco,Семя тростниковой ржи,เมล็ดข้าว​ไรย์​กก,Hạt Hắc Mạch,Benih Reed Rye
《里维斯周刊》环带新闻版块,《里維斯週刊》環帶新聞版,Reeves Weekly: Band News Section,『週刊リーヴィス』文明地帯欄,<리비스 주간> 밴드 뉴스 섹션,L'hebdo de Reeves - Section « Nouvelles de la Ceinture »,Reeves Wochenschau: Neuigkeiten aus dem Gürtel,Sezione del Reeves Weekly con le notizie sulla Cintura,Noticias semanales de Reeves: Sección de noticias de la Franja,Reeves Weekly: Seção de Notícias do Cinturão,Новостной раздел «Еженедельника Ривз» из Пояса,รีฟ​ส์​รายสัปดาห์​: หมวด​ข่าว​วงดนตรี,Tuần San Reeves: Mục Tin Tức Vành Đai,Reeves Weekly: Bagian Berita Sentrapolis
精炼炉,精煉爐,Refining Unit,精錬炉,정련로,Unité de raffinage,Veredelungseinheit,Unità di raffinazione,Unidad de refinado,Unidade de Refinaria,Модуль очистки,ยู​นิต​กลั่น​หลอม,Lò Tinh Luyện,Unit Rafinasi
精炼炉模板,精煉爐模板,Refining Unit Template,精錬炉の設計図,정련로 템플릿,Modèle d'unité de raffinage,Vorlage: Veredelungseinheit,Schema: unità di raffinazione,Molde de la Unidad de refinado,Gabarito de Unidade de Refinaria,Шаблон модуля очистки,เทม​เพล​ต​ยู​นิต​กลั่น​หลอม,Mẫu Lò Tinh Luyện,Templat Unit Rafinasi
精炼炉 - 液体模式,精煉爐 - 液體模式,Refining Unit: Fluid Mode,精錬炉 - 液体対応,정련로 - 액체 모드,Unité de raffinage : mode Fluide,Veredelungseinheit: Flüssigkeitsmodus,Unità di raffinazione: modalità liquidi,Unidad de refinado: Modo Fluido,Unidade de Refinaria: Modo de Fluido,Модуль очистки: режим жидкостей,ยู​นิต​กลั่น​หลอม​: โหม​ด​ของเหลว,Lò Tinh Luyện: Chế Độ Lỏng,Unit Rafinasi: Mode Cairan
烙石残块,烙石殘塊,Refractorite Fragment,烙石の欠片,낙석 조각,Fragment de réfractorite,Refractorit-Fragment,Frammento di refrattorite,Fragmento de Refractorita,Fragmento de Refratorita,Фрагмент зеркалита,เศษ​รี​แฟร​ก​เตอ​ไรต์,Mảnh Refractorite,Fragmen Refraktorit
废料堆放区,廢料堆放區,Refuse Stockpile,廃棄物保管場,폐기물 적재 구역,Pile de déchets,Müllvorrat,Deposito rifiuti,Acumulación de desechos,Pilha de Resíduos,Склад отходов,กอง​ขยะ,Khu Xử Lý Phế Liệu,Buangan Persediaan
地区总览,地區總覽,Region Overview,エリア一覧,지역 전체 보기,Aperçu de la région,Regionsübersicht,Panoramica delle regioni,Vista gral. de la región,Visão Geral da Região,Обзор регионов,ภาพรวม​ภูมิภาค,Tổng Quan Khu Vực,Gambaran Umum Wilayah
地区仓库,地區倉庫,Regional Depot,地域倉庫,지역 창고,Entrepôt régional,Regionales Depot,Deposito regionale,Depósito regional,Depósito Regional,Региональный склад,คลังสินค้า​ประจำ​ภูมิภาค,Kho Hàng Lãnh Thổ,Depot Regional
地区建设等级,地區建設等級,Regional Development Level,地域建設レベル,지역 건설 레벨,Niveau de développement régional,Regionsentwicklungslevel,Livello di sviluppo regionale,Nivel de desarrollo regional,Nível de Desenvolvimento Regional,Уровень развития региона,ระดับ​การพัฒนา​ระดับ​ภูมิภาค,Cấp Phát Triển Khu Vực,Lvl Pengembangan Regional
提升地区建设值,提升地區建設值,Regional Development Metric: Source,地域建設値,지역 건설치를 획득하기,Indicateur de développement régional : source,Regionsentwicklungsmetrik: Quelle,Metrica dello sviluppo regionale: fonte,Métrica de Desarrollo Regional: Fuente,Métrica de Desenvolvimento Regional: Origem,Показатель развития региона: факторы роста,เมทริก​การพัฒนา​ระดับ​ภูมิภาค​: ที่มา,Chỉ Số Phát Triển Khu Vực: Nguồn,Metrik Perkembangan Regional: Sumber
地区建设系统,地區建設系統,Regional Development System,地域建設システム,지역 건설 시스템,Système de développement régional,Regionsentwicklungs-System,Sistema di sviluppo regionale,Sistema de Desarrollo Regional,Sistema de Desenvolvimento Regional,Система развития региона,ระบบ​การพัฒนา​ระดับ​ภูมิภาค,Hệ Thống Phát Triển Khu Vực,Sistem Pengembangan Regional
不同区域的装备模板箱,不同區域的裝備模板箱,Regional Gear Template Crate,異なるエリアの装備設計ボックス,구역별 장비 템플릿 상자,Caisse de modèles d'équipement régionale,Regionale Kiste mit Ausrüstungsvorlagen,Cassa con schema per l'equipaggiamento regionale,Caja de molde de equipamiento regional,Caixote de Gabarito de Equipamento Regional,Региональный ящик шаблонов снаряжения,ลัง​เทม​เพล​ต​อุปกรณ์​ระดับ​ภูมิภาค,Thùng Mẫu Trang Bị Khu Vực,Kerat Templat Gear Regional
地区调度券,地區調度券,Regional Stock Bills,取引券,지역 관리권,Billets de réserves régionaux,Regionale Aktiennoten,Buoni acquisto regionali,Vales de crédito regionales,Letras de Câmbio Regionais,Региональные облигации,ธนบัตร​คลัง​ภูมิภาค,Phiếu Hàng Khu Vực,Surat Saham Regional
跨地区传输,跨地區傳輸,Regional Transfer,地域間転送,지역 간 전송,Transfert régional,Regionsübertragung,Trasporto regionale,Transferencia regional,Transferência Regional,Региональный трансфер,การ​ขนถ่าย​ข้าม​ภูมิภาค,Chuyển Liên Khu,Transfer Regional
中继器供电,中繼器供電,Relay Redistribution,電力供給,중계기 전력 공급,Redistribution de relais,Verteilerneuverteilung,Ridistribuzione dei ripetitori,Redistribución de relés,Redistribuição de Transmissão,Перераспределитель вышек,การ​จ่าย​พลังงาน​ผ่าน​รี​เลย์,Tiếp Điện Rơ-le,Redistribusi Relai
中继器,中繼器,Relay Tower,中継タワー,중계기,Tour relais,Energieverteiler,Ripetitore,Torre de transmisión,Torre de Transmissão,Вышка ЭП,หอคอย​รี​เลย์,Tháp Tiếp Điện,Menara Relai
中继器模板,中繼器模板,Relay Tower Template,中継タワーの設計図,중계기 템플릿,Modèle de tour relais,Vorlage: Energieverteiler,Schema: ripetitore,Molde de la Torre de transmisión,Gabarito de Torre de Transmissão,Шаблон вышки электропередачи,เทม​เพล​ต​หอคอย​รี​เลย์,Mẫu Tháp Tiếp Điện,Templat Menara Relai
中继器供电,中繼器供電,Relay Tower: Power Supply,電力供給,중계기 전력 공급,Tour relais : alimentation électrique,Energieverteiler: Energieversorgung,Ripetitore: alimentazione elettrica,Torre de transmisión: suministro de energía,Torre de Transmissão: Suprimento de Energia,Вышка электропередачи: энергоснабжение,หอคอย​รี​เลย์​: การ​จ่าย​พลังงาน,Tháp Tiếp Điện: Cấp Điện,Menara Relai: Aliran Listrik
中继器与电力运输 - 一,中繼器與電力運輸 - 一,Relay Tower: Power Transmission (1),中継タワーと送電 - 1,중계기와 전력 운송 - 1,Tour relais : transmission de courant électrique (1),Energieverteiler: Energieübertragung (1),Ripetitore: trasmissione di corrente (1),Torre de transmisión: transmisión de energía (1),Torre de Transmissão: Transmissão de Energia (1),Вышка электропередачи: передача энергии (1),หอคอย​รี​เลย์​: การ​ส่ง​พลังงาน​ (1),Tháp Tiếp Điện: Truyền Điện (1),Menara Relai: Transmisi Daya (1)
中继器与电力运输 - 二,中繼器與電力運輸 - 二,Relay Tower: Power Transmission (2),中継タワーと送電 - 2,중계기와 전력 운송 - 2,Tour relais : transmission de courant électrique (2),Energieverteiler: Energieübertragung (2),Ripetitore: trasmissione di corrente (2),Torre de transmisión: transmisión de energía (2),Torre de Transmissão: Transmissão de Energia (2),Вышка электропередачи: передача энергии (2),หอคอย​รี​เลย์​: การ​ส่ง​พลังงาน​ (2),Tháp Tiếp Điện: Truyền Điện (2),Menara Relai: Transmisi Daya (2)
苍山藏器,蒼山藏器,Relic of Viridian Mont,蒼山蔵谷,푸른 산맥에 숨겨진 무기,Relique du Mont viride,Relikt von Viridian Mont,Reliquia del Monte Viridiano,Reliquia de Viridian Mont,Relíquia do Monte Viridian,Реликвия Изумрудной горы,วัตถุ​โบราณ​แห่ง​วิ​ริ​เดียน​ มองต์,Cổ Vật Thúy Sơn,Relikui Viridian Mont
远程收取航天建材资源,遠端收取航太建材資源,Remote Collection: Aerospace Material,宇宙建材の遠隔受取,우주 건축 재료 원격 회수,Récupération à distance : matériaux aérospatiaux,Remote-Abholung: Luftfahrtmaterial,Raccolta da remoto: materiale aerospaziale,Recolección remota: Material aeroespacial,Coleta Remota: Materiais Aeroespaciais,Удаленный сбор: аэрокосмический материал,การ​รวบรวม​ทางไกล​: วัสดุ​อวกาศ,Thu Thập Từ Xa: Vật Liệu Hàng Không Vũ Trụ,Pengumpulan Jarak Jauh: Material Antariksa
维修灵感点,維修靈感點,Repair Logic,修理部品スポット,수리 영감 포인트,Logique de réparation,Reparaturlogik,Logica di riparazione,Lógica de reparación,Lógica de Reparo,Ремонтная схема,เหตุผล​ของ​การซ่อมแซม,Cơ Chế Sửa Chữa,Logika Perbaikan
前来报到,前來報到,Reporting In,只今着任,도착 보고,Au rapport,Dienstantritt,A rapporto,Reporte en curso,Apresentando-se para o Trabalho,Докладываю,รายงานตัว,Đang Báo Cáo,Siap Bertugas
调查报告,調查報告,Reports,調査報告,조사 보고서,Rapports,Berichte,Rapporti,Informes,Relatórios,Отчеты,รายงาน,Báo Cáo,Laporan
斥责的留言,斥責的留言,Reprimanding Message,叱責するメッセージ,꾸짖는 메시지,Message de réprimande,Tadel,Messaggio di rimprovero,Mensaje de reprimenda,Mensagem de Repreensão,Письменный выговор,ข้อความ​ตักเตือน,Tin Nhắn Khiển Trách,Pesan Teguran
研究所,研究所,Research Center,研究所,연구소,Centre de recherche,Forschungszentrum,Centro di ricerca,Centro de investigación,Centro de Pesquisa,Исследовательский центр,ศูนย์​วิจัย,Trung Tâm Nghiên Cứu,Pusat Penelitian
研究人员的笔记,研究人員的筆記,Researcher's Notes,研究者のノート,연구원의 노트,Notes de recherche,Forschernotizen,Appunti di ricerca,Notas de investigación,Notas do Pesquisador,Заметки исследователя,บันทึก​ของ​นักวิจัย,Ghi Chú Của Nhà Nghiên Cứu,Catatan Peneliti
研究者的手记（一）,研究者的手記（一）,Researcher's Notes (1),研究者のノート（1）,연구자의 일지(1),Notes de recherche (1),Forschernotizen (1),Appunti di ricerca (1),Notas de investigación (1),Notas do Pesquisador (1),Заметки исследователя (1),บันทึก​ของ​นักวิจัย​ (1),Ghi Chú Của Nhà Nghiên Cứu (1),Catatan Peneliti (1)
研究者的手记（二）,研究者的手記（二）,Researcher's Notes (2),研究者のノート（2）,연구자의 일지(2),Notes de recherche (2),Forschernotizen (2),Appunti di ricerca (2),Notas de investigación (2),Notas do Pesquisador (2),Заметки исследователя (2),บันทึก​ของ​นักวิจัย​ (2),Ghi Chú Của Nhà Nghiên Cứu (2),Catatan Peneliti (2)
研究者的手记（三）,研究者的手記（三）,Researcher's Notes (3),研究者のノート（3）,연구자의 일지(3),Notes de recherche (3),Forschernotizen (3),Appunti di ricerca (3),Notas de investigación (3),Notas do Pesquisador (3),Заметки исследователя (3),บันทึก​ของ​นักวิจัย​ (3),Ghi Chú Của Nhà Nghiên Cứu (3),Catatan Peneliti (3)
居民区,居民區,Residential Area,居住区,거주 구역,Zone résidentielle,Wohnbezirk,Area abitativa,Área residencial,Área Residencial,Жилой район,พื้นที่​พักอาศัย,Khu Dân Cư,Area Permukiman
坚韧的水,堅韌的水,Resilient Water,剛水,진득한 물,Eau élastique,Widerstandsfähiges Wasser,Acqua resiliente,Agua resiliente,Água Resiliente,Упругая вода,น้ำ​ฟื้นฟู,Nước Đàn Hồi,Air Tangguh
资源,資源,Resource,資源,자원,Ressource,Ressource,Risorsa,recurso,Recurso,ресурс,ทรัพยากร,Tài Nguyên,Sumber Daya
资源回收奖章,資源回收獎章,Resource Recycler,資源回収勲章,자원 회수 훈장,Recyclage de ressources,Ressourcen-Recycling,Riciclo delle risorse,Reciclaje de recursos,Reciclador de Recursos,Переработка ресурсов,นัก​รีไซเคิล​ทรัพยากร,Tái Chế Tài Nguyên,Daur Ulang Sumber Daya
休养守势,休養守勢,Rested Defensive,休守兼備,회복 방어 태세,Repos défensif,Ruhepausen sind die beste Verteidigung,Difesa a riposo,Defensa por descanso,Defensiva Descansada,Оборона с новыми силами,การป้องกัน​หลัง​พัก,Phòng Thủ Nghỉ Ngơi,Rested Defensive
休养攻势,休養攻勢,Rested Offensive,休攻兼備,회복 공격 태세,Repos offensif,Gut geruht ist halb gewonnen,Offensiva a riposo,Ofensiva por descanso,Ofensiva Descansada,Наступление с новыми силами,การ​โจมตี​หลัง​พัก,Tấn Công Nghỉ Ngơi,Rested Offensive
不息,不息,Restless,不断,영속,Agitation,Ruhelos,Irrequietezza,Inquieta,Incansável,Неугомонность,กระสับกระส่าย,Không Ngừng Nghỉ,Tak Kenal Gentar
控制区,控制區,Restricted Area,制御区,제어 구역,Zone interdite,Verbotener Bereich,Area limitata,Área restringida,Área Restrita,Закрытая область,พื้นที่​หวงห้าม,Khu Vực Hạn Chế,Area Terlarang
永恒回归,永恆回歸,Return to Eternity,永劫回帰,끝없는 순환,Retour à l'éternité,Rückkehr zur Ewigkeit,Ritorno all'eternità,Regreso a la eternidad,Retorno à Eternidade,Возвращение в вечность,กลับ​สู่​ความ​นิรันดร์,Trở Về Vĩnh Hằng,Kembali ke Keabadian
罗丹,羅丹,Rhodagn,ロダン,로댄,Rhodagn,Rhodagn,Rhodagn,Rhodagn,Rhodagn,Родан,โรด​อ​น,Rhodagn,Rhodagn
罗德岛特制口粮,羅德島特製口糧,Rhodes Island Special Ration,ロドス特製レーション,로도스 아일랜드 특별 제작 식량,Ration spéciale de Rhodes Island,Rhodes-Island-Spezialration,Razione speciale della Rhodes Island,Ración especial de Rhodes Island,Ração Especial da Rhodes Island,Особый паек «Родос Айленд»,เสบียง​พิเศษ​โรด​ส์​ไอ​แลนด์,Khẩu Phần Đặc Biệt Rhodes Island,Ransum Spesial Rhodes Island
遏制裂隙,遏制裂隙,Rift Fissure: Containment,裂け目の抑制,균열을 억제하기,Déchirure de faille : confinement,Rissbruch: Eindämmung,Fenditura della spaccatura: contenimento,Fisura de grieta: Contención,Fissura da Fenda: Contenção,Трещина разлома: сдерживание,รอยแยก​: การ​กักกัน​ควบคุม,Khe Nứt: Khống Chế,Retakan Celah: Penahanan
裂隙中和,裂隙中和,Rift Neutralization,裂け目中和,균열 중화,Neutralisation de faille,Riss-Neutralisierung,Neutralizzazione della spaccatura,Neutralización de grietas,Neutralização de Fendas,Нейтрализация разлома,การ​ทำให้​รอยแยก​เป็นกลาง,Trung Hòa Khe Nứt,Netralisasi Celah
裂隙缝合奖章,裂隙縫合獎章,Rift Neutralizer,裂け目消滅勲章,균열 봉합 훈장,Spécialiste de la neutralisation de faille,Riss-Neutralisierer,Neutralizzatore di spaccature,Neutralización de grietas,Neutralizador de Fendas,Нейтрализатор разломов,เครื่อง​ทำ​รอยแยก​ให้​เป็นกลาง,Máy Trung Hòa Khe Nứt,Penetral Retakan
涉渊护甲板,涉淵護甲板,Rift Trekker Armor Slab,渡淵装甲板,절망 방탄 방어구,Plaque d'armure d'arpenteur de faille,Rissforscher-Rüstungsteil,Lastra per armatura per l'esplorazione della spaccatura,Losa de armadura de Trotagrietas,Placa de Armadura Pesquisador de Fendas​,Бронепластина «Путник разлома»,แผ่น​เกราะ​ริฟ​ต์​เทร​ก​เกอร์,Giáp Phiến Lữ Hành Khe Nứt,Lempeng Armor Penjelajah Celah
涉渊护手,涉淵護手,Rift Trekker Gloves,渡淵プロテクター,절망 보호 장갑,Gants d'arpenteur de faille,Rissforscher-Handschuhe,Guanti per l'esplorazione della spaccatura,Guantes de Trotagrietas,Luvas Pesquisador de Fendas​,Перчатки «Путник разлома»,ถุงมือ​ริฟ​ต์​เทร​ก​เกอร์,Găng Tay Lữ Hành Khe Nứt,Sarung Tangan Penjelajah Celah
涉渊手套,涉淵手套,Rift Trekker Hands,渡淵グローブ,절망 장갑,Équipement de mains d'arpenteur de faille,Rissforscher-Handschutz,Mani per l'esplorazione della spaccatura,Manos de Trotagrietas,Mãos Pesquisador de Fendas​,Краги «Путник разлома»,เกราะ​มือ​ริฟ​ต์​เท​ร็​ก​เกอร์,Tay Giáp Lữ Hành Khe Nứt,Pelindung Tangan Penjelajah Celah
涉渊重甲,涉淵重甲,Rift Trekker Heavy Armor,渡淵重防具,절망 중갑,Armure lourde d'arpenteur de faille,Schwere Rissforscher-Rüstung,Armatura pesante per l'esplorazione della spaccatura,Armadura pesada de Trotagrietas,Armadura Pesada Pesquisador de Fendas​,Тяжелая броня «Путник разлома»,เกราะ​หนัก​ริฟ​ต์​เทร​ก​เกอร์,Trọng Giáp Lữ Hành Khe Nứt,Armor Berat Penjelajah Celah
涉渊轻甲,涉淵輕甲,Rift Trekker Light Armor,渡淵軽防具,절망 경갑,Armure légère d'arpenteur de faille,Leichte Rissforscher-Rüstung,Armatura leggera per l'esplorazione della spaccatura,Armadura ligera de Trotagrietas,Armadura Leve Pesquisador de Fendas​,Легкая броня «Путник разлома»,เกราะ​เบา​ริฟ​ต์​เทร​ก​เกอร์,Khinh Giáp Lữ Hành Khe Nứt,Armor Ringan Penjelajah Celah
镇桩台裂隙,鎮樁台裂隙,Rift: Pillar's Brace,裂け目：封杭台,진장대 균열,Faille : Entretoise du pilier,Riss: Säulenstütze,Spaccatura: base della colonna,Grieta: Plataforma de los pilares,Fenda: Esteio do Pilar,Разлом: опора столба,รอยแยก​: ค้ำ​ยัน​เสาหลัก,Khe Nứt: Bệ Đỡ Cột,Celah: Penopang Pilar
陈皮拌笋,陳皮拌筍,Rind-Flavored Sprouts,陳皮と筍の和え物,진피 죽순 무침,Pousses au goût de zeste,Sprossen mit Schalengeschmack,Germogli alla scorza,Brotes sabor corteza,Brotos Sabor Casca,Побеги со вкусом кожуры,หน่อไม้​รส​เปลือก​ส้ม,Trần Bì Trộn Măng,Rebung Rasa Kulit Buah
明日新星,明日新星,Rising Star of Tomorrow,将来有望,내일을 꿈꾸는 별,Étoile montante de demain,Aufgehender Stern von morgen,Astro nascente di domani,Estrella en ascenso del mañana,Estrela em Ascensão do Amanhã,Восходящая звезда завтрашнего дня,ดาวรุ่ง​แห่ง​วันพรุ่งนี้,Ngôi Sao Sáng Của Ngày Mai,Bintang Baru Masa Depan
岸边石窟,岸邊石窟,Riverbank Grotto,岸辺の洞窟,안변 석굴,Grotte du rivage,Grotte am Flussufer,Grotta sulla riva del fiume,Gruta de la ribera,Gruta da Margem do Rio,Речной грот,ถ้ำ​ริมฝั่ง​แม่น้ำ,Hang Động Bờ Sông,Groto Tepi Sungai
莫留财,莫留財,Road Plunderer,不残財,막류재,Écumeur des routes,Wege-Plünderer,Delinquente di strada,Saqueador de caminos,Saqueador das Estradas,Головорез,นัก​ปล้น​ริมถนน,Thổ Phỉ,Road Plunderer
机器人开出的花,機器人開出的花,Robotic Blossom,ロボットに咲いた花,로봇이 피워낸 꽃,Fleur robotique,Roboterblüte,Germoglio robotico,Flor robótica,Flor Robótica,Роботизированный цветок,ดอก​หุ่น​จักรกล​อัน​เบ่งบาน,Hoa Máy Móc,Bunga Robotik
岩丘通道,岩丘通道,Rockhill Passage,岩丘の道,바위 언덕 통로,Passage de Côtoroche,Felshügel-Durchgang,Passaggio del colle roccioso,Paso de Rockhill,Passagem da Montanha Rochosa,Скалистый перевал,เส้นทาง​หุบเขา​หิน,Lối Đi Đồi Đá,Lintasan Bukit Batu
山犼兽,山犼獸,Rockhowler,山吼獣,록하울러,Hurleroc,Felsenheuler,Ulularocce,Aullador de roca,Uivante Montanhês,Каменный ревун,ร็อค​ฮา​ว​เลอร์,Rockhowler,Rockhowler
挥竿日,揮竿日,Rod Casting Day,釣り日和,낚시의 날,Jour de pêche,Tag der ausgeworfenen Angelrute,Una lenza da lanciare,Día de lanzamiento de caña,Dia de Arremesso de Varas,День заброса удочки,วัน​เหวี่ยง​เบ็ด,Ngày Thả Cần Câu,Hari Lempar Kail
滚石,滾石,Rolling Rock,転がる岩,구르는 바위,Pierre qui roule,Rollender Felsen,Roccia rotolante,Roca rodante,Pedra Rolante,Катящийся камень,หิน​กลิ้ง,Đá Lăn,Batu Menggelinding
罗曼的Baker留言,羅曼的Baker留言,Roman's Baker Toasts,ロマンのBakerの記録,로만이 Baker로 남긴 메시지,Messages du Baker de Roman,Romans Baker-Nachrichten,Toast di Roman su Baker,Toasts del Baker de Roman,Toasts do Baker de Roman,Сообщения Романа в Baker,ขนมปัง​ปิ้ง​ของ​โรมัน,Tin Nhắn Của Roman Baker,Roti Panggang Baker Roman
罗曼的行车记录,羅曼的行車紀錄,Roman's Dashcam Record,ロマンの走行記録,로만의 블랙박스 기록,Archive de la caméra embarquée de Roman,Romans Dashcam-Aufnahme,Registrazione della telecamera di bordo di Roman,Registro de cámara de tablero de Roman,Registro da Câmera de Painel de Roman,Запись с видеорегистратора Романа,บันทึก​จาก​กล้อง​ติด​รถยนต์​ของ​โรมัน,Bản Ghi Camera Hành Trình của Roman,Rekaman Dashcam milik Roman
罗曼的食材处理笔记,羅曼的食材處理筆記,Roman's Food Processing Notes,ロマンの食材取り扱いメモ,로만의 식재료 가이드,Notes de Roman : transformation des aliments,Romans Notizen zur Nahrungsverarbeitung,Appunti di Roman sulla lavorazione del cibo,Notas de procesamiento de la comida de Roman,Anotações de Processamento de Alimentos de Roman,Заметки Романа об обработке еды,บันทึก​การแปร​รูป​อาหาร​ของ​โรมัน,Sổ Chế Xử Lý Thực Phẩm của Roman,Catatan Pemrosesan Makanan Roman
罗马诺的手表,羅馬諾的手錶,Romano's Watch,ロマーノの腕時計,로마노의 손목시계,Montre de Romano,Romanos Uhr,Orologio di Romano,Reloj de Romano,Relógio de Romano,Часы Романо,นาฬิกาข้อมือ​ของ​โร​มา​โ​น่,Đồng Hồ của Romano,Jam Tangan Romano
绳索,繩索,Rope,ロープ,로프,Corde,Seil,Corda,Cuerda,Corda,Трос,เชือก,Dây Thừng,Tali
绳索 - 一,繩索 - 一,Rope (1),ロープ - 1,로프 - 1,Corde (1),Seil (1),Corda (1),Cuerda (1),Corda (1),Трос (1),เชือก​ (1),Dây Thừng (1),Tali (1)
绳索 - 二,繩索 - 二,Rope (2),ロープ - 2,로프 - 2,Corde (2),Seil (2),Corda (2),Cuerda (2),Corda (2),Трос (2),เชือก​ (2),Dây Thừng (2),Tali (2)
洛茜,洛西,Rossi,ロッシ,로시,Rossi,Rossi,Rossi,Rossi,Rossi,Росси,รอส​ซี,Rossi,Rossi
洛茜的信物,洛西的信物,Rossi's Token,ロッシの印,로시의 증표,Jeton de Rossi,Rossis Token,Tributo di Rossi,Ficha de Rossi,Símbolo de Rossi,Жетон Росси,โท​เคน​ของ​รอส​ซี,Xu của Rossi,Token Rossi
可旋转桥梁,可旋轉橋梁,Rotating Bridge,回転する橋,회전식 다리,Passerelle tournante,Drehbrücke,Ponte rotante,Puente giratorio,Ponte Giratória,Поворотный мост,สะพาน​หมุน,Cầu Xoay,Jembatan Putar
转轮机关 - 一,轉輪機關 - 一,Rotating Mechanism (1),回転装置 - 1,터빈 - 1,Mécanisme rotatif (1),Rotationsmechanismus (1),Meccanismo rotante (1),Mecanismo giratorio (1),Mecanismo Rotativo (1),Поворотный механизм (1),กลไก​การ​หมุน​ (1),Cơ Chế Quay (1),Mekanisme Putar (1)
转轮机关 - 二,轉輪機關 - 二,Rotating Mechanism (2),回転装置 - 2,터빈 - 2,Mécanisme rotatif (2),Rotationsmechanismus (2),Meccanismo rotante (2),Mecanismo giratorio (2),Mecanismo Rotativo (2),Поворотный механизм (2),กลไก​การ​หมุน​ (2),Cơ Chế Quay (2),Mekanisme Putar (2)
解除封锁,解除封鎖,Rotating Mechanism: Unlocking,封鎖解除,잠금 해제하기,Mécanisme rotatif : déblocage,Rotationsmechanismus: Öffnen,Meccanismo rotante: sblocco,Mecanismo giratorio: desbloqueo,Mecanismo Rotativo: Desbloqueio,Поворотный механизм: открытие,กลไก​การ​หมุน​: การปลด​ล็อก,Cơ Chế Quay: Mở Khóa,Mekanisme Putar: Membuka
粗糙的大结核,粗糙的大結核,Rough Nodule [L],粗末な大晶核,거친 대결핵,Nodule brut [G],Rauer Nodulus [L],Nodulo grezzo (L),Nódulo rígido [G],Nódulo Bruto [G],Грубое отложение [бол.],ก้อน​ผลึก​หยาบ​ [L],Hạch Thô Sơ [Lớn],Nodul Kasar [L]
粗糙的中结核,粗糙的中結核,Rough Nodule [M],粗末な中晶核,거친 중결핵,Nodule brut [M],Rauer Nodulus [M],Nodulo grezzo (M),Nódulo rígido [M],Nódulo Bruto [M],Грубое отложение [ср.],ก้อน​ผลึก​หยาบ​ [M],Hạch Thô Sơ [Trung],Nodul Kasar [M]
粗糙的小结核,粗糙的小結核,Rough Nodule [S],粗末な小晶核,거친 소결핵,Nodule brut [P],Rauer Nodulus [S],Nodulo grezzo (S),Nódulo rígido [P],Nódulo Bruto [P],Грубое отложение [мал.],ก้อน​ผลึก​หยาบ​ [S],Hạch Thô Sơ [Nhỏ],Nodul Kasar [S]
粗糙的大结核,粗糙的大結核,Rough Nodule L,粗末な大晶核,거친 대결핵,Nodule brut G,Rauer Nodulus L,Nodulo grezzo L,Nódulo rígido G,Nódulo Bruto G,Грубое отложение бол.,ก้อน​ผลึก​หยาบ​ L,Hạch Thô Sơ Lớn,Nodul Kasar L
粗糙的中结核,粗糙的中結核,Rough Nodule M,粗末な中晶核,거친 중결핵,Nodule brut M,Rauer Nodulus M,Nodulo grezzo M,Nódulo rígido M,Nódulo Bruto M,Грубое отложение ср.,ก้อน​ผลึก​หยาบ​ M,Hạch Thô Sơ Trung,Nodul Kasar M
粗糙的小结核,粗糙的小結核,Rough Nodule S,粗末な小晶核,거친 소결핵,Nodule brut P,Rauer Nodulus S,Nodulo grezzo S,Nódulo rígido P,Nódulo Bruto P,Грубое отложение мал.,ก้อน​ผลึก​หยาบ​ S,Hạch Thô Sơ Nhỏ,Nodul Kasar S
五号公路,五號公路,Route 5,五号道路,5번 국도,Route 5,Strecke 5,Percorso 5,Ruta 5,Rota 5,Маршрут 5,ถนน​หมายเลข​ 5,Tuyến 5,Rute 5
巡行信使手套,巡行信使手套,Roving MSGR Fists,遍歴トランスポーターグローブ,순행 전달자 장갑,Poings de MSGR itinérant,Boten-Fäustlinge,Guanti rinforzati MSGR da viaggio,Puños de MSJR móviles,Punhos do MSGR Itinerante,Защита рук гонца-странника,หมัด​โร​เวอร์​ MSGR,Găng Đấm Bốc LLV Cơ Động,Pelindung Buku Jari MSGR Keliling
巡行信使手套·壹型,巡行信使手套·I,Roving MSGR Fists T1,遍歴トランスポーターグローブⅠ,순행 전달자 장갑 · I,Poings de MSGR itinérant G1,Boten-Fäustlinge S1,Guanti rinforzati MSGR da viaggio O1,Puños de MSJR móviles T1,Punhos do MSGR Itinerante T1,Защита рук гонца-странника К1,หมัด​โร​เวอร์​ MSGR T1,Găng Đấm Bốc LLV Cơ Động T1,Pelindung Buku Jari MSGR Keliling T1
巡行信使手电,巡行信使手電筒,Roving MSGR Flashlight,遍歴トランスポーターライト,순행 전달자 손전등,Lampe torche de MSGR itinérant,Boten-Taschenlampe,Torcia MSGR da viaggio,Linterna de MSJR móvil,Lanterna do MSGR Itinerante,Фонарик гонца-странника,ไฟฉาย​ของ​ผู้ส่งสาร​ร่อนเร่,Đèn Pin LLV Cơ Động,Senter MSGR Keliling
巡行信使手电·壹型,巡行信使手電筒·I,Roving MSGR Flashlight T1,遍歴トランスポーターライトⅠ,순행 전달자 손전등 · I,Lampe torche de MSGR itinérant G1,Boten-Taschenlampe S1,Torcia MSGR da viaggio O1,Linterna de MSJR móvil T1,Lanterna do MSGR Itinerante T1,Фонарик гонца-странника К1,ไฟฉาย​ของ​ผู้ส่งสาร​ร่อนเร่​ T1,Đèn Pin LLV Cơ Động T1,Senter MSGR Keliling T1
巡行信使手电·贰型,巡行信使手電筒·II,Roving MSGR Flashlight T2,遍歴トランスポーターライトⅡ,순행 전달자 손전등 · II,Lampe torche de MSGR itinérant G2,Boten-Taschenlampe S2,Torcia MSGR da viaggio O2,Linterna de MSJR móvil T2,Lanterna do MSGR Itinerante T2,Фонарик гонца-странника К2,ไฟฉาย​ของ​ผู้ส่งสาร​ร่อนเร่​ T2,Đèn Pin LLV Cơ Động T2,Senter MSGR Keliling T2
巡行信使陀螺,巡行信使陀螺,Roving MSGR Gyro,遍歴トランスポーターのスピナー,순행 전달자 팽이,Gyro de MSGR itinérant,Botenkreisel,Trottola MSGR da viaggio,Giroscopio de MSJR móvil,Giro do MSGR Itinerante,Спиннер гонца-странника,ไจ​โร​โร​เวอร์​ MSGR,Con Quay LLV Cơ Động,Giroskop MSGR Keliling
巡行信使陀螺·壹型,巡行信使陀螺·I,Roving MSGR Gyro T1,遍歴トランスポーターのスピナーⅠ,순행 전달자 팽이 · I,Gyro de MSGR itinérant G1,Botenkreisel S1,Trottola MSGR da viaggio O1,Giroscopio de MSJR móvil T1,Giro do MSGR Itinerante T1,Спиннер гонца-странника К1,ไจ​โร​โร​เวอร์​ MSGR T1,Con Quay LLV Cơ Động T1,Giroskop MSGR Keliling T1
巡行信使夹克,巡行信使夾克,Roving MSGR Jacket,遍歴トランスポータージャケット,순행 전달자 재킷,Veste de MSGR itinérant,Boten-Jacke,Giacca MSGR da viaggio,Chaqueta de MSJR móvil,Casaco do MSGR Itinerante,Куртка гонца-странника,แจ็คเก็ต​โร​เวอร์​ MSGR,Áo Khoác LLV Cơ Động,Jaket MSGR Keliling
巡行信使夹克·壹型,巡行信使夾克·I,Roving MSGR Jacket T1,遍歴トランスポータージャケットⅠ,순행 전달자 재킷 · I,Veste de MSGR itinérant G1,Boten-Jacke S1,Giacca MSGR da viaggio O1,Chaqueta de MSJR móvil T1,Casaco do MSGR Itinerante T1,Куртка гонца-странника К1,แจ็คเก็ต​โร​เวอร์​ MSGR T1,Áo Khoác LLV Cơ Động T1,Jaket MSGR Keliling T1
阮一,阮一,Ruan Yi,ルアン・イー,원일,Ruan Yi,Ruan Yi,Ruan Yi,Ruan Yi,Ruan Yi,Жуань И,เรือน​ยี่,Ruan Yi,Ruan Yi
重红柱状菌,重紅柱狀菌,Ruby Bolete,深紅茸,진한 붉은 기둥 버섯,Bolet rubis,Rubinroter Röhrenpilz,Boleto rubino,Bolete rubí,Boleta Rubi,Рубиновый гриб,เห็ด​ตับ​เต่า​สีทับทิม,Nấm Hồng Ngọc,Boletus Rubi
重红柱状菌块,重紅柱狀菌塊,Ruby Bolete Mycelia,深紅菌床,진한 붉은 기둥 버섯 조각,Mycélium de bolet rubis,Rubinroter-Röhrenpilz-Mycel,Micelio del boleto rubino,Micelio de bolete rubí,Micélio de Boleta Rubi,Мицелий рубинового гриба,เส้นใย​เห็ด​ตับ​เต่า​สีทับทิม,Sợi Nấm Hồng Ngọc,Miselium Boletus Rubi
重红柱状菌,重紅柱狀菌,Ruby Bolete Spot,深紅茸,진한 붉은 기둥 버섯,Bolet rubis,Rubinroter Röhrenpilz,Boleto rubino,Bolete rubí,Boleta Rubi,Рубиновый гриб,เห็ด​ตับ​เต่า​สีทับทิม,Nấm Hồng Ngọc,Boletus Rubi
洗灾秘剂,洗災秘劑,Ruin-Purger Remedy,厄除の秘薬,재앙 정화의 비약,Remède purifiant pour ruines,Verderbnisläuterer-Heilmittel,Rimedio epuratore di pioggia,Remedio purgarruinas,Remédio Expurga-Ruínas,Зачищающее средство,ยา​ขจัด​หายนะ,Phương Dược Trừ Tích,Ramuan Pemurni Puing
遗迹研究者的书信,遺跡研究者的書信,Ruins Researcher's Letters,遺跡研究者の手紙,유적 연구원의 편지,Lettres de l'archéologue,Briefe des Ruinenforschers,Lettere sulla ricerca delle rovine,Cartas del investigador de ruinas,Cartas do Pesquisador de Ruínas,Письма исследователя руин,จดหมาย​ของ​นักวิจัย​ซาก​โบราณสถาน,Lá Thư Của Nhà Nghiên Cứu Tàn Tích,Surat Peneliti Reruntuhan
天师间的传言,天師間的傳言,Rumors: Spread Amongst the Tianshi,天師たちの間で流れる噂,천사들 사이의 소문,Rumeurs : bruits de couloirs chez les Tianshi,Gerüchte: Unter den Tianshi verbreitet,Voci: Si vocifera tra i Tianshi,Rumores: Difundidos entre los Tianshi,Rumores: Espalhados entre os Tianshi,Слухи: распространяются среди Тяньши,ข่าวลือ​: เรื่อง​แพร่สะพัด​ใน​หมู่​เทียน​ซือ,Tin Đồn: Lan Truyền Giữa Các Thiên Sư,Rumor: Beredar di Kalangan Tianshi
锈铁残块,鏽鐵殘塊,Rust Fragment,錆鉄の欠片,녹슨 금속 조각,Fragment de rouille,Rostfragment,Frammento di ruggine,Fragmento de Óxido,Fragmento de Ferrugem,Ржавый фрагмент,เศษ​สนิม,Mảnh Rỉ Sắt,Fragmen Karat
锈器堆,鏽器堆,Rust Mound,廃材集積場,폐기 설비 적치장,Mont rouillé,Rostberg,Tumulo della ruggine,Montículo oxidado,Rust Mound,Ржавый холм,เนิน​รัส,Gò Rỉ Sét,Gundukan Karat
砂叶,砂葉,Sandleaf,サンドリーフ,샌드리프,Sablante,Sandblatt,Fogliasabbia,Hojarena,Folha Rugosa,Песчанолист,แซนด์​ลี​ฟ,Lá Cát,Sandleaf
砂叶田块,砂葉田塊,Sandleaf Plot,サンドリーフ畑,샌드리프 논배미,Parcelle de sablante,Sandblatt-Beet,Terreno per fogliasabbia,Terreno de hojarena,Lote de Folha Rugosa,Участок песчанолиста,แปลง​แซนด์​ลี​ฟ,Ô Đất Lá Cát,Petak Sandleaf
砂叶粉末,砂葉粉末,Sandleaf Powder,サンドリーフ粉末,샌드리프 가루,Poudre de sablante,Sandblatt-Pulver,Polvere di fogliasabbia,Polvo de hojarena,Pó de Folha Rugosa,Молотый песчанолист,ผง​แซนด์​ลี​ฟ,Bột Lá Cát,Bubuk Sandleaf
砂叶种子,砂葉種子,Sandleaf Seed,サンドリーフの種,샌드리프 씨앗,Graine de sablante,Sandblatt-Saat,Seme di fogliasabbia,Semilla de hojarena,Semente de Folha Rugosa,Семя песчанолиста,เมล็ด​แซนด์​ลี​ฟ,Hạt Lá Cát,Benih Sandleaf
猩红记忆,猩紅記憶,Sanguine Memories,緋色の記憶,선홍빛 기억,Souvenirs rouge sang,Erinnerungen des Bluts,Ricordi scarlatti,Recuerdos sanguíneos,Memórias Sanguíneas,Кровавые воспоминания,ความทรงจำ​สี​เลือด,Ký Ức Đỏ Máu,Ingatan Sanguin
理智,理智,Sanity,理性,이성,Lucidité,Verstand,Lucidità,Cordura,Sanidade,Рассудок,ค่า​สติ,Tỉnh Táo,Sanity
理智精粹药剂,理智精粹藥劑,Sanity Essence,精粋理性回復剤,이성 정수 약제,Essence de lucidité,Verstandsessenz,Essenza di Lucidità,Esencia de Cordura,Essência de Sanidade,Эссенция рассудка,แก่น​ค่า​สติ,Tinh Chất Tỉnh Táo,Esensi Sanity
理智萃取器,理智萃取器,Sanity Extractor,理性抽出器,이성 추출기,Extracteur de lucidité,Verstandsextraktor,Estrattore di Lucidità,Extractor de Cordura,Extrator de Sanidade,Экстрактор рассудка,เครื่องมือ​แยก​ค่า​สติ,Bộ Chiết Tách Tỉnh Táo,Ekstraktor Sanity
理智回复液,理智恢復液,Sanity Syrup,理性回復剤,이성 회복제,Sirop de lucidité,Verstandssirup,Sciroppo per la Lucidità,Jarabe de Cordura,Xarope de Sanidade,Сироп рассудка,น้ำเชื่อม​ความ​สมดุล,Siro Tỉnh Táo,Sirop Sanity
理智消耗许可,理智消耗許可,Sanity Usage Permit,理性消費許可証,이성 소모 허가증,Permis d'utilisation de lucidité,Verstandsverbrauch-Genehmigung,Permesso d'uso di Lucidità,Permiso de uso de Cordura,Permissão para Uso de Sanidade,Разрешение на поглощение рассудка,ใบอนุญาต​ใช้​ค่า​สติ,Vé Dùng Tỉnh Táo,Izin Penggunaan Sanity
三窟岗,三窟崗,Sanku Ridge,三窟丘,삼굴 언덕,Arête de Sanku,Sanku-Kamm,Crinale Sanku,Cresta Sanku,Cordilheira de Sanku,Хребет Саньку,สันเขา​ซาน​กู๋,Đỉnh Ba Hang,Punggungan Sanku
异香兽排·升级,異香獸排·升級,Savory Fillet Upgrade,異香獣肉（強化）,이향석 스테이크 · 업그레이드,Amélioration de filet savoureux,Verbesserung: Schmackhaftes Filet,Potenziamento: filetto saporito,Mejora de filete sabroso,Upgrade de Filé Salgado,Улучшение пряного стейка,อัป​เกรด​ฟิ​เล​ต์​รส​กลมกล่อม,Nâng Cấp Phi Lê Mặn,Upgrade untuk Filet Gurih
异香汤包·升级,異香湯包·升級,Savory Tangbao Upgrade,異香タンパオ（強化）,이향석 탕바오 · 업그레이드,Amélioration de tangbao savoureux,Verbesserung: Schmackhafte Tangbao,Potenziamento: tangbao saporito,Mejora de tangbao sabroso,Upgrade de Bao Salgado,Улучшение пряных танбао,อัป​เกรด​ซาลาเปา​ถัง​เปา​รส​กลมกล่อม,Nâng Cấp Sủi Cảo Mặn,Upgrade untuk Tangbao Gurih
异香清汤面·升级,異香清湯麵·升級,Savory Tangmian Upgrade,異香タンメン（強化）,이향석 탕면 · 업그레이드,Amélioration de tangmian savoureux,Verbesserung: Schmackhafte Tangmian,Potenziamento: tangmian saporito,Mejora de tangmian sabroso,Upgrade de Tangmian Salgado,Улучшение пряного танмяня,อัป​เกรด​บะหมี่​ถัง​เ​มี่​ยน​รส​กลมกล่อม,Nâng Cấp Mì Mặn,Upgrade untuk Tangmian Gurih
中容谷地电池,中容量谷地電池,SC Valley Battery,中容量谷地バッテリー,중용량 협곡 배터리,Batterie de la Vallée CS,Tal-SC-Batterie,Batteria CS della Valle,Batería de CS del Valle,Bateria CP do Vale,Батарея СЕ Долины,แบตเตอรี่​หุบเขา​มาตรฐาน,Pin Thung Lũng Dung Lượng Tiêu Chuẩn,Baterai KS Lembah
中容武陵电池,中容量武陵電池,SC Wuling Battery,中容量武陵バッテリー,중용량 무릉 배터리,Batterie de Wuling CS,Wuling-SC-Batterie,Batteria CS di Wuling,Batería de CS de Wuling,Bateria CP de Wuling,Батарея СЕ Улина,แบตเตอรี่​อู่​หลิง​มาตรฐาน,Pin Võ Lăng Dung Lượng Tiêu Chuẩn,Baterai KS Wuling
扫描寻物,掃描尋物,Scanning: Finding Items,スキャン探知,스캔을 사용해 목표를 찾기,Analyse : recherche d'objets,Scannen: Gegenstände finden,Scansione: trovare oggetti,Escaneando: Búsqueda de objetos,Varredura: Descoberta de Itens,Сканирование: поиск предметов,การ​สแกน​: การ​ค้นหา​ไอ​เทม,Quét: Tìm vật phẩm,Pemindaian: Mencari Item
扫描 - 液体,掃描 - 液體,Scanning: Fluids,スキャン - 液体,스캔 - 액체,Analyse : fluides,Scannen: Flüssigkeiten,Scansione: liquidi,Escaneando: Fluidos,Varredura: Fluidos,Сканирование: жидкости,การ​สแกน​: ของเหลว,Quét: Chất Lỏng,Pemindaian: Cairan
扫描采集物或矿点,掃描採集物或礦點,Scanning: Gatherables or Mining Spots,採集物と鉱物スポットのスキャン,채집물 혹은 광산 지점 스캔,Analyse : objets récoltables et zones d'extraction,Scannen: Sammelobjekte oder Abbaustellen,Scansione: risorse e punti di estrazione,Escaneando: Recolectables o puntos de minería,Varredura: Itens Coletáveis ou Pontos de Mineração,Сканирование: трофеи и места разработки,การ​สแกน​: วัสดุ​ที่เก็บ​ได้​และ​จุด​ขุด​แร่,Quét: Vật Liệu Thu Thập và Điểm Khai Thác,Pemindaian: Item yang Bisa Dikumpulkan atau Titik Tambang
扫描标记的颜色,掃描標記的顏色,Scanning: Item Coloration,スキャン結果の色,스캔 표식의 색상,Analyse : couleurs des objets,Scannen: Gegenstandsfarben,Scansione: colore degli oggetti,Escaneando: Colores de Objetos,Varredura: Cor do Item,Сканирование: цвет предметов,การ​สแกน​: สี​ของ​ไอ​เทม,Quét: Màu Vật Phẩm,Pemindaian: Warna Item
灼壳虫,灼殼蟲,Scorchbug,アブリムシ,화염 풍뎅이,Calciptère,Feuerkäfer,Insettardente,Escarabajo abrasador,Inseto de Fogo,Огнежук,แมลง​ไฟ,Bọ Cứng,Scorchbug
灼壳虫粉末,灼殼蟲粉末,Scorchbug Powder,アブリムシ粉末,화염 풍뎅이 가루,Poudre de calciptère,Feuerkäfer-Pulver,Polvere di insettardenti,Polvo de escarabajo abrasador,Pó de Inseto de Fogo,Молотый огнежук,ผง​แมลง​ไฟ,Bột Bọ Cứng,Bubuk Scorchbug
灼热弩箭残块,灼熱弩箭殘塊,Scorching Hot Bolt Fragment,灼熱クロスボウの欠片,열기 화살 조각,Fragment de carreau d'arbalète brûlant,Glühendheißes Blitzfragment,Frammento di dardo rovente,Fragmento de Perno ardiente,Fragmento de Virote Escaldante,Обжигающий фрагмент снаряда,เศษ​ลูกธนู​หน้าไม้​ร้อนระอุ,Mảnh Tia Lửa Nóng Bỏng,Fragmen Panah Panas Membara
边角料积木货组,碎料積木貨組,Scrap Toy Blocks [pkg],端材ブロックセット,재활용 블록 상품군,Blocs de construction [colis],Ausrangierte Bauklötze [Paket],Mattoncini giocattolo improvvisati (pacco),Bloques de juguetes chatarra [paq.],Blocos de Brinquedo de Sucata [pct],Кубики из утильсырья [упак.],เศษ​บล็อก​ของเล่น​ [แพ็ก​],Gạch Xếp Vụn [bộ],Balok Mainan Rongsok [pkt]
潦草的应龙队员留言,潦草的應龍隊員留言,Scribbled Yinglung Memo,乱雑に書かれた応龍隊員のメモ,휘갈겨 쓴 응룡 대원의 메시지,Notes griffonnées de Yinglungs,Gekritzelte Yinglung-Notiz,Nota Yinglung abbozzata,Nota garabateada de un Yinglung,Memo de Yinglung Rabiscado,Нацарапанная записка бойца «Инлуна»,บันทึก​ห​ยิง​หลง​ที่​เขียน​ล​ว​กๆ,Ghi Chú Viết Vội Của Đội Đặc Nhiệm,Memo Yinglung yang Ditulis Tangan
字迹癫狂的手记,字跡癲狂的手記,Scribbles of Insanity,狂気に歪んだ手記,광기에 찬 필적의 일지,Gribouillis sans queue ni tête,Krakeleien des Wahnsinns,Scarabocchi folli,Garabatos de locura,Rabiscos de Insanidade,Безумные каракули,รอย​บันทึก​ของ​ความ​วิปลาส,Chữ viết nguệch ngoạc điên loạn,Coretan-coretan Gila
狼群骨雕,狼群骨雕,Scrimshaw of the Pack,骨の彫刻,울프팀의 뼈 조각상,Os gravé de la Meute,Knochenschnitzerei des Rudels,Osso intagliato del Branco,Tallado de La manada,Escultura da Matilha,Резная кость Стаи,กระดูก​แกะสลัก​ของ​เดอะ​แพ็ค,Vật Khắc Tộc Sói,Pahatan Tulang Kawanan
展卷,展卷,Scroll Unfurled,紐解く,펼쳐진 책,Parchemin déplié,Ausgerolltes Pergament,Pergamena srotolata,Pergamino desplegado,Painel da Contemplação,Развернутый свиток,คลี่​ม้วน​ภาพ,Trải Quyển Sơn Hà,Gulungan Terkuak
锁闭储藏箱,鎖閉儲藏箱,Sealed Crate,ロック資源箱,잠긴 보물 상자,Caisse scellée,Versiegelte Kiste,Cassa sigillata,Caja sellada,Caixote Lacrado,Закрытый ящик,ลัง​ปิดผนึก,Hộp Khóa Kín,Kerat Bersegel
海盐冰淇淋,海鹽冰淇淋,Seasalt Ice Cream,シーソルトアイスクリーム,소금 아이스크림,Crème glacée au sel de mer,Meersalzeis,Gelato al sale marino,Helado de sal marina,Sorvete de Sal Marinho,Мороженое с морской солью,ไอศกรีม​เกลือ​ทะเล,Kem Muối Biển,Es Krim Garam Laut
秘密时间,秘密時間,Secret Hour,秘密の時間,비밀의 시간,Moment secret,Geheime Stunde,Ora segreta,Hora Secreta,Hora Secreta,Тайный час,ชั่วโมง​ลับ,Khoảnh Khắc Bí Mật,Jam Rahasia
秘方醒神茶,秘方醒神茶,Secret Stimulating Tisane,秘伝目覚まし茶,비법의 성신차,Tisane stimulante secrète,Geheimer Muntermacher-Kräutertee,Tisana stimolante segreta,Tisana estimulante secreta,Tisana Estimulante Secreta,Секретный бодрящий тизан,ชา​สมุนไพร​ชูกำลัง​สูตร​ลับ,Trà Kích Thích Bí Mật,Tisane Stimulan Rahasia
采种机,採種機,Seed-Picking Unit,採種機,씨앗 추출기,Unité de prélèvement de graines,Saatgewinnungs-einheit,Unità di raccolta semi,Unidad recogesemillas,Unidade de Coleta de Sementes,Модуль сбора семян,ยู​นิต​เก็บ​เมล็ด,Máy Thu Hoạch Hạt,Unit Petik Benih
采种机 - 一,採種機 - 一,Seed-Picking Unit (1),採種機 - 1,씨앗 추출기 - 1,Unité de prélèvement de graines (1),Saatgewinnungseinheit (1),Unità di raccolta semi (1),Unidad recogesemillas (1),Unidade de Coleta de Sementes (1),Модуль сбора семян (1),ยู​นิต​เก็บ​เมล็ด​ (1),Máy Thu Hoạch Hạt (1),Unit Petik Benih (1)
采种机 - 二,採種機 - 二,Seed-Picking Unit (2),採種機 - 2,씨앗 추출기 - 2,Unité de prélèvement de graines (2),Saatgewinnungseinheit (2),Unità di raccolta semi (2),Unidad recogesemillas (2),Unidade de Coleta de Sementes (2),Модуль сбора семян (2),ยู​นิต​เก็บ​เมล็ด​ (2),Máy Thu Hoạch Hạt (2),Unit Petik Benih (2)
采种机模板,採種機模板,Seed-Picking Unit Template,採種機の設計図,씨앗 추출기 템플릿,Modèle d'unité de prélèvement de graines,Vorlage: Saatgewinnungseinheit,Schema: unità di raccolta semi,Molde de la Unidad recogesemillas,Gabarito de Unidade de Coleta de Sementes,Шаблон модуля сбора семян,เทม​เพล​ต​ยู​นิต​เก็บ​เมล็ด,Mẫu Máy Thu Hoạch Hạt,Templat Unit Petik Benih
种子商人,種子商人,seed_trade,種商人,씨앗 상인,Marchand de graines,Saatgut-Händler,Mercante di semi,comerciante de semillas,Comerciante de Sementes,торговец семенами,พ่อค้าเมล็ดพันธุ์,Thương Nhân Hạt Giống,Pedagang Benih
探骊,探驪,Seeker of Dark Lung,探龍,검은 추적자,Cherche-Lung sombre,Sucher der dunklen Lung,Emissario oscuro,Buscadora del Lung oscuro,Caçadora do Lung Sombrio,Искатель темного луна,ผู้​แสวงหา​มังกร​แห่ง​เงามืด,Kẻ Truy Tìm Hắc Long,Seeker of Dark Lung
寻道,尋道,Seeking for the Path,求道,도의 길,En quête de la voie,Auf der Suche nach dem Weg,In cerca di una strada,Buscando el camino,Buscando o Caminho,Поиск пути,แสวงหา​เส้นทาง,Hành Trình Tìm Lối,Mencari Jalan
活动翘板,活動翹板,Seesaw Ramp,可動ボード,움직이는 시소,Rampe à bascule,Wipprampe,Rampa a dondolo,Rampa de balancín,Rampa de Gangorra,Качели,ไม้กระดาน,Dốc Bập Bênh,Jungkat-Jungkit
自拍邀请,自拍邀請,Selfie Invite,一緒に撮ろー！,셀카 타임,Invitation au selfie,Selfie-Einladung,Facciamoci un selfie,Invitación a una selfie,Convite para Selfie,Приглашение на селфи,คำชวน​ถ่าย​เซล​ฟี่,Lời Mời Chụp Selfie,Ajakan Selfie
佐识秘剂·升级,佐識秘劑·升級,Sensory Remedy Upgrade,感知の秘薬（強化）,감지의 비약 · 업그레이드,Amélioration de remède sensoriel,Verbesserung: Sensorisches Heilmittel,Potenziamento: rimedio sensoriale,Mejora de remedio sensorial,Upgrade de Remédio Sensorial,Улучшение сенсорного средства,อัป​เกรด​ยาบ​ร​ร​เทา​ประสาทสัมผัส,Nâng Cấp Thuốc Tăng Giác Quan,Upgrade untuk Ramuan Sensoris
外来者的感慨（一）,外來者的感慨（一）,Sentiments: From an Outsider (1),訪れた人の感想（1）,외지인의 감회(1),Sentiments : vu de l'extérieur (1),Gedanken eines Fremden (1),Sentimenti: Da uno straniero (1),Sentimientos: De un forastero (1),Sentimentos: De um Forasteiro (1),Впечатления: взгляд со стороны (1),บันทึก​ความรู้สึก​: จาก​คนนอก​ (1),Cảm Nghĩ: Từ Người Ngoài Cuộc (1),Sentimen: Dari Orang Luar (1)
外来者的感慨（二）,外來者的感慨（二）,Sentiments: From an Outsider (2),訪れた人の感想（2）,외지인의 감회(2),Sentiments : vu de l'extérieur (2),Gedanken eines Fremden (2),Sentimenti: Da uno straniero (2),Sentimientos: De un forastero (2),Sentimentos: De um Forasteiro (2),Впечатления: взгляд со стороны (2),บันทึก​ความรู้สึก​: จาก​คนนอก​ (2),Cảm Nghĩ: Từ Người Ngoài Cuộc (2),Sentimen: Dari Orang Luar (2)
岗哨天使,崗哨天使,Sentinel,哨戒アンゲロス,보초아겔로스,Sentinelle,Wächter,Sentinella,Centinela,Sentinela,Часовой,เซน​ติ​เนล,Lính Canh,Sentinel
前哨基地,前哨基地,Sentry Base,前進拠点,전초기지,Base d'éclaireurs,Wachstation,Base sentinella,Base Centinela,Base de Sentinela,Дозорная база,ฐาน​เฝ้า​ระวัง,Căn Cứ Canh Gác,Pangkalan Jaga
哨戒塔,哨戒塔,Sentry Tower,哨戒塔,감시 타워,Tour sentinelle,Wachturm,Torretta sentinella,Torre de vigilancia,Torre de Sentinela,Сторожевая вышка,ป้อมรักษา​การณ์,Tháp Canh,Menara Jaga
哨戒塔模板,哨戒塔模板,Sentry Tower Template,哨戒塔の設計図,감시 타워 템플릿,Modèle de tour sentinelle,Vorlage: Wachturm,Schema: torretta sentinella,Molde de la Torre de vigilancia,Gabarito de Torre de Sentinela,Шаблон сторожевой вышки,เทม​เพล​ต​ป้อมรักษา​การณ์,Mẫu Tháp Canh,Templat Menara Jaga
拆解机,拆解機,Separating Unit,解体機,분해기,Unité de séparation,Zerlegeeinheit,Unità di separazione,Unidad de separación,Unidade de Separação,Модуль разделения,ยู​นิต​แยกส่วน,Máy Phân Tách,Unit Pemisah
拆解机模板,拆解機模板,Separating Unit Template,解体機の設計図,분해기 템플릿,Modèle d'unité de séparation,Vorlage: Zerlegeeinheit,Schema: unità di separazione,Molde de la Unidad de separación,Gabarito de Unidade de Separação,Шаблон модуля разделения,เทม​เพล​ต​ยู​นิต​แยกส่วน,Mẫu Máy Phân Tách,Templat Unit Pemisah
拆解机 - 气液模式,拆解機 - 氣液模式,Separating Unit: Gas & Fluid Mode,解体機 - ガス&液体モード,분해기 - 기체 · 액체 모드,Unité de séparation : mode Gaz & Fluide,Zerlegeeinheit: Gas- und Flüssigkeitsmodus,Unità di separazione: modalità gas e liquido,Unidad de separación: Modo gas y fluido,Unidade de Separação: Modo de Gás e Fluido,Модуль разделения: газожидкостный режим,ยู​นิต​แยกส่วน​: โหม​ด​ก๊าซ​และ​ของเหลว,Máy Phân Tách: Chế Độ Khí & Lỏng,Unit Pemisah: Mode Gas & Cairan
分离芯,分離芯,Separator Core,分離コア,분리 필터,Noyau séparateur,Separatorkern,Nucleo separatore,Núcleo separador,Núcleo Separador,Ядро сепаратора,แกน​ตัว​แยก,Lõi Phân Tách,Inti Pemisah
安思园,安思園,Serenity Garden,安思園,안사원,Jardin de la sérénité,Garten der Klarheit,Giardino della serenità,Jardín de la Serenidad,Jardim da Serenidade,Сад спокойствия,สวน​แห่ง​ความสงบ,Vườn Tĩnh Lặng,Taman Hening
重度能量淤积点 - 一,重度能量淤積點 - 一,Severe Energy Alluvium (1),"重度<p=""ちょういき"" padding=0>超域</p>活性点 - 1",고위 에너지 응집점 - 1,Alluvion d'énergie intense (1),Schweres Energie-Alluvium (1),Sedimento energetico ostico (1),Aluvión energético severo (1),Aluvião de Energia Severo (1),Сильный аллювий энергии (1),อัล​ลู​เวีย​ม​พลังงาน​รุนแรง​ (1),Năng Lượng Bồi Tích Dữ Dội (1),Aluvium Energi Parah (1)
重度能量淤积点 - 二,重度能量淤積點 - 二,Severe Energy Alluvium (2),"重度<p=""ちょういき"" padding=0>超域</p>活性点 - 2",고위 에너지 응집점 - 2,Alluvion d'énergie intense (2),Schweres Energie-Alluvium (2),Sedimento energetico ostico (2),Aluvión energético severo (2),Aluvião de Energia Severo (2),Сильный аллювий энергии (2),อัล​ลู​เวีย​ม​พลังงาน​รุนแรง​ (2),Năng Lượng Bồi Tích Dữ Dội (2),Aluvium Energi Parah (2)
污水,汙水,Sewage,汚水,오염수,Eaux usées,Schmutzwasser,Acque reflue,Aguas residuales,Esgoto,Отработанная вода,น้ำเสีย,Nước Thải,Limbah Cair
污水存放点,汙水存放點,Sewage Storage,汚水貯蔵スポット,오염수 보관 지점,Réserve d'eaux usées,Schmutzwasser-Lager,Stoccaggio di acque reflue,Almacenamiento de Aguas residuales,Armazenamento de Esgoto,Хранилище отработанной воды,ที่เก็บ​น้ำเสีย,Lưu Trữ Nước Thải,Penyimpanan Limbah Cair
塞什卡风肉排,塞什卡風肉排,Seš'qa Style Fillet,セシュカ風ステーキ,세쉬카풍 스테이크,Filet à la Seš'qa,Seš’qa-Filet,Filetto alla Seš'qamam,Filete estilo Seš'qa,Filé à Moda Seš'qa,Стейк а-ля Сеш’ка,เนื้อ​ปลาส​ไตล์​เซ​ช​กา,Phi Lê Kiểu Seš'qa,Filet Ala Seš’qa
塞什卡髀石货组,塞什卡髀石貨組,Seš'qamam Knucklebones [pkg],セシュカ製のアシュクセット,세쉬카 동물 뼈 상품군,Osselets Seš'qamams [colis],Seš’qarier-Knöchel [Paket],Astragali dei Seš'qamam (pacco),Nudillos de Seš'qamam [paq.],Ossos dos Dedos Seš'qanos [pct],Набор для сеш’камамской игры [упак.],หมากเก็บ​เซ​ซ​กา​มัม​ [แพ็ก​],Xương Khuỷu Seš'qa [bộ],Tulang Kaki Seš’qamam [pkt]
残影露滴,殘影露滴,Shadow Dew,残影の露,잔영의 이슬 방울,Ombre de rosée,Schattentau,Rugiada d'ombra,Rocío sombrío,Orvalho Sombrio,Теневая роса,น้ำค้าง​เงา,Sương Ảnh,Embun Bayangan
幽径隧洞,幽徑隧洞,Shadow Tunnel,密かな洞窟,유경 동굴,Tunnel des ombres,Schattentunnel,Tunnel delle ombre,Túnel sombrío,Túnel das Sombras,Теневой туннель,อุโมงค์​เงา,Đường Hầm Bóng Tối,Terowongan Bayangan
破影,破影,Shadowbreak,影を破る,찢어발긴 그림자,Évasion de l'ombre,Schattenbruch,Fuga dall'ombra,Ruptura de sombras,Romper das Sombras,Разрыв тени,ทลาย​เงามืด,Phá Ảnh,Pelepas Bayangan
山水墨成,山水墨成,Shanshui Painting,水墨山水,먹빛에 담은 산수,Peinture shanshui,Shanshui-Malerei,Dipinto shan shui,Pintura de Shanshui,Pintura Shanshui,Пейзаж Шаньшуй,ภาพ​ขุนเขา​และ​สายน้ำ,Sơn Thủy Mặc Họa,Lukisan Shanshui
共享设备,共享設備,Shared Facility,共有設備,공용 설비,Installation partagée,Geteilte Anlage,Struttura condivisa,Instalación compartida,Instalação Compartilhada,Общее сооружение,สิ่งปลูกสร้าง​ใช้​ร่วมกัน,Công Trình Chung,Fasilitas Kolektif
共享设备的来源,共享設備的來源,Shared Facility: Sources,共有設備の出所,공용 설비의 출처,Installation partagée : sources,Geteilte Anlage: Quellen,Struttura condivisa: fonti,Instalación compartida: fuentes,Instalação Compartilhada: Origens,Общее сооружение: источник,สิ่งปลูกสร้าง​ใช้​ร่วมกัน​: แหล่งที่มา,Công Trình Chung: Nguồn,Fasilitas Kolektif: Sumber
共享设备的稳定度,共享設備的穩定度,Shared Facility: Stability,共有設備の安定度,공용 설비의 안정도,Installation partagée : stabilité,Geteilte Anlage: Stabilität,Struttura condivisa: stabilità,Instalación compartida: estabilidad,Instalação Compartilhada: Estabilidade,Общее сооружение: устойчивость,สิ่งปลูกสร้าง​ใช้​ร่วมกัน​: ความมั่นคง,Công Trình Chung: Độ Ổn Định,Fasilitas Kolektif: Stabilitas
关于梦境的分享,關於夢境的分享,Shared Musings of a Dream,夢についての記録,꿈에 대한 공유,Rêveries partagées,Gedanken zu einem Traum,Riflessioni condivise di un sogno,Reflexiones compartidas de un sueño,Reflexões Compartilhadas de um Sonho,Общие грезы,บันทึก​ฝัน​ร่วม​แบ่งปัน,Suy Tư Chung Của Một Giấc Mơ,Renungan Bersama dari Sebuah Mimpi
崩碎斧刃,崩碎斧刃,Shattered Axe Blade,崩砕の斧,산산조각 난 도끼날,Lame de hache brisée,Zerschmetterte Axtklinge,Lama d'ascia infranta,Hoja de hacha destrozada,Lâmina de Machado Fragmentada,Расколотое лезвие топора,ใบ​ขวาน​ที่​แตกสลาย,Lưỡi Rìu Vỡ Nát,Bilah Kapak Pecah
破碎边界,破碎邊界,Shattered Fringe,破砕辺境,파괴된 경계,Bordure dévastée,Zersplittertes Grenzgebiet,Margine infranto,Lindero fracturado,Fronteira Fragmentada,Расколотый Предел,ชายขอบ​ที่​แตกสลาย,Vùng Rìa Vỡ Nát,Tepian Runtuh
现实迸裂,現實迸裂,Shattering of Reality,現実崩壊,현실 붕괴,Réalité brisée,Das Zerbrechen der Realität,Realtà infranta,Fragmentación de la realidad,Fragmentação da Realidade,Раскол реальности,ความเป็นจริง​แตกสลาย,Hiện Thực Tan Vỡ,Hancurnya Realitas
护盾,護盾,Shield,シールド,보호,Bouclier,Schild,Scudo,Escudo,Escudo,Щит,โล่,Khiên,Perisai
文明的坚盾,文明的堅盾,Shield of Civilization,文明の盾,문명의 방패,Bouclier de la civilisation,Schild der Zivilisation,Scudo della civiltà,Escudo de la civilización,Escudo da Civilização,Щит цивилизации,โล่​แห่ง​อารยธรรม,Lá Chắn Văn Minh,Perisai Peradaban
坚实后盾,堅實後盾,Shield to Fall Back On,後ろ盾,든든한 지원,Un bouclier sur lequel compter,Verlässlicher Schild,Uno scudo su cui poter contare,Escudo sobre el que apoyarse,Escudo de Apoio,Надежный щит,โล่​ให้​พึ่งพา,Khiên Chắn Yểm Trợ,Perisai Penopang
流光庆时十连凭证,流光慶時十連憑證,Shimmering Moment 10×Permit,「輝きの瞬間」10回スカウト券,반짝임의 순간 헤드헌팅 10회 허가증,Permis Moment chatoyant ×10,„Moment des Glänzens“-10er-Genehmigung,Permesso CT-10: Momento scintillante,Permiso x10 de Momento resplandeciente,Permissão 10× Momento Brilhante,Разрешение х10 «Блистательный миг»,ใบอนุญาต​ช่วงเวลา​วิบวับ​×10,Vé Khoảnh Khắc Lung Linh ×10,Surat Izin 10× Momen Gemilang
流光庆时调用凭证,流光慶時調用憑證,Shimmering Moment Designation Permit,「輝きの瞬間」招集券,반짝임의 순간 호출 허가증,Permis de désignation du Moment chatoyant,„Moment des Glänzens“-Zuweisungsgenehmigung,Permesso di selezione: Momento scintillante,Permiso de designación de Momento resplandeciente,Permissão para Designação Momento Brilhante,Разрешение на выбор «Блистательный миг»,ใบอนุญาต​รับรอง​ช่วงเวลา​วิบวับ,Vé Chỉ Định Khoảnh Khắc Lung Linh,Surat Izin Penetapan Momen Gemilang
流光庆时寻访凭证,流光慶時尋訪憑證,Shimmering Moment HH Permit,「輝きの瞬間」スカウト券,반짝임의 순간 헤드헌팅 허가증,Permis REC Moment chatoyant,„Moment des Glänzens“-RK-Genehmigung,Permesso CT: Momento scintillante,Permiso de C.R. de Momento resplandeciente,Permissão para CT Momento Brilhante,Разрешение на наем «Блистательный миг»,ใบอนุญาต​ HH ช่วงเวลา​วิบวับ,Vé Chiêu Mộ Khoảnh Khắc Lung Linh,Surat Izin HH Momen Gemilang
流光庆时信物补给,流光慶時信物補給,Shimmering Moment Token Supply,「輝きの瞬間」印補給,반짝임의 순간 증표 보급,Approvisionnement en jetons du Moment chatoyant,„Moment des Glänzens“-Tokenvorrat,Scorta di gettoni: Momento scintillante,Suministro de fichas de Momento resplandeciente,Suprimento de Símbolos Momento Brilhante,Ящик жетонов «Блистательный миг»,ซัพ​พลาย​โท​เคน​ช่วงเวลา​วิบวับ,Gói Tín Vật Khoảnh Khắc Lung Linh,Suplai Token Momen Gemilang
震撼美味！,震撼美味！,Shockingly Delish!,震撼美味！,충격적인 맛!,Délice choquant,Schockierend köstlich!,Sorprendentemente squisito!,¡Electrizantemente delicioso!,Incrivelmente Delicioso!,Потрясающе вкусно!,อร่อย​จน​ช็อก​!,Ngon Tê Tái!,Luar Biasa Lezat!
岸窟营地,岸窟營地,Shorecove Camp,岸窟野営地,강변 동굴 캠프,Camp de Criquerive,Uferbucht-Camp,Accampamento della baia,Campamento Shorecove,Acampamento Shorecove,Береговой лагерь,ค่าย​ถ้ำ​ริมหาด,Doanh Trại Ven Bờ,Kamp Teluk Pantai
粉碎机,粉碎機,Shredding Unit,粉砕機,분쇄기,Unité de concassage,Zerkleinerungseinheit,Unità di frantumazione,Unidad de triturado,Unidade de Trituração,Модуль перемалыв.,ยู​นิต​บด​ย่อย,Máy Nghiền Vụn,Unit Pencacah
粉碎机模板,粉碎機模板,Shredding Unit Template,粉砕機の設計図,분쇄기 템플릿,Modèle d'unité de concassage,Vorlage: Zerkleinerungseinheit,Schema: unità di frantumazione,Molde de la Unidad de triturado,Gabarito de Unidade de Trituração,Шаблон модуля перемалывания,เทม​เพล​ต​ยู​นิต​บด​ย่อย,Mẫu Máy Nghiền Vụn,Templat Unit Pencacah
含羞草,含羞草,Shy Shy No Touchy,オジギソウ,미모사,"Pas touche, je suis timide",Anfassen verboten,Timidezza cronica,Prohibido tocar: timidez extrema,"Tímida Demais, Não Encoste",Никакого баловства,เ​ขิ​นๆ​ อย่า​แตะ,"Ngại Ngùng, Đừng Đụng",Malu-Malu Jangan Sentuh
破城者拳甲,破城者拳甲,Siegeknuckles Gauntlets,攻城者のガントレット,파괴자의 권갑,Gantelets de phalange de siège,Belagerungsfaust-Fingerhandschuhe,Coprimani di noccassalto,Guanteletes rompeasedios,Manoplas de Socador,Рукавицы осадного кастетчика,ถุงมือ​เกราะ​หมัด​แห่ง​ป้อมปราการ,Giáp Tay Công Thành,Gauntlet Siegeknuckle
清炖息壤球,清燉息壤球,Simmered Xiranite Ball,息壌肉団子スープ,삶은 식양 완자,Boulettes de xiranite mijotées,Gekochte Xiranit-Bällchen,Sfera di xiranite sobbollita,Bola de xiranita cocida a fuego lento,Bola de Xiranita Fervida,Ксиранитовая фрикаделька,ลูก​ซี​เรน​ไนต์​ตุ๋น,Thịt Viên Xiranite Hầm,Bakso Xiranite Rebus
塞梦珂披巾,塞夢珂披巾,Simonch Shawl,シモンクのショール,사이몬크 머플러,Châle de Simonch,Simonch-Schal,Scialle di Simonch,Mantón Simonch,Xale Simonch,Шаль из Симонча,ผ้าคลุมไหล่​ซิม​อ​น​ช์,Khăn Choàng Simonch,Selendang Simonch
简易镇痛药膏,簡易鎮痛藥膏,Simple Pain Relief Salve,即席鎮痛軟膏,간편 진통 연고,Onguent apaisant simple,Einfache Schmerzsalbe,Rimedio antidolorifico semplice,Ungüento simple para aliviar el dolor,Pomada Simples para Alívio da Dor,Простая обезболивающая мазь,ยาแก้ปวด​ธรรมดา,Thuốc Giảm Đau Đơn Giản,Salep Sederhana Pereda Nyeri
模拟空间,模擬空間,Simulation,模擬空間,시뮬레이션 공간,Simulation,Simulation,Simulazione,Simulación,Simulação,Симуляция,การจำลอง,Mô Phỏng,Simulasi
虔诚,虔誠,Sincerity of Faith,敬虔,신앙심,Foi sincère,Aufrichtiger Glaube,Purezza della fede,Sinceridad de Fe,Sinceridade da Fé,Искренняя вера,ศรัทธา​อัน​บริสุทธิ์,Tấm Lòng Thành Kính,Ketulusan Iman
老站长的安全帽,老站長的安全帽,Site Director's Helmet,現場主任のヘルメット,소장의 안전모,Casque de directeur du site,Helm des Direktors,Casco del capocantiere,Casco del director del sitio.,Capacete do Diretor do Local,Шлем директора объекта,หมวก​กัน​น็อค​ผู้อำนวยการ​ไซต์,Mũ Bảo Hiểm của Đốc Công,Helm Direktur Lokasi
写生者的通信记录,寫生者的通訊紀錄,Sketcher's Communication Log,写生する人の通信記録,그림 그리는 사람의 통신 기록,Journal de communication de l'artiste,Kommunikationslog des Zeichners,Registro delle comunicazioni del disegnatore,Registro de comunicación del dibujante,Log de Comunicação do Desenhista,Журнал связи рисовальщика,บันทึก​การสื่อสาร​ของ​นัก​วาดภาพ,Nhật Ký Giao Tiếp Của Người Phác Thảo,Log Komunikasi Pembuat Sketsa
写生者的疑惑,寫生者的疑惑,Sketcher's Confusion,写生する人の疑問,그림 그리는 사람의 의문,Confusion d'un artiste,Verwirrung eines Zeichners,Confusione del disegnatore,Confusión del dibujante,Confusão do Desenhista,Замешательство рисовальщика,ความ​สับสน​ของ​นัก​วาดภาพ,Sự Nhầm Lẫn Của Người Phác Thảo,Kebingungan Pembuat Sketsa
写生者的醒悟,寫生者的醒悟,Sketcher's Epiphany,写生する人の気づき,그림 그리는 사람의 깨달음,Révélation de l'artiste,Offenbarung des Zeichners,Illuminazione del disegnatore,Epifanía del dibujante,Epifania do Desenhista,Озарение рисовальщика,ความกระจ่าง​ของ​นัก​สเก็ตช์,Giác Ngộ Của Người Phác Thảo,Pencerahan Pembuat Sketsa
技能提升奖章,技能提升獎章,Skill Master,技能向上勲章,스킬 업그레이드 훈장,Maîtrise de compétence,Fertigkeitsmeisterung,Maestria abilità,Maestría de habilidades,Mestre da Habilidade,Мастер навыков,เจ้า​แห่ง​ทักษะ,Bậc Thầy Kỹ Năng,Penguasaan Skill
技力,技力,Skill Points (SP),戦技ポイント（SP）,스킬 게이지,Points de compétence (PC),Fertigkeitspunkte (FP),Punti abilità (PA),Puntos de habilidad (PH),Pontos de Habilidade (PH),Очки навыков (ОН),แต้ม​ทักษะ​ (SP),Điểm Kỹ Năng (Điểm KN),Poin Skill (SP)
技能提升自选箱,技能提升自選箱,Skill Up Selection Crate,スキル強化ボックス,스킬 업그레이드 선택 상자,Caisse de sélection d'amélioration des compétences,Fertigkeitsverbesserungs-Auswahlkiste,Cassa a scelta per potenziamento abilità,Caja de selección de Mej.de habil.,Caixote de Seleção de Upgrade de Habilidades,Ящик с выбором навыка+,ลัง​เลือก​การ​อัป​เกรด​ทักษะ,Thùng Lựa Chọn Nâng Cấp Kỹ Năng,Kerat Pilihan Kenaikan Skill
技能 - 战技,技能 - 戰技,Skill: Battle Skills,スキル - 戦技,스킬 - 배틀 스킬,Compétence : compétences de combat,Fertigkeit: Kampffertigkeiten,Abilità: abilità di combattimento,Habilidad: Habilidades de batalla,Habilidade: Habilidades de Batalha,Навыки: боевые навыки,ทักษะ​: ทักษะ​การต่อสู้,Kỹ năng: KN Chiến Đấu,Skill: Skill Tarung
技能 - 连携技,技能 - 連攜技,Skill: Combo Skills,スキル - 連携技,스킬 - 연계 스킬,Compétence : compétences de combo,Fertigkeit: Kombofertigkeiten,Abilità: abilità combo,Habilidad: Habilidades de combo,Habilidade: Combos de Habilidades,Навыки: комбонавыки,ทักษะ​: ทักษะ​คอม​โบ,Kỹ Năng: KN Liên Hoàn,Skill: Skill Kombo
技能 - 终结技,技能 - 終結技,Skill: Ultimates,スキル - 必殺技,스킬 - 궁극기,Compétence : ultimes,Fertigkeit: Ultimative Fertigkeiten,Abilità: abilità supreme,Habilidad: Máxima,Habilidade: Habilidades Supremas,Навыки: супернавыки,ทักษะ​: อัล​ติ​เมท,Kỹ Năng: Tuyệt Kỹ,Skill: Ultimate
巧径游光,Skipping Through Light,Skipping Through Light,Skipping Through Light,Skipping Through Light,Skipping Through Light,Skipping Through Light,Skipping Through Light,Skipping Through Light,Skipping Through Light,Skipping Through Light,Skipping Through Light,Skipping Through Light,Skipping Through Light
天王坪,天王坪,Sky King Flats,天王原,천왕 평지,Plaines du Roi des cieux,Himmelskönigebenen,Pianure del Re celeste,Llanuras del Rey Celestial,Planícies do Rei Celestial,Равнина Небесного Царя,ที่ราบ​ราชัน​แห่ง​ท้องฟ้า,Bình Nguyên Thiên Vương,Dataran Raja Langit
天鼓,天鼓,Skydrummer,天鼓,천고,Frappeciel,Himmelstrommler,Batticielo,Tamborilero celestial,Retumbador Celeste,Небесный барабанщик,มือ​กลอง​นภา,Người Gõ Trống Trời,Skydrummer
顶天梁,頂天梁,Skyhold Ridge,頂天梁,정천 다리,Crête céleste,Himmelsfestungs-kamm,Crinale del forte celeste,Cresta de Bastión Celestial,Cume das Nuvens,Небесный хребет,สันเขา​ครอง​นภา,Xà Chống Trời,Punggungan Topang Langit
重锤迫击炮,重錘迫擊炮,Sledgehammer Mortar,鉄槌迫撃砲,중추 박격포,Mortier lourd,Hammer-Mörser,Mortaio martellante,Mortero de mazo,Morteiro Marreta,Сокрушительная мортира,ปืนครก​ค้อน​ยักษ์,Súng Cối Búa Tạ,Meriam Mortir
重锤迫击炮模板,重錘迫擊炮模板,Sledgehammer Mortar Template,鉄槌迫撃砲の設計図,중추 박격포 템플릿,Modèle de mortier lourd,Vorlage: Hammer-Mörser,Schema: mortaio martellante,Molde de Mortero de mazo,Gabarito de Morteiro Marreta,Шаблон сокрушительной мортиры,เทม​เพล​ต​ปืนครก​ค้อน​ยักษ์,Mẫu Súng Cối Búa Tạ,Templat Meriam Mortir
缓速,緩速,Slow,スロー,감속,Lenteur,Verlangsamen,Rallentamento,Ralentizar,Lentidão,Замедление,ช้า,Chậm Chạp,Slow
虫肉,蟲肉,Slug Meat,虫肉,벌레의 고기,Viande de limace,Schneckenfilet,Carne di lumaca,Carne de babosa,Carne de Lesma,Мясо слизня,เนื้อ​ทาก,Thịt Sên,Daging Siput
排水闸,排水閘,Sluice Gate,排水レバー,배수문,Vanne de vidange,Schleusentor,Paratoia,Compuerta de desagüe,Comporta do Vertedouro,Шлюзовые ворота,ประตูระบายน้ำ,Van Xả,Pintu Air
不可使用排水闸的情况,不可使用排水閘的情況,Sluice Gate Usage Exceptions,排水レバーが使えない場合,배수문을 사용할 수 없는 상황,Exceptions d'utilisation de la vanne de vidange,Schleusentor-Nutzungsausnahmen,Eccezioni all'uso delle paratoie,Excepciones de uso de la compuerta de desagüe,Exceções de Uso da Comporta do Vertedouro,Исключения при использовании шлюзовых ворот,ข้อยกเว้น​การใช้งาน​ประตูระบายน้ำ,Ngoại Lệ Sử Dụng Van Xả,Pengecualian Penggunaan Pintu Air
小规格自动工具,小規格自動工具,Small Auto-Tools,小型整備ツール,소형 자동 도구,Petit auto-outil,Kleine Auto-Werkzeuge,Piccoli strumenti automatici,Herramientas automáticas pequeñas,Ferramentas Automáticas Pequenas,Маленькие автоинструменты,เครื่องมือ​อัตโนมัติ​ชุด​เล็ก,Công Cụ Tự Động Nhỏ,Alat Otomatis Kecil
智能歼灭奖章,智慧化殲滅獎章,Smart Annihilation,自動殲滅勲章,전략적 섬멸 훈장,Annihilation réfléchie,Geschickte Auslöschung,Annientamento intelligente,Aniquilación inteligente,Aniquilação Inteligente,Хитрое уничтожение,การสังหาร​อัน​ชาญฉลาด,Hủy Diệt Thông Minh,Pemusnahan Cerdas
烟熏饭团·升级,煙燻飯糰·升級,Smoked Riceball Upgrade,燻製おにぎり（強化）,훈제 주먹밥 · 업그레이드,Amélioration de boule de riz fumée,Verbesserung: Geräuchertes Reisbällchen,Potenziamento: onigiri affumicato,Mejora de bola de arroz ahumado,Upgrade de Bolinho de Arroz Defumado,Улучшение копченого рисового шарика,อัป​เกรด​ข้าว​ปั้น​รมควัน,Nâng Cấp Cơm Nắm Hun Khói,Upgrade untuk Nasi Kepal Asap
昼雪,晝雪,Snowshine,スノーシャイン,스노우샤인,Snowshine,Snowshine,Snowshine,Snowshine,Snowshine,Светоснежка,ส​โน​ว์​ไชน์,Snowshine,Snowshine
昼雪的信物,晝雪的信物,Snowshine's Token,スノーシャインの印,스노우샤인의 증표,Jeton de Snowshine,Snowshines Token,Gettone di Snowshine,Ficha de Snowshine,Símbolo de Snowshine,Жетон Светоснежки,โท​เคน​ของ​ส​โน​ว์​ไชน์,Tín Vật của Snowshine,Token Snowshine
晴雪天气,晴雪天氣,Snowy but Bright,雪晴れ,눈 오는 맑은 날,Neige lumineuse,Schneefall und Sonne,Luce tra la neve,Nevado pero brillante,"Nevado, mas Reluzente","Снежно, но светло",ขาวโพลน​แต่​เปล่งประกาย,Băng Giá Nhưng Rực Rỡ,Bersalju tapi Cerah
一张浸水的剪报,一張浸水的剪報,Soaked News Cutting,濡れた新聞の切り抜き,물에 젖은 신문 스크랩,Coupure de presse détrempée,Durchnässter Zeitungsausschnitt,Ritaglio di giornale fradicio,Recorte de periódico empapado,Recorte de Notícias Encharcado,Мокрая газетная вырезка,ข่าว​ตัด​ปะ​เปียก​น้ำ,Mẩu Tin Ướt Sũng,Potongan Koran Basah
龙腾,龍騰,Soaring Lung,昇龍,용의 비상,Ascension de la Lung,Aufsteigende Lung,Il salto della Lung,Lung en ascenso,Lung Voadora,Парящая лун,หลง​ทะยาน​ฟ้า,Phi Long,Lung Membubung
开工日肉汤,開工日肉湯,Sod-Turning Meat Soup,着工日の肉スープ,개업일 고깃국,Soupe à la viande de bêchage,Fleischsuppe zum ersten Spatenstich,Zuppa dell'operaio a base di carne,Sopa de carne deliciosa,Sopa de Carne Viragrama,Мясной суп «Первый камень»,ซุป​เนื้อ​สูตร​พลิกแผ่นดิน,Súp Thịt Xay Nhuyễn,Gulai Batu Pertama
开工日肉汤·升级,開工日肉湯·升級,Sod-Turning Meat Soup Upgrade,着工日の肉スープ（強化）,개업일 고깃국 · 업그레이드,Amélioration de la soupe à la viande de bêchage,Verbesserung: Fleischsuppe zum ersten Spatenstich,Potenziamento: zuppa dell'operaio a base di carne,Mejora de Sopa de carne deliciosa,Upgrade da Sopa de Carne Viragrama,Улучшение мясного супа «Первый камень»,อัป​เกรด​ซุป​เนื้อ​สูตร​พลิกแผ่นดิน,Nâng Cấp Súp Thịt Xay Nhuyễn,Upgrade untuk Gulai Batu Pertama
被打湿的“汤汤券”,被打濕的「湯湯券」,"Soggy ""Tangtang Cert""",濡れた「タンタン券」,젖어 버린 '탕탕의 죽패',« Certif de Tangtang » humide,Feuchtes „Tangtang-Zerti“,"""Certificato di Tangtang"" bagnato",“Certificado Tangtang” empapado,"""Certificado de Tangtang"" encharcado",Промокший сертификат Тантан,"""ใบรับรอง​ถัง​ถัง​"" เปียกชุ่ม","""Chứng Nhận Tangtang"" Ướt Nhẹp",“Sertifikat Tangtang” yang Basah
生之泥壤,Soils of Life,Soils of Life,Soils of Life,Soils of Life,Soils of Life,Soils of Life,Soils of Life,Soils of Life,Soils of Life,Soils of Life,Soils of Life,Soils of Life,Soils of Life
固气转化机,固氣轉化機,Solid-Gas Transmuting Unit,ガス固体転換機,고체 · 기체 전환기,Unité de transmutation solide-gaz,Feststoff-Gas-Transmutations-einheit,Unità di trasmutazione solido-gas,Unidad de transmutación sólido-gas,Unidade de Transmutação Sólido-Gás,Модуль твердотельно-газового видоизменения,ยู​นิต​แปรสภาพ​ของแข็ง​-​ก๊าซ,Máy Chuyển Hóa Khí Rắn,Unit Transmutasi Padat-Gas
固气转化机模板,固氣轉化機模板,Solid-Gas Transmuting Unit Template,ガス固体転換機の設計図,고체 · 기체 전환기 템플릿,Modèle d'unité de transmutation solide-gaz,Vorlage: Feststoff-Gas-Transmutationseinheit,Schema: unità di trasmutazione solido-gas,Molde de Unidad de transmutación sólido-gas,Gabarito de Unidade de Transmutação Sólido-Gás,Шаблон модуля твердотельно-газового видоизменения,เทม​เพล​ต​ยู​นิต​แปรสภาพ​ของแข็ง​-​ก๊าซ,Mẫu Máy Chuyển Hóa Khí Rắn,Templat Unit Transmutasi Padat-Gas
激活端口 - 固气转化机,啟動口 - 固氣轉化機,Solid-Gas Transmuting Unit: Activation Port,起動接続口 - ガス固体転換機,활성화 포트 - 고체 · 기체 전환기,Unité de transmutation solide-gaz : port d'activation,Feststoff-Gas-Transmutationseinheit: Aktivierungs-Port,Unità di trasmutazione solido-gas: porta di attivazione,Unidad de transmutación sólido-gas: Puerto de activación,Unidade de Transmutação Sólido-Gás: Porta de Ativação,Модуль твердотельно-газового видоизменения: порт активации,ยู​นิต​แปรสภาพ​ของแข็ง​-​ก๊าซ​: พอร์ต​เปิด​ใช้งาน,Máy Chuyển Hóa Khí Rắn: Cổng Kích Hoạt,Unit Transmutasi Padat-Gas: Porta Aktivasi
索斯的手记,索斯的手記,Soth's Notes,ソスの手記,소스의 일지,Notes de Soth,Soths Notizen,Appunti di Soth,Notas de Soth,Notas de Soth,Заметки Сота,บันทึก​ของ​โซ​ธ,Ghi Chú Của Soth,Catatan Soth
金色基质的获取,金色基質的獲得,Source of Gold Essences,金色の基質,노란색 기질 획득,Source des essences d'or,Quelle von Gold-Essenzen,Fonte di essenze oro,Fuente de esencias de oro,Origem das Essências de Ouro,Источник золотой эссенции,แหล่งที่มา​ของ​แก่นแท้​ทองคำ,Nguồn Gốc Của Tinh Chất Vàng,Sumber Esensi Emas
南谷旧垣,南谷舊垣,South Gorge Rampart,谷南の旧跡,남쪽 골짜기 옛 방벽,Rempart de la gorge méridionale,Südschluchtwall,Bastione della gola sud,Muralla del desfiladero sur,Muralha do Desfiladeiro Sul,Бастион южного ущелья,กำแพง​หุบเขา​ทางใต้,Lũy Hẻm Núi Phía Nam,Benteng Ngarai Selatan
南山,南山,South Hill,南山,남산,Colline australe,Südhügel,Collina Sud,Colina Sur,Colina Sul,Южный холм,เนินเขา​ทางใต้,Đồi Nam,Bukit Selatan
南部草甸,南部草甸,Southern Meadows,南芝原,남쪽 초원,Prairies australes,Südliche Auen,Prati a sud,Prados del sur,Prados do Sul,Южные луга,ทุ่งหญ้า​ทางใต้,Đồng Cỏ Phía Nam,Padang Rumput Selatan
返还技力,返還技力,SP Return,戦技ポイント（SP）の返還,스킬 게이지 반환,Restitution de PC,FP-Rückerstattung,Restituzione PA,Ret. de PH,Devolução de PH,Возврат ОН,SP ที่​ได้คืน,Điểm KN Hoàn Trả,Pengembalian SP
璀璨的大结核,璀璨的大結核,Sparkling Nodule [L],まばゆい大晶核,찬란 대결핵,Nodule scintillant [G],Funkelnder Nodulus [L],Nodulo scintillante (L),Nódulo brillante [G],Nódulo Brilhante [G],Сверкающее отложение [бол.],ก้อน​ผลึก​ประกาย​ [L],Hạch Lấp Lánh [Lớn],Nodul Gemerlap [L]
璀璨的中结核,璀璨的中結核,Sparkling Nodule [M],まばゆい中晶核,찬란 중결핵,Nodule scintillant [M],Funkelnder Nodulus [M],Nodulo scintillante (M),Nódulo brillante [M],Nódulo Brilhante [M],Сверкающее отложение [ср.],ก้อน​ผลึก​ประกาย​ [M],Hạch Lấp Lánh [Trung],Nodul Gemerlap [M]
璀璨的小结核,璀璨的小結核,Sparkling Nodule [S],まばゆい小晶核,찬란 소결핵,Nodule scintillant [P],Funkelnder Nodulus [S],Nodulo scintillante (S),Nódulo brillante [P],Nódulo Brilhante [P],Сверкающее отложение [мал.],ก้อน​ผลึก​ประกาย​ [S],Hạch Lấp Lánh [Nhỏ],Nodul Gemerlap [S]
璀璨的大结核,璀璨的大結核,Sparkling Nodule L,まばゆい大晶核,찬란 대결핵,Nodule scintillant G,Funkelnder Nodulus L,Nodulo scintillante L,Nódulo brillante G,Nódulo Brilhante G,Сверкающее отложение бол.,ก้อน​ผลึก​ประกาย​ L,Hạch Lấp Lánh Lớn,Nodul Gemerlap L
璀璨的中结核,璀璨的中結核,Sparkling Nodule M,まばゆい中晶核,찬란 중결핵,Nodule scintillant M,Funkelnder Nodulus M,Nodulo scintillante M,Nódulo brillante M,Nódulo Brilhante M,Сверкающее отложение ср.,ก้อน​ผลึก​ประกาย​ M,Hạch Lấp Lánh Trung,Nodul Gemerlap M
璀璨的小结核,璀璨的小結核,Sparkling Nodule S,まばゆい小晶核,찬란 소결핵,Nodule scintillant P,Funkelnder Nodulus S,Nodulo scintillante S,Nódulo brillante P,Nódulo Brilhante P,Сверкающее отложение мал.,ก้อน​ผลึก​ประกาย​ S,Hạch Lấp Lánh Nhỏ,Nodul Gemerlap S
专用能量电池,專用能量電池,Special Energy Battery,専用バッテリー,전용 에너지 배터리,Batterie à énergie spéciale,Spezial-Energiebatterie,Batteria speciale,Batería especial de energía,Bateria Especial,Особая батарея,แบตเตอรี่​พลังงาน​พิเศษ,Pin Năng Lượng Đặc Biệt,Baterai Energi Spesial
罐装施术单元,罐裝施術單元,Specimen: Arts Unit,密封アーツユニット,액침 표본: 아츠 유닛,Spécimen : unité des Arts,Probe: Tech-Einheit,Campione: Unità delle Arti,Espécimen: Unidad de las Artes,Espécime: Unidade de Artes,Образец: модуль искусств,ตัวอย่าง​: ยู​นิต​เวท,Mẫu Vật: Đơn Vị Thuật Pháp,Spesimen: Unit Arts
罐装天体,罐裝天體,Specimen: Astronomical Object,密封天体,액침 표본: 천체,Spécimen : objet astronomique,Probe: Astronomisches Objekt,Campione: Oggetto celeste,Espécimen: objeto Astronómico,Espécime: Objeto Astronômico,Образец: астрономический объект,ตัวอย่าง​: วัตถุ​ทาง​ดาราศาสตร์,Mẫu Vật: Vật Thể Thiên Văn,Spesimen: Objek Astronomi
罐装侵蚀甲片,罐裝侵蝕甲片,Specimen: Blighted Armorscale,密封侵蝕防護板,액침 표본: 침식 갑판,Spécimen : armure gangrénée,Probe: Verderbte Panzerschuppe,Campione: Armatura contaminata,Espécimen: escama blindada contaminada,Espécime: Escama de Armadura Contaminada,Образец: моровая броня,ตัวอย่าง​: เกราะ​สเกล​ไบ​ล​ท์,Mẫu Vật: Vảy Giáp Nhiễm Khuẩn,Spesimen: Sisik Armor Hawar
罐装血尘,罐裝血塵,Specimen: Blood Dust,密封血塵,액침 표본: 잔흔,Spécimen : poussière sanglante,Probe: Blutstaub,Campione: Polvere di sangue,Espécimen: polvo de sangre,Espécime: Poeira de Sangue,Образец: кровавая пыль,ตัวอย่าง​: ฝุ่น​โลหิต,Mẫu Vật: Bụi Huyết,Spesimen: Debu Darah
罐装死寂献花,罐裝死寂獻花,Specimen: Blossom of Deathly Silence,密封無言の花,액침 표본: 고요의 헌화,Spécimen : fleur de silence mortel,Probe: Blüte der Tödlichen Stille,Campione: Bocciolo del silenzio tombale,Espécimen: flor de silencio mortal,Espécime: Flor do Silêncio Mortal,Образец: цветок гробовой тишины,ตัวอย่าง​: ดอกไม้​แห่ง​ความ​เงียบงัน​อัน​ตาย​สิ้น,Mẫu Vật: Đóa Hoa Im Lặng Chết Chóc,Spesimen: Bunga Kesunyian Mencekam
罐装轰炸信标,罐裝轟炸信標,Specimen: Bombardment Beacon,密封爆撃ビーコン,액침 표본: 폭격 신호기,Spécimen : balise de bombardement,Probe: Bombardierungstracker,Campione: Segnalatore di bombardamento,Espécimen: baliza de bombardeo,Espécime: Sinalizador de Bombardeio,Образец: маячок бомбардировки,ตัวอย่าง​: บี​คอน​ระดม​ยิง,Mẫu Vật: Đèn Tín Hiệu Oanh Tạc,Spesimen: Suar Pandu Bombardir
罐装碾骨布偶,罐裝碾骨布偶,Specimen: Bonekrusher Dolls,密封ボーンクラッシャーの人形,액침 표본: 본 크러셔 인형,Spécimen : poupées Broyeur d'os,Probe: Knochenbrecher-Puppen,Campione: Bambole Spacca-Ossa,Espécimen: muñecas Rompehuesos,Espécime: Bonecos Quebra-Ossos,Образец: куклы Костоломов,ตัวอย่าง​: ตุ๊กตา​โบน​ค​รัช​เชอร์,Mẫu Vật: Búp Bê Bonekrusher,Spesimen: Boneka Bonekrusher
罐装面包,罐裝麵包,Specimen: Bread,密封パン,액침 표본: 빵,Spécimen : pain,Probe: Brot,Campione: Pane,Espécimen: pan,Espécime: Pão,Образец: хлеб,ตัวอย่าง​: ขนมปัง,Mẫu Vật: Bánh Ngọt,Spesimen: Roti
罐装DELTA天使,罐裝DELTA天使,Specimen: DELTA Aggelos,密封DELTA型アンゲロス,액침 표본: 델타 아겔로스,Spécimen : Aggelos DELTA,Probe: DELTA-Aggelos,Campione: Aggelos DELTA,Espécimen: Aggelos DELTA,Espécime: Aggelos DELTA,Образец: дельта-аггел,ตัวอย่าง​: แอง​เกลอ​ย​ เดล​ต้า,Mẫu Vật: Aggeloi DELTA,Spesimen: Aggelos DELTA
罐装巢雕残片,罐裝巢雕殘片,Specimen: Denstack Fragment,密封巣彫の破片,액침 표본: 지옥의 용광로 파편,Spécimen : fragment de flambe,Probe: Denstack-Fragment,Campione: Frammento di catasta,Espécimen: fragmento de Denstack,Espécime: Fragmento de Fornalha,Образец: фрагмент гнилотрубы,ตัวอย่าง​: เศษ​เดน​ส​แ​ท็​ค,Mẫu Vật: Mảnh Lò Đốt,Spesimen: Fragmen Denstack
罐装源石树枝,罐裝源石樹枝,Specimen: Originium Branch,密封源石の枝,액침 표본: 오리지늄 나뭇가지,Spécimen : branche d'originium,Probe: Originium-Zweige,Campione: Ramo di Originium,Espécimen: rama de Originio,Espécime: Galho de Originium,Образец: ориджиниевая ветвь,ตัวอย่าง​: กิ่ง​ออ​ริ​จิ​เนียม,Mẫu Vật: Nhánh Originium,Spesimen: Cabang Originium
罐装源石簇,罐裝源石簇,Specimen: Originium Formation,密封源石クラスター,액침 표본: 오리지늄 덩이,Spécimen : formation d'originium,Probe: Originium-Vorkommen,Campione: Formazione di Originium,Espécimen: formación de Originio,Espécime: Formação de Originium,Образец: залежи ориджиния,ตัวอย่าง​: การ​ก่อตัว​ของ​ออ​ริ​จิ​เนียม,Mẫu Vật: Hình Thái Originium,Spesimen: Formasi Originium
罐装工具组,罐裝工具組,Specimen: Toolkit,密封マルチツール,액침 표본: 다용도 공구,Spécimen : trousse à outils,Probe: Werkzeugkasten,Campione: Multiutensile,Espécimen: kit de herramientas,Espécime: Kit de Ferramentas,Образец: набор инструментов,ตัวอย่าง​: ชุด​เครื่องมือ,Mẫu Vật: Bộ Dụng Cụ,Spesimen: Set Alat
罐装充气教授,罐裝充氣教授,Specimen: Tube Professor,密封バルーン教授,액침 표본: 풍선 교수,Spécimen : professeur gonflable,Probe: Röhrchen-Professor,Campione: Professor Tubo,Espécimen: profesor de tuberías,Espécime: Professor de Tubos,Образец: надувной профессор,ตัวอย่าง​: ศาสตราจารย์​ท่อ,Mẫu Vật: Giáo Sư Ống,Spesimen: Profesor Tabung
异彩斑斓十连凭证,異彩斑斕十連憑證,Spectral Splendor 10×Permit,「異彩煌々」10回スカウト券,색채의 향연 헤드헌팅 10회 허가증,Permis Splendeur spectrale ×10,10er-Geisterhafter-Glanz-Genehmigung,Permesso CT-10: Splendore spettrale,Permiso de Esplendor espectral x10,Permissão 10× de Esplendor Espectral,Разрешение на наем х10 «Призрачное величие»,ใบอนุญาต​ความงดงาม​ของ​ภูติผีปีศาจ​×10,Vé Huyền Quang ×10,Surat Izin 10× Keindahan Spektrum
异彩斑斓寻访凭证,異彩斑斕尋訪憑證,Spectral Splendor HH Permit,「異彩煌々」スカウト券,색채의 향연 헤드헌팅 허가증,Permis REC Splendeur spectrale,„Geisterhafter Glanz“-RK-Genehmigung,Permesso CT: Splendore spettrale,Permiso de C.R. de Esplendor espectral,Permissão para CT de Esplendor Espectral,Разрешение на наем «Призрачное величие»,ใบอนุญาต​ HH ความงดงาม​ของ​ภูติผีปีศาจ,Vé Chiêu Mộ Huyền Quang,Surat Izin HH Keindahan Spektrum
分流器,分流器,Splitter,分流器,분류기,Séparateur,Teiler,Separatore,Divisor,Divisor,Разделитель,ตัว​แยก​สาย,Van Tách,Pembagi
分流器 - 一,分流器 - 一,Splitter (1),分流器 - 1,분류기 - 1,Séparateur (1),Teiler (1),Separatore (1),Divisor (1),Divisor (1),Разделитель (1),ตัว​แยก​สาย​ (1),Van Tách (1),Pembagi (1)
分流器 - 二,分流器 - 二,Splitter (2),分流器 - 2,분류기 - 2,Séparateur (2),Teiler (2),Separatore (2),Divisor (2),Divisor (2),Разделитель (2),ตัว​แยก​สาย​ (2),Van Tách (2),Pembagi (2)
百眼彪兽,百眼彪獸,Spotted Rakerbeast,百眼彪獣,백안의 레이커비스트,Ratisseur tacheté,Gefleckte Wüstlingsbestie,Rastrobestia maculata,Bestia rastrera manchada,Rastejante Pintado,Пятнистый хитрый зверь,เร​เกอร์​บี​ส​ต์​ลาย​จุด​ที่​ถูก​พบ,Quái Cào Đốm,Rakerbeast Tutul
春时酥点（福）,春時酥點（福）,Springfest Pastry (Fortune),春のお菓子（福）,봄을 담은 과자(행운),Pâtisserie de la fête du Printemps (Chance),Frühlingsfestgebäck (Glück),Dolce del Festival della primavera (fortuna),Bollo del Festival de Primavera (Fortuna),Bolo do Festival da Primavera (Fortuna),Весенние сладости (удача),ขนม​เทศกาล​ฤดูใบไม้ผลิ​ (โชคดี​),Bánh Mừng Xuân (Lộc),Pastri Festival Musim Semi (Keberuntungan)
春时酥点（喜）,春時酥點（喜）,Springfest Pastry (Joy),春のお菓子（喜）,봄을 담은 과자(행복),Pâtisserie de la fête du Printemps (Joie),Frühlingsfestgebäck (Freude),Dolce del Festival della primavera (gioia),Bollo del Festival de Primavera (Alegría),Bolo do Festival da Primavera (Alegria),Весенние сладости (счастье),ขนม​เทศกาล​ฤดูใบไม้ผลิ​ (รื่นเริง​),Bánh Mừng Xuân (Hoan),Pastri Festival Musim Semi (Sukacita)
春时酥点（财）,春時酥點（財）,Springfest Pastry (Wealth),春のお菓子（財）,봄을 담은 과자(재물),Pâtisserie de la fête du Printemps (Richesse),Frühlingsfestgebäck (Fülle),Dolce del Festival della primavera (ricchezza),Bollo del Festival de Primavera (Abundancia),Bolo do Festival da Primavera (Riqueza),Весенние сладости (богатство),ขนม​เทศกาล​ฤดูใบไม้ผลิ​ (ร่ำรวย​),Bánh Mừng Xuân (Tài),Pastri Festival Musim Semi (Kesejahteraan)
洒水机,灑水機,Sprinkler,スプリンクラー,스프링클러,Arroseur,Sprinkler,Irrigatore,Aspersor,Aspersor,Спринклер,สปริง​เกอร์,Máy Tưới,Penyiram
洒水机 - 一,灑水機 - 一,Sprinkler (1),スプリンクラー - 1,스프링클러 - 1,Arroseur (1),Sprinkler (1),Irrigatore (1),Aspersor (1),Aspersor (1),Спринклер (1),สปริง​เกอร์​ (1),Máy Tưới (1),Penyiram (1)
洒水机 - 二,灑水機 - 二,Sprinkler (2),スプリンクラー - 2,스프링클러 - 2,Arroseur (2),Sprinkler (2),Irrigatore (2),Aspersor (2),Aspersor (2),Спринклер (2),สปริง​เกอร์​ (2),Máy Tưới (2),Penyiram (2)
洒水机模板,灑水機模板,Sprinkler Template,スプリンクラーの設計図,스프링클러 템플릿,Modèle d'arroseur,Vorlage: Sprinkler,Schema: irrigatore,Molde del Aspersor,Gabarito de Aspersor,Шаблон спринклера,เทม​เพล​ต​สปริง​เกอร์,Mẫu Máy Tưới,Templat Penyiram
方形电池,方形電池,Square Battery,スクエア型バッテリー,사각형 배터리,Batterie carrée,Quadratische Batterie,Batteria quadrata,Batería cuadrada,Bateria Quadrada,Прямоугольная батарея,แบตเตอรี่​สี่เหลี่ยม,Pin Vuông,Baterai Kotak
稳定碳块,穩定碳塊,Stabilized Carbon,安定炭塊,안정된 카본 조각,Carbone stabilisé,Stabilisiertes Carbon,Carbonio stabilizzato,Carbono estabilizado,Carbono Estabilizado,Стабилизированный углерод,คาร์บอน​เสถียร,Carbon Ổn Định,Karbon Stabil
稳定基质,穩定基質,Stable Essence,安定基質,안정 기질,Essence stable,Stabile Essenz,Essenza stabile,Esencia estable,Essência Estável,Стабильная эссенция,แก่นแท้​เสถียร,Tinh Chất Ổn Định,Esensi Stabil
工人休息站,工人休息站,Staff Lounge,作業員休憩所,작업자 휴게소,Salle du personnel,Angestellten-Pausenraum,Sala del personale,Sala del personal,Lounge da Equipe,Лобби для сотрудников,ห้องพัก​บุคลากร,Phòng Nghỉ Nhân Viên,Ruang Santai Staf
失衡值,失衡值,Stagger,ブレイク値,불균형치,Déséquilibre,Taumeln,Vacillamento,Tambaleo,Desorientação,Ошеломление,เซ​ไป​เซ​มา,Suy Sụp,Stagger
失衡节点,失衡節點,Stagger Node,ブレイク点,불균형 지점,Nœud de déséquilibre,Taumel-Knoten,Nodo di Vacillamento,Nodo de tambaleo,Nó de Desorientação,Узел ошеломления,โหนด​เซ​ไป​เซ​มา,Điểm Suy Sụp,Nodus Stagger
失衡状态,失衡狀態,Staggered Status,ブレイク状態,불균형 상태,Statut déséquilibré,Taumelnd-Zustand,Stato: Vacillante,Estado de tambaleado,Status Desorientado,Состояние ошеломления,สถานะ​เซ​ไป​เซ​มา,Trạng Thái Suy Sụp,Status Staggered
体力上限增加,體力上限增加,Stamina Delimiter,スタミナ上限UP,기력 최대치 증가,Surlimiteur de vigueur,Ausdauerbegrenzer,Delimitatore del Vigore,Delimitador de energía,Delimitador de Vitalidade,Увеличитель выносливости,ตัว​ปลด​ขีดจำกัด​พลัง​กาย,Phân Định Thể Lực,Pembatas Stamina
悼亡诗,悼亡詩,Stanza of Memorials,弔いの詩,망자의 노래,Requiem commémoratif,Strophe der Erinnerungen,Strofa commemorativa,Estrofa de memoriales,Estrofe de Memoriais,Станс памяти,บท​แห่ง​การระลึก,Khúc Tưởng Niệm,Stanza of Memorials
寻星旅者,尋星旅者,Starseeker,星の旅人,별을 찾는 여행자,Cherche-étoiles,Sternensucher,Cercastelle,Buscadora de estrellas,Caçador de Estrelas,Звездочет,นัก​ล่า​ดวงดาว,Du Hành Ngân Hà,Pencari Bintang
收纳模式,收回模式,Stash Mode,収納モード,수납 모드,Mode Coffre,Lagermodus,Modalità scorta,Modo reserva,Modo de Reserva,Режим запасника,โหม​ด​ซ่อน,Chế Độ Hộp Lưu Trữ,Mode Simpan
异常等级,異常等級,Status Level,異常段階,이상 레벨,Niveau du statut,Zustandslevel,Livello di stato,Nivel de estado,Nível de Status,Уровень статуса,ระดับ​สถานะ,Cấp Trạng Thái,Level Status
稳定出售奖章,穩定出售獎章,Steady Sales,定期取引勲章,안정적인 판매 훈장,Ventes régulières,Stabile Verkaufszahlen,Vendite costanti,Ventas constantes,Vendas Constantes,Устойчивые продажи,ยอดขาย​มั่นคง,Bán Hàng Bền Vững,Penjualan Stabil
钢块,鋼塊,Steel,鋼,강철 조각,Acier,Stahl,Acciaio,Acero,Aço,Сталь,เหล็กกล้า,Thép,Baja
钢质瓶,鋼質瓶,Steel Bottle,鋼製ボトル,강철 병,Bouteille en acier,Stahl-Flasche,Bottiglia d'acciaio,Botella de acero,Garrafa de Aço,Стальная бутылка,ขวด​เหล็กกล้า,Lọ Thép,Botol Baja
铁誓军医药箱,鐵誓軍醫藥箱,Steel Oath Medical Crate,鉄誓軍の薬箱,철의 서약군 의료 상자,Caisse médicale de l'Ordre du serment d'acier,Medikamentenkiste des Stahlschwurs,Cassa medica del Giuramento d'acciaio,Caja médica del Juramento de Acero,Caixote Médico do Juramento de Aço,Медицинский ящик Стальной клятвы,ลัง​แพทย์​โล​ห​ปฏิญาณ,Thùng Y Tế Hội Lời Thề Thép.,Kerat Medis Steel Oath
钢制零件,鋼製零件,Steel Part,鋼製部品,강철 부품,Pièce en acier,Stahl-Teil,Parte di acciaio,Pieza de acero,Peça de Aço,Стальная деталь,ชิ้นส่วน​เหล็กกล้า,Mảnh Thép,Bagian Baja
炖肉会议,燉肉會議,Stew Meeting,豪快肉煮込み,고기들의 회의,Ragoût composé,Eintopf-Treffen,Stufato misto,Reunión de estofados,Encontro do Ensopado,Сборное рагу,สตู​ว์​แห่ง​การ​พบ​เจอ,Món Hầm Tổng Hợp,Semur Rapat
炖肉会议·升级,燉肉會議·升級,Stew Meeting Upgrade,豪快肉煮込み（強化）,고기들의 회의 · 업그레이드,Amélioration du ragoût composé,Verbesserung: Eintopf-Treffen,Potenziamento: stufato misto,Mejora de Reunión de estofados,Upgrade de Encontro do Ensopado,Улучшение сборного рагу,อัป​เกรด​สตู​ว์​แห่ง​การ​พบ​เจอ,Nâng Cấp Món Hầm Tổng Hợp,Upgrade untuk Semur Rapat
贴纸·支付宝,貼紙·Alipay,Sticker: Alipay,ステッカー・Alipay,스티커 · 알리페이,Autocollant : Alipay,Sticker: Alipay,Adesivo: Alipay,Calcomanía: Alipay,Adesivo: Alipay,Стикер Alipay,สติกเกอร์​: Alipay,Nhãn dán: Alipay,Stiker: Alipay
贴纸·危机合约,貼紙·危機合約,Sticker: Contingency Contract,ステッカー・危機契約,스티커 · 위기 협약,Autocollant : Contrat de crise,Sticker: Krisenschutzvertrag,Adesivo: Contratto di emergenza,Calcomanía: Contrato de contingencia,Adesivo: Contrato de Contingência,Стикер «Чрезвычайный контракт»,สติกเกอร์​: สัญญา​ฉุกเฉิน,Nhãn dán: Hợp Đồng Điều Kiện,Stiker: Kontrak Kontingensi
贴纸·开拓节美食,貼紙·開拓節美食,Sticker: Cuisine of Exploration Day,ステッカー・開拓祭の料理,스티커 · 개척의 날 미식,Autocollant : cuisine du Jour de l'exploration,Sticker: Küche am Erkundungstag,Adesivo: manicaretti del Giorno dell'esplorazione,Calcomanía: Gastronomía del Día de exploración,Adesivo: Culinária do Dia da Exploração,Стикер «Кухня Дня исследования»,สติกเกอร์​: อาหาร​แห่ง​วัน​สำรวจ,Nhãn dán: Ẩm Thực Ngày Khai Phá,Stiker: Kuliner Hari Eksplorasi
贴纸·终末地,貼紙·終末地,Sticker: Endfield,ステッカー・エンドフィールド,스티커 · 엔드필드,Autocollant : Endfield,Sticker: Endfield,Adesivo: Endfield,Calcomanía: Endfield,Adesivo: Endfield,Стикер Endfield,สติกเกอร์​: Endfield,Nhãn Dán: Endfield,Stiker: Endfield
贴纸·工程中心,貼紙·工程中心,Sticker: Engineering Division,ステッカー・エンジニア部,스티커 · 공학 센터,Autocollant : division d'ingénierie,Sticker: Ingenieurabteilung,Adesivo: divisione ingegneristica,Calcomanía: División de Ingeniería,Adesivo: Divisão de Engenharia,Стикер «Инженерный отдел»,สติกเกอร์​: แผนก​วิศวกรรม,Nhãn Dán: Bộ Phận Kỹ Thuật,Stiker: Divisi Teknik
贴纸·永镇蚀海,貼紙·永鎮蝕海,Sticker: Eternal Peace Over Blighted Seas,ステッカー・蝕海封ず,스티커 · 영원한 침식 조류,Autocollant : paix éternelle sur la Marée gangrénée,Sticker: Ewiger Frieden über dem verderbten Meer,Adesivo: Pace eterna sui mari contaminati,Calcomanía: Paz eterna sobre mares contaminados,Adesivo: Paz Eterna Sobre Mares Contaminados pela Praga,Стикер «Вечный покой над моровыми морями»,สติกเกอร์​: สันติภาพ​นิรันดร์​เหนือ​ทะเล​เสื่อมสลาย,Nhãn Dán: Biển Nhiễm Khuẩn Đời Đời An Định,Stiker: Kedamaian Abadi di Atas Laut Hawar
贴纸·爆炸,貼紙·爆炸,Sticker: Explosion,ステッカー・爆発,스티커 · 폭발,Autocollant : explosion,Sticker: Explosion,Adesivo: esplosione,Calcomanía: Explosión,Adesivo: Explosão,Стикер «Взрыв»,สติกเกอร์​: ระเบิด,Nhãn Dán: Vụ Nổ,Stiker: Ledakan
贴纸·巨兽心脏,貼紙·巨獸心臟,Sticker: Feranmut Heart,ステッカー・巨獣の心臓,스티커 · 베헤모스의 심장,Autocollant : cœur de feranmouth,Sticker: Feranmut-Herz,Adesivo: cuore di Feranmut,Calcomanía: Corazón de Feranmut,Adesivo: Coração de Feranmut,Стикер «Сердце феранмута»,สติกเกอร์​: หัวใจ​เฟ​ราน​มุ​ต,Nhãn Dán: Trái Tim Cự Thú,Stiker: Jantung Feranmut
贴纸·五座高塔,貼紙·五座高塔,Sticker: FIVE TOWERS,ステッカー・FIVE TOWERS,스티커 · 다섯의 고탑,Autocollant : FIVE TOWERS,Sticker: FIVE TOWERS,Adesivo: FIVE TOWERS,Calcomanía: FIVE TOWERS,Adesivo: FIVE TOWERS,Стикер FIVE TOWERS,สติกเกอร์​: FIVE TOWERS,Nhãn Dán: FIVE TOWERS,Stiker: FIVE TOWERS
贴纸·Happy Lemon,貼紙·Happy Lemon,Sticker: Happy Lemon,ステッカー・Happy Lemon,스티커 · Happy Lemon,Autocollant : Happy Lemon,Sticker: Happy Lemon,Adesivo: Happy Lemon,Calcomanía: Happy Lemon,Adesivo: Happy Lemon,Стикер Happy Lemon,สติกเกอร์​: Happy Lemon,Nhãn Dán: Happy Lemon,Stiker: Happy Lemon
贴纸·宏科院,貼紙·宏科院,Sticker: HAS,ステッカー・宏科院,스티커 · 홍산 과학원,Autocollant : ASH,Sticker: HAW,Adesivo: ASH,Calcomanía: A.C.H.,Adesivo: ACH,Стикер «АНХ»,สติกเกอร์​: HAS,Nhãn Dán: Học Viện,Stiker: HAS
贴纸·击倒,貼紙·擊倒,Sticker: K.O.,ステッカー・K.O.,스티커 · 격파,Autocollant : K.O.,Sticker: K. o.,Adesivo: K.O.,Calcomanía: K.O.,Adesivo: K.O.,Стикер «Нокаут»,สติกเกอร์​: K.O.,Nhãn dán: K.O.,Stiker: K.O.
贴纸·吉豚屋,貼紙·吉豚屋,Sticker: Katsuya,ステッカー・かつや,스티커 · Katsuya,Autocollant : Katsuya,Sticker: Katsuya,Adesivo: Katsuya,Calcomanía: Katsuya,Adesivo: Katsuya,Стикер Katsuya,สติกเกอร์​: คัต​สึ​ยะ,Nhãn Dán: Katsuya,Stiker: Katsuya
贴纸·如意方圆,貼紙·如意方圓,Sticker: Mark and Fulfill,ステッカー・如意方円,스티커 · 바람처럼 유연한 의지,Autocollant : modèle de marque,Sticker: Markieren und Erfüllen,Adesivo: segna e realizza,Calcomanía: Marcar y completar,Adesivo: Marcar e Atender,Стикер «Надежный ориентир»,สติกเกอร์​: นำทาง​และ​เติมเต็ม,Nhãn dán: Đánh Dấu và Hoàn Thành,Stiker: Tandai dan Wujudkan
贴纸·记忆,貼紙·記憶,Sticker: Memories,ステッカー・記憶,스티커 · 기억,Autocollant : souvenirs,Sticker: Erinnerungen,Adesivo: ricordi,Calcomanía: recuerdos,Adesivo: Memórias,Стикер «Ностальгия»,สติกเกอร์​: ความทรงจำ,Nhãn Dán: Ký Ức,Stiker: Ingatan
贴纸·启明,貼紙·啟明,Sticker: Qiming,ステッカー・啓明,스티커 · 샛별,Autocollant : Qiming,Sticker: Qiming,Adesivo: Qiming,Calcomanía: Qiming,Adesivo: Qiming,Стикер «Цимин»,สติกเกอร์​: ฉี่​หมิง,Nhãn Dán: Khải Minh,Stiker: Qiming
贴纸·第一回合,貼紙·第一回合,Sticker: Round 1,ステッカー・第1ラウンド,스티커 · 제1라운드,Autocollant : 1er tour,Sticker: Runde 1,Adesivo: 1º round,Calcomanía: Ronda 1,Adesivo: Rodada 1,Стикер «Раунд 1»,สติกเกอร์​: รอบ​ที่​ 1,Nhãn dán: Vòng 1,Stiker: Putaran 1
贴纸·工业安全帽,貼紙·工業安全帽,Sticker: Safety Helmet,ステッカー・作業用ヘルメット,스티커 · 공업 안전모,Autocollant : casque de protection,Sticker: Schutzhelm,Adesivo: casco di sicurezza,Calcomanía: Casco de seguridad,Adesivo: Capacete de Segurança,Стикер «Защитная каска»,สติกเกอร์​: หมวกนิรภัย,Nhãn dán: Mũ Bảo Hộ,Stiker: Helm Pengaman
贴纸·省略,貼紙·省略,Sticker: Speechless,ステッカー・絶句,스티커 · 생략,Autocollant : bouche bée,Sticker: Sprachlos,Adesivo: senza parole,Calcomanía: Sin palabras,Adesivo: Sem Palavras,Стикер «Нет слов»,สติกเกอร์​: พูดไม่ออก,Nhãn dán: Cạn Lời,Stiker: Tak Bisa Berkata-kata
贴纸·高压,貼紙·高壓,Sticker: Super Pressurized,ステッカー・高圧,스티커 · 고압,Autocollant : pression extrême,Sticker: Unter Hochdruck,Adesivo: super pressione,Calcomanía: Súper presurizado,Adesivo: Super Pressurizado,Стикер «Сверхдавление»,สติกเกอร์​: กดดัน​สุ​ดๆ,Nhãn Dán: Siêu Áp Lực,Stiker: Bertekanan Super
贴纸·抑制器,貼紙·抑制器,Sticker: Suppressor,ステッカー・リミッター,스티커 · 억제기,Autocollant : suppresseur,Sticker: Suppressor,Adesivo: soppressore,Calcomanía: Supresor,Adesivo: Supressor,Стикер «Подавитель»,สติกเกอร์​: เครื่อง​ยับยั้ง,Nhãn dán: Bộ Áp Chế,Stiker: Supresor
贴纸·剑桩,貼紙·劍樁,Sticker: Sword Stele,ステッカー・剣杭,스티커 · 검 기둥,Autocollant : stèle de lame,Sticker: Schwertstele,Adesivo: stele della spada,Calcomanía: Estela de espada,Adesivo: Estela de Espada,Стикер «Стела меча»,สติกเกอร์​: ศิลา​ดาบ,Nhãn Dán: Tấm Bia Kiếm,Stiker: Prasasti Pedang
贴纸·剧终,貼紙·劇終,Sticker: The End,ステッカー・THE END,스티커 · 종막,Autocollant : fin,Sticker: Das Ende,Adesivo: Fine,Calcomanía: El fin,Adesivo: O Fim,Стикер «Конец»,สติกเกอร์​: จุดจบ,Nhãn dán: Tận thế,Stiker: Akhir
贴纸·待续,貼紙·待續,Sticker: To Be Continued,ステッカー・To Be Continued,스티커 · 지속,Autocollant : « À suivre »,Sticker: Fortsetzung folgt,Adesivo: Continua...,Calcomanía: Continuará,Adesivo: Continua,Стикер «Продолжение следует»,สติกเกอร์​: โปรด​ติดตาม​ตอน​ต่อไป,Nhãn dán: Còn Tiếp,Stiker: Bersambung
贴纸·联盟工团,貼紙·聯盟工團,Sticker: UWST,ステッカー・工業団連盟,스티커 · 연맹 공단,Autocollant : STUT,Sticker: GBT,Adesivo: USLT,Calcomanía: S.T.U.T.,Adesivo: STUT,Стикер «СОРТ»,สติกเกอร์​: UWST,Nhãn Dán: Công Đoàn,Stiker: UWST
贴纸·武陵特厨,貼紙·武陵特廚,Sticker: Wuling Super Chef,ステッカー・武陵シェフ,스티커 · 무릉 특급 요리사,Autocollant : Super Chef de Wuling,Sticker: Wuling kocht!,Adesivo: Super chef di Wuling,Calcomanía: El arte culinario de Wuling,Adesivo: Superchef de Wuling,Стикер «Супершеф Улина»,สติกเกอร์​: ซู​เปอร์​เชฟ​แห่ง​อู่​หลิง,Nhãn Dán: Siêu Đầu Bếp Võ Lăng,Stiker: Chef Super Wuling
贴纸·第一年的生日,貼紙·第一年的生日,Sticker: Year 1 Birthday,ステッカー・1年目の誕生日,스티커 · 첫 번째 생일,Autocollant : anniversaire (1 an),Sticker: 1. Geburtstag,Adesivo: 1° compleanno,Calcomanía: Cumpleaños del primer año,Adesivo: Aniversário de 1 Ano,Стикер «Первая годовщина»,สติกเกอร์​: วันเกิด​ 1 ปี,Nhãn Dán: Sinh Nhật Năm Thứ Nhất,Stiker: Ulang Tahun ke-1
钉刺天使,釘刺天使,Sting,針棘アンゲロス,일미아겔로스,Dard,Skorpio,Telson,Aguijón,Ferrão,Скорпион,สติ​ง,Sting,Sting
钉刺天使α,釘刺天使α,Sting α,針棘アンゲロスα,일미아겔로스 · α,Dard α,Skorpio α,Telson α,Aguijón α,Ferrão α,Скорпион α,สติ​ง​ α,Sting α,Sting α
物资调度终端,物資調度終端,Stock Redistrib.,商品取引端末,물자 관리 단말기,Magasin de redistrib.,Vorratneuvert.,Ridistrib. scorte,Redistrib. de existencias,Redistribuição do Estoque,Перераспр. резервов,การก​ระ​จาย​สินค้า,Điều Phối Vật Tư.,Redistrib. Stok
物资调度,物資調度,Stock Redistribution,商品取引,물자 관리,Magasin de redistribution,Vorratneuverteilung,Ridistribuzione scorte,Redistribución de existencias,Redistribuição do Estoque,Перераспределение резервов,ศูนย์​กระจาย​ของ,Điều Phối Vật Tư,Redistribusi Stok
物资调度终端,物資調度終端,Stock Redistribution Terminal,商品取引端末,물자 관리 단말기,Terminal du magasin de redistribution,Vorratneuverteilungsterminal,Terminale di ridistribuzione scorte,Terminal de redistribución de existencias,Terminal de Redistribuição do Estoque,Терминал перераспределения резервов,เทอร์​มิ​นัล​ศูนย์​กระจาย​ของ,Trạm Điều Phối Vật Tư,Terminal Redistribusi Stok
存料处,存料處,Stockpile Area,資材保管所,재료 보관소,Réserves,Lagerbereich,Area di stoccaggio,Área de almacenamiento,Área de Estoque,Складская зона,พื้นที่​จัดเก็บ​สิ่งของ,Khu Dự Trữ,Area Persediaan
库存传输,庫存傳輸,Stockpile Transfer,在庫転送,재고 전송,Transfert de réserve,Lagerübertragung,Trasferimento scorta,Transferencia de almacenes,Transferência de Estoque,Складской трансфер,การ​ขนถ่าย​เสบียง,Chuyển Vật Tư,Transfer Persediaan
终末地失窃建材,終末地失竊建材,Stolen EF Building Materials,盗まれたエンドフィールドの建材,엔드필드 도난 건축 재료,Matériaux de construction EF volés,Gestohlene EF-Baumaterialien,Materiali da costruzione EF rubati,Materiales de construcción robados de EF,Materiais de Construção Roubados da EF,Украденные стройматериалы Endfield,วัสดุก่อสร้าง​ EF ที่​ขโมย​มา,Vật Liệu Xây Dựng Bị Đánh Cắp Từ Tập Đoàn Endfield,Material Bangunan EF Curian
蓄石秘剂,蓄石秘劑,Stonehold Remedy,蓄石の秘薬,축석의 비약,Remède de maintien des pierres,Steinfeste-Heilmittel,Rimedio granitico,Remedio pétreo,Remédio Pedraforte,Каменное средство,ยา​รักษา​สโตน​โฮลด์,Phương Dược Thạch Vững,Ramuan Stonehold
石涧崖,石澗崖,Stonepond Cliff,石谷崖,석간 절벽,Falaise de l'étang de pierre,Steinteichklippe,Dirupo dello stagno di pietra,Risco Estanque Pétreo,Penhasco Lago de Pedra,Утес Каменного Пруда,ชะง่อน​ผา​สระ​หิน,Vách Đá Ao Thạch,Tebing Kolam Batu
仓储管理,倉儲管理,Storage Management,倉庫管理,저장고 관리,Gestion du stockage,Lagerverwaltung,Gestione delle scorte,Gestión de almacenamiento,Gerenciamento de Armazenamento,Управление хранилищем,การ​จัดการ​ที่เก็บ​ของ,Quản Lý Lưu Trữ,Pengelolaan Penyimpanan
储物点,儲物點,Storage Point,保管ポイント,저장 지점,Site de stockage,Lagerpunkt,Punto di stoccaggio,Punto de almacenaje,Ponto de Armazenamento,Хранилища,จุด​ที่เก็บ​ของ,Điểm Lưu Trữ,Titik Simpan
迷踪渡,迷蹤渡,Stragglers Ford,迷踪津,미종도,Gué des retardataires,Nachzüglerfurt,Guado degli isolati,Vado de los Rezagados,Vau dos Desgarrados,Переправа Скитальцев,ท่าน้ำ​ผู้​ตกค้าง,Bến Cho Kẻ Lạc,Arungan Terhuyung
迷踪林,迷蹤林,Stragglers Grove,迷踪林,미종림,Bosquet des retardataires,Nachzüglerhain,Boschetto degli isolati,Arboleda de los Rezagados,Bosque dos Desgarrados,Роща Скитальцев,ร่มไม้​แห่ง​ผู้​พเนจร,Rừng Mơ Hồ,Belukar Terhuyung
古怪的祷言（一）,古怪的禱言（一）,Strange Prayer (1),不気味な祈りの言葉（1）,기묘한 기도문(1),Prière étrange (1),Seltsames Gebet (1),Strana preghiera (1),Oración extraña (1),Oração Estranha (1),Странная молитва (1),คำอธิษฐาน​ลึกลับ​ (1),Lời Cầu Nguyện Kỳ Lạ (1),Doa Aneh (1)
古怪的祷言（二）,古怪的禱言（二）,Strange Prayer (2),不気味な祈りの言葉（2）,기묘한 기도문(2),Prière étrange (2),Seltsames Gebet (2),Strana preghiera (2),Oración extraña (2),Oração Estranha (2),Странная молитва (2),คำอธิษฐาน​ลึกลับ​ (2),Lời Cầu Nguyện Kỳ Lạ (2),Doa Aneh (2)
古怪的祷言（三）,古怪的禱言（三）,Strange Prayer (3),不気味な祈りの言葉（3）,기묘한 기도문(3),Prière étrange (3),Seltsames Gebet (3),Strana preghiera (3),Oración extraña (3),Oração Estranha (3),Странная молитва (3),คำอธิษฐาน​ลึกลับ​ (3),Lời Cầu Nguyện Kỳ Lạ (3),Doa Aneh (3)
古怪的祷言（四）,古怪的禱言（四）,Strange Prayer (4),不気味な祈りの言葉（4）,기묘한 기도문(4),Prière étrange (4),Seltsames Gebet (4),Strana preghiera (4),Oración extraña (4),Oração Estranha (4),Странная молитва (4),คำอธิษฐาน​ลึกลับ​ (4),Lời Cầu Nguyện Kỳ Lạ (4),Doa Aneh (4)
草莓可丽饼,草莓可麗餅,Strawberry Crepe,苺クレープ,딸기 크레프,Crêpe aux fraises,Erdbeer-Pfannkuchen,Crêpe alle fragole,Crepa de Fresa,Crepe de Morango,Блин с клубникой,เครป​ส​ตร​อ​ว์​เบอร์​รี,Bánh Crepe Dâu Tây,Crepe Stroberi
应力回馈芯片,應力回饋晶片,Stress Feedback Chip,反動強化チップ,응력 반작용 칩,Puce de retour d'effort,Stress-Feedback-Chip,Chip del feedback dello stress,Chip de respuesta al estrés,Chip de Feedback de Estresse,Чип стресс-отклика,ชิป​ตอบสนอง​แรง​เค้น,Chip Phản Hồi Áp Lực,Chip Saran Tekanan
次级核心,次級核心,Sub-PAC,サブ協約核心,서브 코어,Mini-NAP,Sub-PAK,Sub-NAP,Sub-NAP,Sub-NAP,Суб-ПБА,PAC ย่อย,Lõi Giao Thức-Phụ,Sub-PAC
破碎君王,破碎君王,Sundered Prince,破砕君主,분쇄의 군주,Prince déchiré,Zerrütteter Prinz,Principe lacerato,Príncipe desgarrado,Príncipe Dilacerado,Растерзанный принц,เจ้าชาย​ผู้​แตกสลาย,Hoàng Tử Ly Tán,Sundered Prince
钢铁余音,鋼鐵餘音,Sundering Steel,鋼鉄余音,강철의 여운,Fracture d'acier,Zerreißender Stahl,Acciaio divisorio,Acero hendiente,Aço Dilacerador,Стальной раскол,เหล็ก​ทำลายล้าง,Thép Phân Tách,Sundering Steel
过活跃消除奖章,超活躍消除獎章,Superactive Blight Eliminator,過剰活性化除去勲章,과활성 침식 제거 훈장,Élimination de Gangrène superactive,Auslöscher der Superaktiven Verderbnis,Flagello della Contaminazione superattiva,Eliminador de Plaga hiperactiva,Eliminador de Praga Superativa,Устранение сверхактивного мора,ตัว​กำจัด​ไบ​ล​ท์​ซู​เปอร์​แอค​ทีฟ,Huy Chương Chiến Binh Thanh Trừ Nhiễm Khuẩn Quá Mức,Penyingkir Hawar Superaktif
劲力展露奖章,勁力展露獎章,Superb Physicals,武力顕現勲章,압도적인 힘으로 훈장,Superbe physique,Physische Meisterleistung,Maestria degli stati fisici,Atributos físicos excelentes,Físico Excepcional,Превосходная форма,รางวัล​ทางกาย​ยอดเยี่ยม,Thể Chất Xuất Sắc,Status Cemerlang
借助阻挡通过蒸汽,藉助阻擋通過蒸汽,Superheated Steam: Blocking,過熱蒸気の制御,엄폐물을 사용하여 증기를 통과하기,Vapeur brûlante : bloquer,Heißdampf: Blocken,Vapore incandescente: blocco,Vapor a alta temperatura: Bloqueo,Vapor Superaquecido: Bloqueio,Перегретый пар: преграда,ไอ​น้ำร้อน​ยิ่งยวด​: การปิดกั้น,Hơi Nước Siêu Nóng: Chặn Lối,Uap Superpanas: Pemblokiran
爆辣腌渍水果,爆辣醃漬水果,Superhot Fruit Preserves,フルーツの激辛塩漬け,매운 절임 과일,Conserve de fruits pimentés,Superscharfe Fruchtkonserven,Conserva di frutta piccantissima,Conservas de frutas super picantes,Frutas em Conserva Superpicantes,Жгучее фруктовое варенье,แยม​ผลไม้​เผ็ด​จัด,Mứt Trái Cây Siêu Cay,Selai Buah Superpedas
爆辣腌渍水果·升级,爆辣醃漬水果·升級,Superhot Fruit Preserves Upgrade,フルーツの激辛塩漬け（強化）,매운 절임 과일 · 업그레이드,Amélioration de la conserve de fruits pimentés,Verbesserung: Superscharfe Fruchtkonserven,Potenziamento: conserva di frutta piccantissima,Mejora de Conservas de frutas super picantes,Upgrade de Frutas em Conserva Superpicantes,Улучшение жгучего фруктового варенья,อัป​เกรด​แยม​ผลไม้​เผ็ด​จัด,Nâng Cấp Mứt Trái Cây Siêu Cay,Upgrade untuk Selai Buah Superpedas
爆辣焗烤源石虫,爆辣焗烤源石蟲,Superhot Slug Gratin,オリジムシの激辛オーブン焼き,매운 원석충 구이,Gratin de limace très épicé,Superscharfes Schneckengratin,Lumache al gratin piccantissime,Gratinado de babosa supercaliente,Lesma Gratinada Superpicante,Жгучий гратен из слизня,กรา​แ​ต็​ง​ทาก​เผ็ด​จัด,Sên Đút Lò Nóng Hổi,Gratin Siput Superpedas
当家令如山,當家令如山,Supreme Chief's Orders are Supreme,大親分の命令は絶対だ！,절대적인 명령,Les ordres de la cheffe suprême sont sacrés,Befehle des Oberhäuptlings sind zu befolgen,Gli ordini della capa suprema sono supremi,La palabra de la Jefa Suprema es absoluta,As Ordens da Chefe Suprema São Supremas,Приказы предводительницы — закон,คำสั่ง​ของ​หัวหน้า​ใหญ่​อยู่​เหนือ​สุด,Mệnh Lệnh của Thủ Lĩnh Tối Cao Là Tối Thượng,Perintah Ketua Agung Tak Boleh Dibantah
冲浪大赛门票,衝浪大賽門票,Surfing Festival Ticket,サーフィン大会のチケット,서핑대회 입장권,Ticket pour le festival de surf,Surffest-Ticket,Biglietto per il festival del surf,Boleto para el festival de surf,Ingresso do Festival de Surfe,Билет на турнир по серфингу,ตั๋ว​เทศกาล​กีฬา​โต้คลื่น,Vé Lễ Hội Lướt Sóng,Tiket Festival Selancar
电涌塔,電湧塔,Surge Tower,電流塔,전류 타워,Tour de surtension,Wogenturm,Torretta sovraccarico,Torre de oleada,Torre de Surtos,Разрядная вышка,ป้อม​พลังไฟฟ้า,Tháp Xung Điện,Menara Lonjak
电涌塔模板,電湧塔模板,Surge Tower Template,電流塔の設計図,전류 타워 템플릿,Modèle de tour de surtension,Vorlage: Wogenturm,Schema: torretta sovraccarico,Molde de la Torre de oleada,Gabarito de Torre de Surtos,Шаблон разрядной вышки,เทม​เพล​ต​ป้อม​พลังไฟฟ้า,Mẫu Tháp Xung Điện,Templat Menara Lonjak
储藏箱·惊喜,儲藏箱·驚喜,Surprise Crate,資源箱·驚き,깜짝 보물 상자,Caisse surprise,Überraschungskiste,Cassa a sorpresa,Caja sorpresa,Caixote Surpresa,Ящик-сюрприз,ลังเซอร์ไพรส์,Thùng Bất Ngờ,Peti Kejutan
方兴衢扩建调研,方興衢擴建調查,Survey: Fangxing Avenue Expansion,方興街拡張に関する調査報告書,방흥거리 확장 조사,Sondage : prolongement de l'avenue Fangxing,Umfrage: Erweiterung der Fangxing-Straße,Sondaggio: Espansione di Viale Fangxing,Encuesta: Expansión de la Avenida Fangxing,Pesquisa: Expansão da Avenida Fangxing,Опрос: расширение улицы Фансин,แบบ​สำรวจ​: การ​ขยาย​ถนน​ฟาง​ซิง,Khảo Sát: Mở Rộng Đại Lộ Phương Hưng,Survei: Perluasan Jalan Lebar Fangxing
矿业余生,Surviving Mining,Surviving Mining,Surviving Mining,Surviving Mining,Surviving Mining,Surviving Mining,Surviving Mining,Surviving Mining,Surviving Mining,Surviving Mining,Surviving Mining,Surviving Mining,Surviving Mining
脆弱,脆弱,Susceptible,脆弱,취약,Sensible,Empfänglich,Suscettibile,Susceptible,Suscetível,Восприимчивость,อ่อนไหว​ต่อ​การ​โจมตี,Yếu Hóa,Susceptible
可疑的戒指,可疑的戒指,Suspicious Ring,怪しい指輪,수상한 반지,Anneau suspect,Verdächtiger Ring,Anello sospetto,Anillo sospechoso,Anel Suspeito,Подозрительное кольцо,แหวน​น่าสงสัย,Chiếc Nhẫn Đáng Ngờ,Cincin Mencurigakan
过堂风,過堂風,Sweeping Wind,過堂風,과당풍,Vent violent,Peitschender Wind,Vento sferzante,Viento arrasador,Vento Forte,Сметающий ветер,สายลม​กวาดล้าง,Gió Quét,Sweeping Wind
淬剑荡,淬劍蕩,Sword Quenching Marsh,淬剣湖,쉬검 호수,Marais de Trempépée,Schwerttränkender Sumpf,Palude Tempraspade,Pantano de forja de espadas,Pântano da Têmpera de Espadas,Топь Омовения Клинков,บึง​ชุบ​ดาบ,Đầm Rèn Kiếm,Paya Penelan Pedang
藏剑谷,藏劍谷,Sword Vault Dale,蔵剣谷,장검 골짜기,Val du caveau des lames,Tal des Schwertverlieses,Valletta di Voltaspada,Valle Ocultaespadas,Vale do Cofre de Espadas,Долина Залежи Клинков,เดล​คลัง​ดาบ,Cốc Tàng Kiếm,Lembah Benteng Pedang
点剑短刃,點劍短刃,Swordmancer Dagger,宏山点剣短剣,검술사 단검,Dague de spadamancien,Schwertkämpfer-Dolch,Pugnale da spadamante,Daga de espadachín,Adaga do Espadeiro,Кинжал «Мастер меча»,มีด​สั้น​นัก​ดาบ​เวท,Dao Găm Kiếm Sĩ,Belati Swordmancer
点剑纤维护甲,點劍纖維護甲,Swordmancer Fiber Armor,宏山点剣繊維防具,검술사 섬유 방어구,Armure en fibres de spadamancien,Faserverstärkte Schwertkämpfer-Rüstung,Armatura in fibra da spadamante,Armadura de fibra de Espadachín,Armadura de Fibra do Espadeiro,Волоконная броня «Мастер меча»,เกราะ​ไฟเบอร์​นัก​ดาบ​เวท,Giáp Sợi Kiếm Sĩ,Armor Serat Swordmancer
点剑火石,點劍火石,Swordmancer Flint,宏山点剣火石,검술사 부싯돌,Silex de spadamancien,Schwertkämpfer-Feuerstein,Pietra focaia da spadamante,Pedernal de espadachín,Pederneira do Espadeiro,Кремень «Мастер меча»,หินเหล็กไฟ​นัก​ดาบ​เวท,Hỏa Thạch Kiếm Sĩ,Batu Api Swordmancer
选剑铸炉货组,選劍鑄爐貨組,Swordmancer Forge [pkg],選剣鋳造炉セット,선검 용광로 상품군,Forge de spadamancien [colis],Schwertkämpferschmiede [Paket],Forgia dello spadamante (pacco),Forja de Espadachín [paq.],Forja do Espadeiro [pct],Кузница мастера меча [упак.],โรง​ตี​เหล็ก​นัก​ดาบ​เวท​ [แพ็กเกจ​],Lò Rèn Kiếm Sư [bộ],Tempaan Swordmancer [pkt]
点剑重装甲,點劍重裝甲,Swordmancer Heavy Armor,宏山点剣ヘビーアーマー,검술사 중장갑,Armure lourde de spadamancien,Schwere Schwertkämpfer-Rüstung,Armatura pesante da spadamante,Armadura pesada de espadachín,Armadura Pesada do Espadeiro,Тяжелая броня «Мастер меча»,เกราะ​หนัก​นัก​ดาบ​เวท,Giáp Kiếm Sĩ Hạng Nặng,Armor Berat Swordmancer
点剑重装甲·壹型,點劍重裝甲·I,Swordmancer Heavy Armor T1,宏山点剣ヘビーアーマーⅠ,검술사 중장갑 · I,Armure lourde de spadamancien G1,Schwere Schwertkämpfer-Rüstung S1,Armatura pesante da spadamante O1,Armadura pesada de espadachín T1,Armadura Pesada do Espadeiro T1,Тяжелая броня «Мастер меча» К1,เกราะ​หนัก​นัก​ดาบ​เวท​ T1,Giáp Kiếm Sĩ Hạng Nặng T1,Armor Berat Swordmancer T1
点剑轻装甲,點劍輕裝甲,Swordmancer Light Armor,宏山点剣ライトアーマー,검술사 경장갑,Armure légère de spadamancien,Leichte Schwertkämpfer-Rüstung,Armatura leggera da spadamante,Armadura ligera de espadachín,Armadura Leve do Espadeiro,Легкая броня «Мастер меча»,เกราะ​เบา​นัก​ดาบ​เวท,Giáp Kiếm Sĩ Nhẹ,Armor Ringan Swordmancer
点剑微型滤芯,點劍微型濾芯,Swordmancer Micro Filter,宏山点剣小型フィルター,검술사 초소형 필터,Microfiltre de spadamancien,Schwertkämpfer-Mikrofilter,Microfiltro da spadamante,Microfiltro de espadachín,Microfiltro do Espadeiro,Микрофильтр «Мастер меча»,ตัว​กรอง​จิ๋ว​นัก​ดาบ​เวท,Vi Lọc Kiếm Sĩ,Filter Mikro Swordmancer
点剑定位信标,點劍定位信標,Swordmancer NAV Beacon,宏山点剣定位ビーコン,검술사 위치 신호기,Balise NAV de spadamancien,Schwertkämpfer-Leuchtsignal,Segnalatore NAV da spadamante,Baliza NAV de espadachín,Sinalizador NAV do Espadeiro,Маячок «Мастер меча»,สัญญาณ​นำทาง​นัก​ดาบ​เวท,Đèn Tín Hiệu NAV Kiếm Sĩ,Suar Pandu NAV Swordmancer
点剑战术手甲,點劍戰術手甲,Swordmancer TAC Gauntlets,宏山点剣ガントレット,검술사 전술 금속 장갑,Gantelets TAC de spadamancien,Taktische Schwertkämpfer-Fingerhandschuhe,Coprimani tattici da spadamante,Guanteletes TAC de espadachín,Manoplas Táticas do Espadeiro,Тактические рукавицы «Мастер меча»,ถุงมือ​เกราะ​ยุทธวิธี​นัก​ดาบ​เวท,Giáp Tay TAC Kiếm Sĩ,Gauntlet TAC Swordmancer
点剑战术手甲·壹型,點劍戰術手甲·I,Swordmancer TAC Gauntlets T1,宏山点剣ガントレットⅠ,검술사 전술 금속 장갑 · I,Gantelets TAC de spadamancien G1,Taktische Schwertkämpfer-Fingerhandschuhe S1,Coprimani tattici da spadamante O1,Guanteletes TAC de espadachín T1,Manoplas Táticas do Espadeiro T1,Тактические рукавицы «Мастер меча» К1,ถุงมือ​เกราะ​ยุทธวิธี​นัก​ดาบ​เวท​ T1,Giáp Tay TAC Kiếm Sĩ T1,Gauntlet TAC Swordmancer T1
点剑战术手套,點劍戰術手套,Swordmancer TAC Gloves,宏山点剣戦闘用グローブ,검술사 전술 장갑,Gants TAC de spadamancien,Taktische Schwertkämpfer-Handschuhe,Guanti tattici da spadamante,Guantes TAC de espadachín,Luvas Táticas do Espadeiro,Тактические перчатки «Мастер меча»,ถุงมือ​ยุทธวิธี​นัก​ดาบ,Găng TAC Kiếm Sĩ,Sarung Tangan TAC Swordmancer
系统蓝图,系統藍圖,System Blueprint,システム図面,시스템 청사진,Plan du système,System-Bauplan,Progetto di sistema,Plano de sistema,Projeto de Sistema,Системный чертеж,พิมพ์เขียว​ของ​ระบบ,Bản Vẽ Hệ Thống,Cetak Biru Sistem
折金票,折金票,T-Creds,折金券,탈로시안 화폐,Crédits T,T-Kreditscheine,Crediti-T,T-Creds,T-Creds,Т-креды,ที​-​เครดิต,T-Cred,T-Cred
快子遴捡晶格,迅子遴撿晶格,Tachyon Screening Lattice,タキオン精選格子,타키온 차폐 구조체,Grille de tri de tachyon,Tachyonen-Sensorgitter,Reticolo rileva-tachioni,Entramado de proyección de taquiones,Cristalização de Triagem de Táquions,Решетка для экранирования тахионов,ตาข่าย​คัด​กรอง​แทค​ยอน,Lưới Chắn Tachyon,Kisi Penyaring Takhion
战术装具残块,戰術裝具殘塊,Tactical Equipment Fragment,装備ベルトの欠片,전술 장비 조각,Fragment d'équipement tactique,Fragment einer Taktischen Ausrüstung,Frammento di equipaggiamento tattico,Fragmento de equipamiento táctico,Fragmento de Equipamento Tático,Фрагмент тактического снаряжения,เศษ​อุปกรณ์​ยุทธวิธี,Mảnh Trang Bị Chiến Thuật,Fragmen Peralatan Taktis
战术节奏芯片,戰術節奏晶片,Tactical Tempo Chip,戦術テンポチップ,전술 흐름 칩,Puce de tempo tactique,Taktisches Tempo – Chip,Chip del tempo tattico,Chip de tempo táctico,Chip de Tempo Tático,Чип тактического ритма,ชิป​จังหวะ​ยุทธวิธี,Chip Nhịp Độ Chiến Thuật,Chip Tempo Taktis
战术训练,戰術訓練,Tactical Training Cabin,戦術訓練,전술 훈련,Cabine d'entraînement tactique,Kabine für taktisches Training,Cabina di addestramento tattico,Cabina de entrenamiento táctico,Cabine de Treinamento Tático,Отсек тактической подготовки,ห้อง​โดยสาร​สำหรับ​การฝึกซ้อม​กลยุทธ์,Khoang Huấn Luyện Chiến Thuật,Kabin Latihan Taktis
战术物品,戰術物品,Tacticals,戦闘補助アイテム,전술 아이템,Objets tactiques,Taktische Mittel,Gadget,Items tácticos,Itens Táticos,Провиант,อุปกรณ์​ยุทธวิธี,Vật Phẩm Chiến Thuật,Item Taktis
战术物品的使用,戰術物品的使用,Tacticals: Usage,戦闘補助アイテムの使い方,전술 아이템을 사용하기,Objets tactiques : utilisation,Taktische Mittel: Nutzung,Gadget: utilizzo,Items tácticos: Uso,Itens Táticos: Uso,Провиант: использование,อุปกรณ์​ยุทธวิธี​: การใช้งาน,Vật Phẩm Chiến Thuật: Cách Sử Dụng,Item Taktis: Penggunaan
太古商人,太古商人,taikoo_trade,太古商人,태고 상인,Marchand Paléo,Paläo-Händler,Mercante Paleo,comerciante antiguo,Comerciante Paleo,древний торговец,พ่อค้าโบราณ,Thương Nhân Cổ Đại,Pedagang Paleo
污染附晶体残块,汙染附晶體殘塊,Tainted Crystal-Embedded Fragment,汚染付着結晶の欠片,오염된 부착 결정 조각,Fragment incrusté de cristaux corrompus,In Kristall eingebettetes besudeltes Fragment,Frammento con cristalli incastonati rovinato,Fragmento con incrustaciones de cristal Contaminados,Fragmento Incrustado em Cristal Contaminado,Оскверненный инкрустированный фрагмент,เศษ​พืช​ฝัง​ผลึก​ปนเปื้อน,Mảnh Tích Pha Lê Ô Nhiễm,Fragmen Bertatah Kristal Tercemar
护身符,護身符,Talisman,お守り,호신부,Talisman,Talisman,Talismano,Talismán,Talismã,Талисман,เครื่องราง,Bùa hộ mệnh,Jimat
清点者的日记,清點者的日記,Tallykeeper's Log,検品者の日記,검수자의 일기,Journal d'un gratte-papier,Log des Buchführers,Registro del contabile,Registro del contador,Log do Contador,Журнал счетовода,บันทึก​ของ​ผู้ดูแล​บัญชี,Nhật Ký Của Người Kiểm Hàng,Log Pencatat Penghitungan
塔罗斯菌,塔羅斯菌,Talos Cap,タロス茸,탈로스 버섯,Cèpe de Talos,Taloskappe,Cappuccetto di Talos,Sombrero de Talos,Boina de Talos,Талосник,เห็ด​ทาล​อส,Nấm Mũ Talos,Topi Talos
塔罗斯菌块,塔羅斯菌塊,Talos Cap Mycelia,タロス菌床,탈로스 버섯 조각,Mycélium de cèpe de Talos,Taloskappen-Mycel,Micelio del cappuccetto di Talos,Micelio de Sombrero de Talos,Micélio de Boina de Talos,Мицелий талосника,เส้นใย​เห็ด​ทาล​อส,Sợi Nấm Mũ Talos,Miselium Topi Talos
塔罗斯菌,塔羅斯菌,Talos Cap Spot,タロス茸,탈로스 버섯,Cèpe de Talos,Taloskappe,Cappuccetto di Talos,Sombrero de Talos,Boina de Talos,Талосник,เห็ด​ทาล​อส,Nấm Mũ Talos,Topi Talos
塔晶,塔晶,Talosite,タロサイト,유령수정,Talosite,Talosit,Talosite,Talosita,Talosita,Талозит,ทา​โล​ไซต์,Talosite,Talosite
塔晶集换,塔晶集換,Talosite Exchange,タロサイト交換,유령수정 교환,Échange de talosite,Talosit-Börse,Scambio talosite,Intercambio de Talosita,Troca de Talosita,Обменник талозита,จุด​แลก​ทา​โล​ไซต์,Trao Đổi Talosite,Bursa Talosite
汤汤,湯湯,Tangtang,タンタン,탕탕,Tangtang,Tangtang,Tangtang,Tangtang,Tangtang,Тантан,ถัง​ถัง,Tangtang,Tangtang
汤汤的信物,湯湯的信物,Tangtang's Token,タンタンの印,탕탕의 증표,Jeton de Tangtang,Tangtangs Token,Tributo di Tangtang,Ficha de Tangtang,Símbolo de Tangtang,Жетон Тантан,โท​เคน​ของ​ถัง​ถัง,Xu của Tangtang,Token Tangtang
谈剑堂,談劍堂,Tanjian Hall,談剣堂,담검당,Salle de Tanjian,Tanjian-Halle,Accademia Tanjian,Salón tanjian,Tanjian Hall,Зал Таньцзянь,หอ​ถัน​เจียน,Đàm Kiếm Đường,Balai Tanjian
武器定向补给,武器定向補給,Targeted Weapon Supply,武器特定補給,무기 지정 보급,Approvisionnement en armes ciblé,Wahlwaffenvorrat,Scorta di armi mirate,Suministro de armas teledirigido,Suprimento de Armas Alvo,Заказной ящик оружия,เสบียง​อาวุธ​เป้าหมาย,Tiếp Tế Vũ Khí Nhắm Mục Tiêu,Suplai Senjata Tertarget
塔尔11,塔爾11,Tarr 11,タール11,타르 11,Tarr 11,Tarr 11,Tarr 11,Tarr 11,Tarr 11,Тарр 11,ทาร์​ 11,Tarr 11,Tarr 11
苦叶椒,苦葉椒,Tartpepper,苦葉椒,쓴맛 나는 고추,Poivriaigre,Scharfpaprika,Amaroncino,Pimienta ácida,Pimenta Azeda,Терпкий перец,พริก​เปรี้ยว,Ớt Chua,Tartpepper
苦叶椒腌菜·升级,苦葉椒醃菜·升級,Tartpepper Pickle Upgrade,苦葉椒の漬物（強化）,쓴맛 나는 고추절임 · 업그레이드,Amélioration de poivriaigre en saumure,Verbesserung: Eingelegte Scharfpaprika,Potenziamento: amaroncino sott'aceto,Mejora de pepinillos de pimienta ácida,Upgrade de Picles de Pimenta Azeda,Улучшение маринованного терпкого перца,อัป​เกรด​พริก​เปรี้ยว​ดอง,Nâng Cấp Ớt Chua Muối,Upgrade untuk Acar Tartpepper
苦叶椒田块,苦葉椒田塊,Tartpepper Plot,苦葉椒畑,쓴맛 나는 고추 논배미,Parcelle de poivriaigre,Scharfpaprika-Beet,Terreno per amaroncino,Terreno de pimienta ácida,Lote de Pimenta Azeda,Участок терпкого перца,แปลง​พริก​เปรี้ยว,Ô Đất Ớt Chua,Petak Tartpepper
苦叶沙拉·升级,苦葉沙拉·升級,Tartpepper Salad Upgrade,苦葉サラダ（強化）,쓴맛 나는 샐러드 · 업그레이드,Amélioration de salade de poivriaigre,Verbesserung: Scharfpaprika-Salat,Potenziamento: insalata di amaroncino,Mejora de ensalada de pimienta ácida,Upgrade de Salada de Pimenta Azeda,Улучшение салата из терпкого перца,อัป​เกรด​สลัด​พริก​เปรี้ยว,Nâng Cấp Salad Ớt Chua,Upgrade untuk Salad Tartpepper
苦叶椒种子,苦葉椒種子,Tartpepper Seed,苦葉椒の種,쓴맛 나는 고추 씨앗,Graine de poivriaigre,Scharfpaprika-Saat,Semi di amaroncino,Semilla de pimienta ácida,Semente de Pimenta Azeda,Семя терпкого перца,เมล็ด​พริก​เปรี้ยว,Hạt Ớt Chua,Benih Tartpepper
《味蕾上的四号谷地:工团杂烩汤篇》,《味蕾上的四號谷地：工團雜燴湯篇》,Tastes of V4: Workers' Borscht,『四号谷地の味覚：工業団ごった煮編』,<4번 협곡의 맛을 찾아서: 공단 잡탕 수프 편>,Saveurs de la V4 : le bortsch des travailleurs,Geschmäcker von T4: Borschtsch der Arbeiter,Sapori di V4: borscht dei lavoratori,Gastronomía del V4: Borscht de los trabajadores,Sabores de V4: Borscht dos Trabalhadores,Вкусы Долины IV: борщ рабочих,รสชาติ​ของ​ V4: ซุป​เปรี้ยว​แรงงาน,Hương Vị Thung Lũng IV: Súp Củ Cải Đường Của Công Nhân,Cita Rasa V4: Borscht Pekerja
塔塔的日志（一）,塔塔的日誌（一）,Tata's Log I,タタのログ（1）,타타의 일지(1),Journal de Tata I,Tata-Log I,Registro di Tata I,Registro de Tate I,Log de Tata I,Журнал I Тэта,บันทึก​ของ​ทา​ทา​ I,Nhật Ký của Tata I,Log Tata I
塔塔的日志（二）,塔塔的日誌（二）,Tata's Log II,タタのログ（2）,타타의 일지(2),Journal de Tata II,Tata-Log II,Registro di Tata II,Registro de Tate II,Log de Tata II,Журнал II Тэта,บันทึก​ของ​ทา​ทา​ II,Nhật Ký của Tata II,Log Tata II
编队,編隊,Team,編成,팀 편성,Équipe,Team,Squadra,Equipo,Equipe,Команда,ทีม,Đội,Tim
小队作战,小隊作戰,Team Combat,チーム作戦,팀 작전,Combat d'équipe,Teamkampf,Combattimento in squadra,Modo de combate en equipo,Combate em Equipe,Командный бой,การต่อสู้​เป็น​ทีม,Đội Chiến Đấu,Pertarungan Tim
技术生产办公室,技術生產辦公室,Technological Production Office,技術生産室,기술 생산 사무소,Bureau de production technologique,Abteilung für technologische Produktion,Ufficio produzione tecnologica,Oficina de Producción Tecnológica,Escritório de Produção Tecnológica,Отдел технологий и производства,สำนักงาน​การผลิต​เทคโนโลยี,Phòng Sản Xuất Công Nghệ,Kantor Produksi Teknologi
临时：极其珍贵的货物,臨時：極其珍貴的貨物,TEMP: Super Valuable Cargo,臨時：とても貴重な商品,임시: 매우 귀한 화물,TEMPORAIRE : Cargaison de très grande valeur,VORÜ: Sehr wertvolle Fracht,TEMP: Carico di grande valore,Carga super valiosa (TEMPORAL),TEMP: Carga Supervaliosa,ВРЕМ.: очень ценный груз,ชั่วคราว​: ลัง​ของมีค่า​อย่างยิ่ง,TẠM THỜI: Hàng Hóa Cực Kỳ Giá Trị,TEMP: Kargo Sangat Berharga
避难所临时规约,避難所臨時公約,Temporary Convention of the Shelter,避難所臨時規約,대피소 임시 규정,Convention temporaire de l'abri,Temporäre Konvention der Zuflucht,Convenzione temporanea del rifugio,Convenio temporal del refugio,Convenção Temporária do Abrigo,Временный договор приюта,กฎ​ชั่วคราว​ใน​ที่หลบภัย,Công Ước Tạm Thời của Nơi Trú Ẩn,Peraturan Sementara Selter
暂存能量淤积点,暫存能量淤積點,Temporary Energy Alluvium,"臨時<p=""ちょういき"" padding=0>超域</p>活性点",임시 에너지 응집점,Alluvion d'énergie temporaire,Temporäres Energie-Alluvium,Sedimento energetico temporaneo,Aluvión energético temporal,Aluvião de Energia Temporário,Временный аллювий энергии,อัล​ลู​เวีย​ม​พลังงาน​ชั่วคราว,Năng Lượng Bồi Tích Tạm Thời,Aluvium Energi Sementara
扫描暂存能量淤积点,掃描暫存能量淤積點,Temporary Energy Alluvium: Scanning,"臨時<p=""ちょういき"" padding=0>超域</p>活性点のスキャン",임시 에너지 응집점을 스캔하기,Alluvion d'énergie temporaire : analyse,Temporäres Energie-Alluvium: Scannen,Sedimento energetico temporaneo: scansione,Aluvión energético temporal: Escaneo,Aluvião de Energia Temporário: Varredura,Временный аллювий энергии: сканирование,อัล​ลู​เวีย​ม​พลังงาน​ชั่วคราว​ การ​สแกน,Năng Lượng Bồi Tích Tạm Thời: Quét,Aluvium Energi Sementara: Memindai
临时避难所,臨時避難所,Temporary Shelter,臨時避難所,임시 대피소,Abri temporaire,Behelfsunterkunft,Rifugio temporaneo,Refugio temporal,Abrigo Temporário,Временный приют,ที่พัก​ชั่วคราว,Hầm Trú Ẩn Tạm Thời,Selter Sementara
临时堆放区,臨時堆放區,Temporary Stockpile,臨時物資保管場,임시 보관 구역,Réserve temporaire,Behelfslager,Stoccaggio temporaneo,Almacén temporal,Estoque Temporário,Временный склад,พื้นที่​จัดเก็บ​ชั่วคราว,Khu Tập Kết Tạm,Persediaan Sementara
试验园区,實驗園區,Test Area,実験区域,실험 구역,Zone de test,Testzone,Area dei test,Área de pruebas,Área de Testes,Область испытаний,เขต​ทดสอบ,Khu Thử Nghiệm,Area Uji Coba
试验园区入口,實驗園區入口,Test Area Entrance,実験区域・入口,실험 구역 입구,Entrée de la zone de test,Testzone: Eingang,Entrata dell'area dei test,Entrada al Área de pruebas,Entrada da Área de Testes,Вход в область испытаний,ทางเข้า​เขต​ทดสอบ,Lối Vào Khu Thử Nghiệm,Pintu Masuk Area Uji Coba
园区外围,園區外圍,Test Area Peripheries,実験区域・外縁,실험 구역 외곽,Périphérie de la zone de test,Testzonen-Außenbereiche,Margini dell'area dei test,Periferias del área de pruebas,Periferias da Área de Teste,Окраины области испытаний,รอบนอก​เขต​ทดสอบ,Vành Ngoài Khu Thử Nghiệm,Pinggiran Area Uji Coba
测试用蚀刻章,測試用蝕刻章,TEST Engraved Medal,テスト用勲章,테스트용 식각 훈장,TEST médaille gravée,Gravierte Medaille – TEST,TEST - Medaglia incisa,PRUEBA de Medalla grabada,TESTE Medalha Gravada,ТЕСТ: чеканная медаль,เหรียญ​สลัก​ทดสอบ,Huy Chương Khắc TEST,TES Medali Ukir
测试用音乐,測試用音樂,TEST Music,テスト用音楽,테스트용 음악,TEST Musique,TEST-Musik,TEST - Musica,PRUEBA de Música,TESTE Música,ТЕСТ: музыка,ดนตรี​ทดสอบ,Nhạc TEST,TES Musik
不落坚城,不落堅城,The Bastion Never Breached,不落の要塞,난공불락의 요새,Le bastion jamais conquis,Die uneinnehmbare Bastion,Il bastione inespugnabile,El Bastión inquebrantable,O Bastião Nunca Rompido,Несокрушимый бастион,ป้อมปราการ​มิ​อาจ​ถูก​เจาะ,Thành Lũy Chưa Bao Giờ Bị Công Phá,Baluarti Tak Tertembus
碾骨氏族,碾骨氏族,The Bonekrusher Clan,ボーンクラッシャー,본 크러셔 집단,Le clan des Broyeurs d'os,Der Knochenbrecher-Klan,Il clan degli Spacca-Ossa,El Clan de los Rompehuesos,O Clã Quebra-Ossos,Клан Костоломов,แคลน​โบน​ค​รัช​เชอร์,Tộc Bonekrusher,Klan Bonekrusher
沉降地带,沉降地帶,The Depression,窪地,침강 지대,La Dépression,Die Senke,La Depressione,La depresión,A Depressão,Впадина,แอ่ง​ลึก,Vùng Trũng,Depresi
管理员,管理員,The Endministrator,管理人,관리자,L'Endministrator,Der Endministrator,L'Endministrator,El Endministrator,O Endministrator,Эндминистратор,Endministrator,Endministrator,Endministrator
未来,未來,The Future,未来,미래,L'avenir,Die Zukunft,Il futuro,El Futuro,O Futuro,Будущее,อนาคต,Tương Lai,Masa Depan
引领者,引領者,The Guide,導く者,선구자,Guide,Der Leitstern,Luce guida,La Guía,A Guia,Проводник,เครื่องนำทาง,Người Hướng Dẫn,Sang Pemandu
枢纽区,樞紐區,The Hub,中枢エリア,거점 지역,Hub,Der Hub,Polo centrale,La Base,A Base,Центр,ศูนย์​ส่วนกลาง,Trung Tâm,Hub
旅行伊始,旅行伊始,The Journey Begins,旅立ち,여행의 시작,Le voyage commence,Der Beginn einer Reise,Il viaggio ha inizio,El viaje comienza,O Começo da Jornada,Начало путешествия,การ​เดินทาง​เริ่มต้น,Hành Trình Bắt Đầu,Perjalanan Bermula
王与骑士,王與騎士,The King and the Knight,キング&ナイト,킹과 나이트,Le roi et le cavalier,Der König und der Ritter,Il re e il cavaliere,El rey y el caballero,O Rei e o Cavaleiro,Король и рыцарь,ราชา​และ​อัศวิน,Vua Và Kỵ Sĩ,Bidak Raja dan Kuda
情侣间的留言,情侶間的留言,The Lovers' Messages,恋人たちのメッセージ,연인 간의 메시지,Messages des amants,Liebesbriefe,Messaggi degli innamorati,Mensajes de los enamorados,As Mensagens dos Amantes,Послания влюбленных,ข้อความ​ของ​คู่รัก,Tin Nhắn Của Người Tình,Pesan sang Kekasih
种植者留痕,The Planter's Trace,The Planter's Trace,The Planter's Trace,The Planter's Trace,The Planter's Trace,The Planter's Trace,The Planter's Trace,The Planter's Trace,The Planter's Trace,The Planter's Trace,The Planter's Trace,The Planter's Trace,The Planter's Trace
协议,協議,The Protocol,協約,프로토콜,Protocole,Das Protokoll,Il protocollo,El Protocolo,O Protocolo,Протокол,เดอะ​โปร​โต​คอล,Giao Thức,Protokol
启明,啟明,The Revelation,啓明,샛별,La Révélation,Die Offenbarung,La rivelazione,La Revelación,A Revelação,Откровение,การ​เปิดเผย,Khai Minh,Pengungkapan
写生者的恍然大悟,寫生者的恍然大悟,The Sketcher's Eureka Moment,写生する人のひらめき,그림 그리는 사람의 깨달음,La révélation du dessinateur,Einem Zeichner geht ein Licht auf,"Il momento ""Eureka"" del disegnatore",La epifanía del dibujante,Momento Eureka do Desenhista,Озарение рисовальщика,ช่วงเวลา​แห่ง​การ​ค้นพบ​ของ​นัก​วาดภาพ,Khoảnh khắc Eureka của Người Phác Thảo,Momen Eureka Pembuat Sketsa
凝华,凝華,The Still Blossom,氷の華,응화,Fleur immobile,Die schweigsame Blüte,Bocciolo immobile,La flor inmóvil,A Flor Imóvel,Застывший цветок,ดอกไม้​ที่​หยุดนิ่ง,Đóa Hoa Lặng Im,Mekar dalam Diam
巡卫的提示,巡衛的提示,The Watchguard's Advisory,巡衛員からの忠告,순찰대원의 안내,Alerte d'une sentinelle,Ratschlag der Wache,L'avviso della guardia,Aviso del Vigilante,O Aviso do Patrulheiro,Уведомление от дозорного,คำแนะนำ​ของ​องครักษ์,Tư Vấn Của Cảnh Vệ Liu,Nasihat Opsir
默认主题,預設主題,Theme: Default,デフォルトテーマ,기본 테마,Thème : par défaut,Design: Standard,Tema predefinito,Tema: predeterminado,Tema: Padrão,Тема по умолчанию,ธีม​: เริ่มต้น,Chủ Đề: Mặc Định,Tema: Default
热能池,熱能池,Thermal Bank,発電機,열에너지 뱅크,Bloc thermique,Thermobank,Centralina termica,Banco térmico,Banco Térmico,Термический банк,เทอร์​มอล​แบงค์,Nguồn Nhiệt Năng,Bank Termal
热能池模板,熱能池模板,Thermal Bank Template,発電機の設計図,열에너지 뱅크 템플릿,Modèle de bloc thermique,Vorlage: Thermobank,Schema: centralina termica,Molde del Banco térmico,Gabarito de Banco Térmico,Шаблон термического банка,เทม​เพล​ต​เทอร์​มอล​แบงค์,Mẫu Nguồn Nhiệt Năng,Templat Bank Termal
热熔切割器,熱熔切割器,Thermite Cutter,テルミット・カッター,테르밋 커터,Coupe-thermite,Thermitschneider,Tagliatrice termitica,Cortador de termita,Cortadora de Termita,Термитный резак,เครื่อง​ตัด​เทอร์​ไมต์,Kiếm Cắt Nhiệt,Thermite Cutter
荆刺芽针,荊刺芽針,Thorny Yazhen,茨芽針,가시 야침,Chardille épineuse,Dorniges Yazhen,Yazhen spinato,Yazhen espinoso,Broto-Agulha Espinhoso,Колючий ячжэнь,ย่า​เจิน​หนาม,Mầm Lá Kim Gai,Yazhen Duri
荆刺芽针粉末,荊刺芽針粉末,Thorny Yazhen Powder,茨芽針粉薬,가시 야침 가루,Poudre de chardille épineuse,Dorniges Yazhen-Pulver,Polvere di yazhen spinato,Polvo de Yazhen espinoso,Pó de Broto-Agulha Espinhoso,Молотый колючий ячжэнь,ผง​ย่า​เจิน​หนาม,Bột Mầm Lá Kim Gai,Bubuk Yazhen Duri
荆刺芽针样本,荊刺芽針樣本,Thorny Yazhen Sample,茨芽針のサンプル,가시 야침 표본,Échantillon de chardille épineuse,Probe: Dorniges Yazhen,Campione di yazhen spinato,Muestra de Yazhen espinoso,Amostra de Broto-Agulha Espinhoso,Образец колючего ячжэня,ตัวอย่าง​ย่า​เจิน​หนาม,Mẫu Mầm Lá Kim Gai,Sampel Yazhen Duri
大雷斑,大雷斑,Thunderberge,大雷斑,천둥의 흔적,Foudreberge,Donnerberg,Tuonberga,Truenoberge,Thunderberge,Громберг,ธัน​เดอร์​เ​บิ​ร์​จ,Bảo Kiếm Sấm Sét,Thunderberge
田家特色烂肉面,田家特色爛肉麵,Tian's Braised Meat Noodles,テンの名物爛肉麺,전씨네 특제 고기국수,Nouilles à la viande braisée de Tian,Tians Nudeln mit Schmorbraten,Noodle con carne brasata di Tian,Fideos con carne estofada de Tian,Macarrão com Carne Cozida de Tian,Особая лапша с тушеным мясом от тети Тянь,บะหมี่​เนื้อ​ตุ๋น​สูตร​พิเศษ​ของ​ป้า​เ​ถี​ยน,Mì Thịt Kho của Dì Tian,Mie Semur Daging Khas Tian
天井院,天井院,Tianjing Courtyard,観天院,천정원,Cour de Tianjing,Tianjing-Hof,Cortile Tianjing,Patio de Tianjing,Jardim de Tianjing,Двор Тяньцзин,ลาน​เทียน​จิง,Thiên Tỉnh Viện,Halaman Tianjing
天师府学院,天師府學院,Tianshi Bureau Academy,天師府学院,천사부 학원,Académie des Tianshi,Akademie der Tianshi-Behörde,Accademia Istituto Tianshi,Academia de la Oficina de Tianshi,Academia do Escritório Tianshi,Академия бюро Тяньши,สถาบัน​สำนัก​เทียน​ซือ,Học Viện Cục Thiên Sư,Akademi Biro Tianshi
天师桩阵列,天師樁陣列,Tianshi Pillar Array,天師杭陣,천사장 배열,Matrice du pilier des Tianshi,Tianshi-Säulenreihe,Schiera di colonne Tianshi,Conjunto de pilares de Tianshi,Conjunto de Pilares de Tianshi,Группа столбов Тяньши,แนว​เสา​เทียน​ซือ,Trận Cột Thiên Sư,Susunan Pilar Tianshi
天师桩机芯货组,天師樁機芯貨組,Tianshi Pillar Cores [pkg],天師杭機芯セット,천사장 기계 핵심 상품군,Noyaux de piliers des Tianshi [colis],Kerne der Tianshi-Säule [Paket],Nuclei delle colonne Tianshi (pacco),Núcleos de Pilares de Tianshi [paq.],Núcleos de Pilares de Tianshi [pct],Ядра столбов Тяньши [упак.],แกน​เสา​เทียน​ซือ​ [แพ็คเกจ​],Lõi Cột Thiên Sư [bộ],Inti Pilar Tianshi [pkt]
天师桩模型,天師樁模型,Tianshi Pillar Model,天師杭の模型,천사장 모델,Modèle réduit de pilier des Tianshi,Tianshi-Säulen-Modell,Modellino della colonna Tianshi,Modelo de Pilar de Tianshi,Miniatura de Pilar de Tianshi,Модель столба Тяньши,เสา​เทียน​ซือ​จำลอง,Mô Hình Cột Thiên Sư,Miniatur Pilar Tianshi
天师桩研发中心,天師樁研發中心,Tianshi Pillar R&D Center,天師杭研究本部,천사장 연구 개발 센터,Centre de R&D du pilier des Tianshi,Tianshi-Säule: F&E-Zentrum,Centro di ricerca e sviluppo della colonna Tianshi,Centro de I+D del Pilar de Tianshi,Centro de P&D de Pilares de Tianshi,Научно-исследовательский центр столбов Тяньши,ศูนย์​วิจัยและพัฒนา​เสา​เทียน​ซือ,Trung Tâm NC&PT Cột Thiên Sư,Pusat Litbang Pilar Tianshi
损坏的天师桩,損壞的天師樁,Tianshi Pillar: Damaged,"損傷した<p=""てんしこう"" padding=0>天師杭</p>",손상된 천사장,Pilier des Tianshi : dégâts,Tianshi-Säule: Beschädigt,Colonna Tianshi: danneggiata,Pilar de Tianshi: Dañado,Pilar de Tianshi: Danificado,Поврежденный столб Тяньши,เสา​เทียน​ซือ​: ที่​เสียหาย,Cột Thiên Sư: Hư Hỏng,Pilar Tianshi: Rusak
天师桩的爻,天師樁的爻,Tianshi Pillar: Divinograms,"<p=""てんしこう"" padding=0>天師杭</p>の<p=""か"" padding=0>卦</p>",천사장의 효,Pilier des Tianshi : divinogrammes,Tianshi-Säulen: Divinogramme,Colonna Tianshi: divinogrammi,Pilar de Tianshi: Divinogramas,Pilar de Tianshi: Divinogramas,Столб Тяньши: небеснограммы,เสา​เทียน​ซือ​: ภาพ​ลาย​อักษร,Cột Thiên Sư: Quẻ Thần Thánh,Pilar Tianshi: Divinogram
修复天师桩,修復天師樁,Tianshi Pillar: Repairs,"<p=""てんしこう"" padding=0>天師杭</p>の修復",천사장 수리,Pilier des Tianshi : réparations,Tianshi-Säule: Reparatur,Colonna Tianshi: riparazione,Pilar de Tianshi: Reparaciones,Pilar de Tianshi: Reparos,Ремонт столба Тяньши,เสา​เทียน​ซือ​: ซ่อมแซม,Cột Thiên Sư: Sửa Chữa,Pilar Tianshi: Perbaikan
天师桩的辅助系统,天師樁的輔助系統,Tianshi Pillar: Support System,"<p=""てんしこう"" padding=0>天師杭</p>の補助システム",천사장의 보조 시스템,Pilier des Tianshi : dispositif de soutien,Tianshi-Säule: Unterstützungssystem,Colonna Tianshi: sistema di supporto,Pilar de Tianshi: sistema de Soporte,Pilar de Tianshi: Sistema de Apoio,Столб Тяньши: система поддержки,เสา​เทียน​ซือ​: ระบบ​สนับสนุน,Cột Thiên Sư: Hệ Thống Hỗ Trợ,Pilar Tianshi: Sistem Penyokong
破潮之像,破潮之像,Tidalklast,破潮の像,파조의 상,Mariclaste,Anomaliemonster,Tidalklast,Tidalklast,Tidalklast,Приливолом,คลื่น​ทลาย,Tidalklast,Tidalklast
落潮轻甲,落潮輕甲,Tide Fall Light Armor,干潮軽防具,낙조 경갑,Armure légère de décrue,Leichte Tiden-Rüstung,Armatura leggera della bassa marea,Armadura ligera de Marea Baja,Armadura Leve Maré Baixa,Легкая броня «Спад прилива»,เกราะ​เบา​คลื่น​สลาย,Giáp Hạng Nhẹ Triều Hạ,Armor Ringan Tide Fall
潮涌手甲,潮湧手甲,Tide Surge Gauntlets,満潮ガントレット,조류의 물결 금속 장갑,Gantelets de raz-de-marée,Sturmflut-Fingerhandschuhe,Coprimani dell'alta marea,Guanteletes de Marea Alta,Manoplas Maré Alta,Рукавицы «Натиск прилива»,ถุงมือ​เกราะ​คลื่น​กระชาก,Giáp Tay Triều Xung,Gauntlet Tide Surge
浪潮海石,浪潮海石,Tidestone Specimen,潮汐晶石,물결석,Spécimen de vagueroche,Gezeitenstein-Probe,Campione di pietramarea,Espécimen de piedra de marea,Espécime de Pedramaré,Образец приливного камня,ตัวอย่าง​หิน​ไทด์​สโตน,Mẫu Đá Thủy Triều,Spesimen Batu Ombak
潮行天使,潮行天使,Tidewalker,潮進アンゲロス,조류아겔로스,Brise-marée,Gezeitenwanderer,Attraversamarea,Caminante de mareas,Andarilho da Maré,Волноход,นัก​เดิน​ทะเล,Kẻ Lướt Sóng,Tidewalker
潮行天使δ,潮行天使δ,Tidewalker δ,潮進アンゲロスδ,조류아겔로스 · δ,Brise-marée δ,Gezeitenwanderer δ,Attraversamarea δ,Caminante de mareas δ,Andarilho da Maré δ,Волноход δ,นัก​เดิน​ทะเล​ δ,Kẻ Lướt Sóng δ,Tidewalker δ
虎·牢·关,虎·牢·關,Tiger Cage,「虎牢関」,호 · 뢰 · 관,Cage à tigre,Tigerkäfig,Gabbia per tigri,Jaula de tigre,Gaiola do Tigre,Клетка для тигра,กรง​เสือ,Lồng Thú,Kandang Macan
狩猎时间到,狩獵時間到,Time for the Hunt,狩猟開始,사냥의 시간,L'heure de la chasse,Zeit für die Jagd,Si va a caccia,Es hora de la cacería,Hora de Caçar,Время для охоты,ถึง​เวลา​ล่า,Thời Khắc Săn Mồi,Saatnya Berburu
及时维修,及時維修,Timely Repairs,設備修理,즉시 수리,Réparations rapides,Rechtzeitige Reparaturen,Riparazioni puntuali,Reparaciones oportunas,Reparos Rápidos,Своевременный ремонт,การซ่อมแซม​ที่​เหมาะสม,Sửa Chữa Kịp Thời,Perbaikan Tepat Waktu
胆小源石虫,膽小源石蟲,Timid Originium Slug,弱虫オリジムシ,겁쟁이 원석충,Limace d'originium craintive,Scheue Originium-Schnecke,Origilumaca timida,Babosa de Originio tímida,Lesma Tímida do Originium,Робкий ориджиниевый слизень,ทาก​ออ​ริ​จิ​เนียม​ขี้อาย,Sên Originium Nhút Nhát,Siput Originium Jinak
捕捉胆小源石虫,捕捉膽小源石蟲,Timid Originium Slug: Capturing,弱虫オリジムシの捕獲,겁쟁이 원석충을 포획하기,Limace d'originium craintive : capture,Scheue Originium-Schnecke: Einfangen,Origilumaca timida: cattura,Babosa de Originio tímida: Captura,Lesma Tímida do Originium: Captura,Робкий ориджиниевый слизень: поимка,ทาก​ออ​ริ​จิ​เนียม​ขี้อาย​: การ​จับ,Sên Originium Nhút Nhát: Bắt,Siput Originium Jinak: Menangkap
胆小源石虫的逃窜轨迹,膽小源石蟲的逃竄軌跡,Timid Originium Slug: Escape Path,弱虫オリジムシの逃走ルート,겁쟁이 원석충의 도주 경로,Limace d'originium craintive : fuite,Scheue Originium-Schnecke: Fluchtweg,Origilumaca timida: schema di fuga,Babosa de Originio tímida: Ruta de escape,Lesma Tímida do Originium: Caminho de Fuga,Робкий ориджиниевый слизень: путь отхода,ทาก​ออ​ริ​จิ​เนียม​ขี้อาย​: เส้นทาง​หลบหนี,Sên Originium Nhút Nhát: Đường Thoát Hiểm,Siput Originium Jinak: Jalan Kabur
预判胆小源石虫的位置,預判膽小源石蟲的位置,Timid Originium Slug: Predict the Resting Place,弱虫オリジムシの位置の予測,겁쟁이 원석충의 위치를 예측하기,Limace d'originium craintive : prédiction du lieu de repos,Scheue Originium-Schnecke: Vorhersage des Ruheplatzes,Origilumaca timida: luoghi di riposo,Babosa de Originio tímida: Predecir lugar de descanso,Lesma Tímida do Originium: Previsão do Local de Descanso,Робкий ориджиниевый слизень: прогнозирование мест отдыха,ทาก​ออ​ริ​จิ​เนียม​ขี้อาย​: ทำคุณ​จุด​พัก,Sên Originium Nhút Nhát: Đoán Nơi Nghỉ Ngơi,Siput Originium Jinak: Memprediksi Tempat Istirahat
行渡,"To Walk, To Cross","To Walk, To Cross","To Walk, To Cross","To Walk, To Cross","To Walk, To Cross","To Walk, To Cross","To Walk, To Cross","To Walk, To Cross","To Walk, To Cross","To Walk, To Cross","To Walk, To Cross","To Walk, To Cross","To Walk, To Cross"
开怀,開懷,Toast to Joy,満悦,유쾌한 밤,Ode à la joie,Trinkspruch auf die Freude,Brindisi alla gioia,Brindis por la alegría,Brinde à Alegria,Тост за радость,ดื่ม​ฉลอง​แด่​ความสุข,Nâng Ly Chúc Mừng,Bersulang untuk Kebahagiaan
今日菜单,今日菜單,Today's Menu,本日のメニュー,메뉴판,Menu du jour,Heutige Speisekarte,Menù di oggi,Menú del día,Cardápio do Dia,Сегодняшнее меню,เมนู​ประจำวัน,Thực Đơn Hôm Nay,Menu Hari Ini
俯瞰模式,俯瞰模式,Top View Mode,見下ろし視点,탑뷰 모드,Mode Vue aérienne,Draufsicht-Modus,Vista dall'alto,Modo de vista superior,Modo de Visão Superior,Вид сверху,โหม​ด​มุมมอง​ด้านบน,Chế Độ Xem Từ Trên Xuống,Mode Tampilan Atas
批量框选,大量框選,Top View Mode: Box Selection,一括選択,일괄 선택,Mode Vue aérienne : sélection d'ensemble,Draufsicht-Modus: Rahmenauswahl,Vista dall'alto: selezione a riquadro,Modo de vista superior: Selección por recuadro,Modo de Visão Superior: Seleção de Caixa,Вид сверху: выбрать несколько,โหม​ด​มุมมอง​ด้านบน​: กล่อง​เลือก,Chế Độ Xem Từ Trên Xuống: Chọn Khối,Mode Tampilan Atas: Pemilihan Kotak
被撕碎的手写信,被撕碎的手寫信,Torn Manuscript,破り捨てられた手紙,찢어진 손 편지,Manuscrit abîmé,Zerrissenes Manuskript,Manoscritto strappato,Manuscrito roto,Manuscrito Rasgado,Порванная рукопись,ต้นฉบับ​ที่​ฉีกขาด,Bản Thảo Bị Rách,Naskah Robek
残破的安全警告,殘破的安全警告,Torn Safety Warning,破損した警告表示,파손된 안전 경고문,Avertissement de sécurité déchiré,Zerrissener Sicherheitshinweis,Avvertimento strappato,Nota rasgada con advertencia de seguridad,Aviso de Segurança Despedaçado,Порванное предупреждение,คำเตือน​ความปลอดภัย​ที่​ถูก​ฉีก,Cảnh Báo An Toàn Rách Bươm,Peringatan Keselamatan yang Robek
“暴雨”铳械塔,「暴雨」銃械塔,Torrent Gun Tower,「豪雨」銃器塔,'폭우' 총기 타워,Tour à mitrailleuse torrentielle,Sturzflut-Geschützturm,Torretta fucile ad acqua,Torre de cañón torrencial,Torre de Armas Torrente,Орудийная вышка «Ливень»,ป้อม​ปืน​ทอ​ร์​เรน​ต์,Tháp Đại Bác Dòng Xiết,Menara Tembak Torrent
“暴雨”铳械塔模板,「暴雨」銃械塔模板,Torrent Gun Tower Template,「豪雨」銃器塔の設計図,'폭우' 총기 타워 템플릿,Modèle de tour à mitrailleuse torrentielle,Vorlage: Sturzflut-Geschützturm,Schema: torretta fucile ad acqua,Molde de Torre de cañón torrencial,Gabarito de Torre de Armas Torrente,Шаблон орудийной вышки «Ливень»,เทม​เพล​ต​ป้อม​ปืน​ทอ​ร์​เรน​ต์,Mẫu Tháp Đại Bác Dòng Xiết,Templat Menara Tembak Torrent
全面抹消奖章,全面抹除獎章,Total Obliterator,全体殲滅勲章,전면 삭제 훈장,Oblitération totale,Totaler Vernichter,Obliterazione totale,Destrucción total,Obliterador Total,Полное истребление,การทำลายล้าง​ให้​ราบคาบ,Diệt Sạch,Pembinasa Sempurna
坚韧软管残块,堅韌軟管殘塊,Tough Tubular Fragment,硬質チューブの欠片,질긴 파이프 조각,Fragment tubulaire robuste,Robustes Röhrenfragment,Frammento tubolare robusto,Fragmento tubular resistente,Fragmento Tubular Resistente,Прочный трубчатый фрагмент,เศษ​ท่อ​ทนทาน,Mảnh Ống Cứng Cáp,Fragmen Berbentuk Tabung Kokoh
游客们的推测,遊客們的推測,Tourists' Speculations,観光客たちの推測,관람객들의 추측,Spéculations de touristes,Spekulationen von Touristen,Speculazioni tra turisti,Especulaciones de turistas,Especulações dos Turistas,Догадки туристов,สมมติฐาน​ของ​นักท่องเที่ยว,Suy Đoán Của Du Khách,Spekulasi Turis
塔吊,塔吊,Tower Crane,タワークレーン,크레인,Grue à tour,Turmkran,Gru a torre,Grúa de carga,Guindaste de Torre,Башенный кран,ทาวเวอร์​เครน,Cần Trục Tháp,Derek Menara
塔吊操作台,塔吊操作台,Tower Crane Control Panel,タワークレーンの操作台,크레인 조작대,Panneau de contrôle de la grue à tour,Turmkran-Steuerpult,Gru a torre: pannello di controllo,Panel de control de Grúa de carga,Painel de Controle do Guindaste de Torre,Панель управления башенным краном,แผง​ควบคุม​ทาวเวอร์​เครน,Bảng Điều Khiển Cần Trục Tháp,Panel Kontrol Derek Menara
修复塔吊操作台,修復塔吊操作台,Tower Crane Control Panel Repairs,タワークレーンの操作台の修理,크레인 조작대를 수리하기,Réparation des panneaux de contrôle de la grue à tour,Reparaturen von Turmkran-Steuerpulten,Gru a torre: riparazione dei pannelli di controllo,Reparaciones de Paneles de control de Grúas de carga,Reparos em Painéis de Controle de Guindastes de Torre,Ремонт панелей управления башенным краном,การซ่อมแซม​แผง​ควบคุม​ทาวเวอร์​เครน,Sửa Chữa Bảng Điều Khiển Cần Trục Tháp,Perbaikan Panel Kontrol Derek Menara
行迹高塔,行跡高塔,Tower of Trails,実績展示,궤적의 고탑,Tour des sentiers,Turm der Pfade,Torre dei sentieri,Torre de senderos,Torre das Trilhas,Башня пройденных троп,หอคอย​แห่ง​เส้นทาง,Tháp Theo Dấu,Menara Jalur
传送台,傳送台,TP Platform,転送台,전송대,Plateforme TP,TP-Plattform,Piattaforma TP,Plataforma de TP,Plataforma de TP,Платформа ТП,แพลตฟอร์ม​ TP,Nền Tảng Dịch Chuyển,Platform TP
协议传送点,協議傳送點,TP Point,協約転送ポイント,프로토콜 전송 지점,Point TP,TP-Punkt,Punto TP,Punto de TP,Ponto de TP,Точка ТП,จุด​ TP,Điểm Dịch Chuyển,Titik TP
培训材料：危险野生动物，以及天使,培訓資料：危險野生動物，以及天使,Training Material: Dangerous Wildlife and Aggeloi,訓練材料：危険な野生動物およびアンゲロス,"훈련 재료: 위험한 야생동물, 그리고 아겔로스",Support de formation : dangers de la faune et des Aggeloi,Trainingsmaterial: Gefährliche Wildtiere und Aggeloi,Materiale di formazione: fauna pericolosa e Aggeloi,Material de entrenamiento: Fauna peligrosa y Aggeloi,Material de Treinamento: Vida Selvagem Perigosa e Aggeloi,Обучающий материал: опасная фауна и аггелы,เอกสาร​ฝึกอบรม​: สัตว์ป่า​ที่​อันตราย​และ​แอง​เกลอ​ย,Tài Liệu Huấn Luyện: Động Vật Hoang Dã Nguy Hiểm Và Aggeloi,Material Latihan: Margasatwa Berbahaya dan Aggelos
传递区,傳遞區,Transfer Area,中継場,전달 구역,Zone de transfert,Übertragungsbereich,Area di trasporto,Área de transferencia,Área de Transferência,Область трансфера,พื้นที่​ขนถ่าย,Khu Vực Chuyển Giao,Area Transfer
转化技术册α,轉化技術冊α,Transmutation Tech Manual α,変換手帳α,전환 기술 매뉴얼 α,Manuel technique de transmutation α,Transmutations-Techhandbuch α,Manuale della tecnologia di trasmutazione α,Manual técnico de transmutación α,Manual Técnico de Transmutação α,Техническое руководство по видоизменению α,คู่มือ​เทคโนโลยี​การแปร​สภาพ​ α,Sổ Tay Công Nghệ Chuyển Hóa α,Panduan Teknologi Transmutasi α
转化技术册β,轉化技術冊β,Transmutation Tech Manual β,変換手帳β,전환 기술 매뉴얼 β,Manuel technique de transmutation β,Transmutations-Techhandbuch β,Manuale della tecnologia di trasmutazione β,Manual técnico de transmutación β,Manual Técnico de Transmutação β,Техническое руководство по видоизменению β,คู่มือ​เทคโนโลยี​การแปร​สภาพ​ β,Sổ Tay Công Nghệ Chuyển Hóa β,Panduan Teknologi Transmutasi β
传送带,傳送帶,Transport Belt,ベルトコンベア,컨베이어 벨트,Convoyeur à bande,Transportband,Nastro trasportatore,Cinta transportadora,Esteira de Transporte,Транспортировочная лента,สายพาน​ขนส่ง,Băng Tải Vận Chuyển,Sabuk Angkut
传送带 - 异常情形,傳送帶 - 異常情形,Transport Belt: Abnormal Statuses,ベルトコンベア - 異常状態,컨베이어 벨트 - 이상 현상,Convoyeur à bande : statuts anormaux,Transportband: Anomale Zustände,Nastro trasportatore: stati di anomalia,Cinta transportadora: estados anómalos,Esteira de Transporte: Status Anormais,Транспортировочная лента: аномальное состояние,สายพาน​ขนส่ง​: สถานะ​ผิดปกติ,Băng Tải Vận Chuyển: Trạng Thái Bất Thường,Sabuk Angkut: Status Abnormal
传送带 - 物流箭头,傳送帶 - 物流箭頭,Transport Belt: Logistics Arrows,ベルトコンベア - 物流の矢印,컨베이어 벨트 - 물류 화살표,Convoyeur à bande : flèches logistiques,Transportband: Logistikpfeile,Nastro trasportatore: frecce logistiche,Cinta transportadora: flechas logísticas,Esteira de Transporte: Setas de Logística,Транспортировочная лента: стрелки в режиме логистики,สายพาน​ขนส่ง​: ลูกศร​โลจิสติกส์,Băng Tải Vận Chuyển: Mũi Tên Vận Chuyển,Sabuk Angkut: Panah Logistik
传送带 - 区域限制,傳送帶 - 區域限制,Transport Belt: Placement Restrictions,ベルトコンベア - 範囲制限,컨베이어 벨트 - 구역 제한,Convoyeur à bande : restrictions de placement,Transportband: Platzierungseinschränkungen,Nastro trasportatore: limiti di posizionamento,Cinta transportadora: restricciones de colocación,Esteira de Transporte: Restrições de Colocação,Транспортировочная лента: ограничение на размещение,สายพาน​ขนส่ง​: ข้อจำกัด​ใน​การวางตำแหน่ง,Băng Tải Vận Chuyển: Giới Hạn Lắp Đặt,Sabuk Angkut: Batas Penempatan
传送带 - 使用方法,傳送帶 - 使用方法,Transport Belt: Usage,ベルトコンベア - 使用方法,컨베이어 벨트 - 사용 방법,Convoyeur à bande : utilisation,Transportband: Nutzung,Nastro trasportatore: utilizzo,Cinta transportadora: uso,Esteira de Transporte: Uso,Транспортировочная лента: использование,สายพาน​ขนส่ง​: การใช้งาน,Băng Tải Vận Chuyển: Cách Sử Dụng,Sabuk Angkut: Penggunaan
景玉谷交通,景玉谷交通,Transport in Jingyu Valley,景玉谷の交通,경옥 골짜기 교통,Moyens de transport dans la vallée de Jingyu,Transport im Jingyu-Tal,Trasporti a Valle Jingyu,Transporte en el Valle de Jingyu,Transporte no Vale de Jingyu,Транспорт в долине Цзинъю,การ​เดินทาง​ใน​หุบเขา​จิง​หยู,Giao Thông Ở Cảnh Ngọc Cốc,Transportasi di Lembah Jingyu
转运枢纽,轉運樞紐,Transport Nexus,大型輸送拠点,수송 거점,Nœud de transport,Transportnexus,Nexus di trasporto,Nexus de transporte,Nexus de Transporte,Транспортный нексус,เ​น็​ก​ซัส​ขนส่ง,Đầu Mối Vận Tải,Nexus Angkut
踩道,踩道,Treadway,ぬかるんだ道,오솔길,Marchemin,Weg,Sentiero,Pasarela,Passagem,Протоптанный путь,ทางเดิน,Lối Mòn,Jalur Jalan
聚宝窟,聚寶窟,Treasure Grotto,集宝洞,보물의 심장부,Grotte au trésor,Schatzgrotte,Grotta del tesoro,Gruta del tesoro,Gruta do Tesouro,Грот с сокровищами,ถ้ำ​สมบัติ,Hang Động Kho Báu,Groto Harta Karun
潮流对谈,潮流對談,Trendy-fique Discourse,トレンドトーク,트렌드 토크,Conversation tendancissime,Trendi-fiquer Diskurs,Conversazioni stilose,Discurso trendy-chic,Discurso da Moda,Модная беседа,บทสนทนา​แห่ง​แฟชั่น,Bài Diễn Thuyết Thời Thượng,Diskursus Ilmu Trendi
三位一体,三位一體,Triaggelos,トリアンゲロス,트리아겔로스,Triaggelos,Triaggelos,Triaggelos,Triaggelos,Triaggelos,Триаггел,ไตร​แอง​เกลอ​ย,Triaggelos,Triaggelos
演武平台的启动与升级,演武平台的啟動與升級,Trial Arena: Activation and Upgrade,演武プラットフォームの起動とレベルアップ,연무 플랫폼 작동과 업그레이드,Arène des épreuves : activation et amélioration,Prüfungsarena: Aktivierung und Verbesserungen,Arena delle prove: attivazione e aggiornamento,Arena de pruebas: Activación y mejora,Arena dos Desafios: Ativação e Upgrade,Арена испытаний: активация и улучшение,อารี​น่า​ทดลอง​: การ​เปิด​ใช้งาน​และ​อัป​เกรด,Kích Hoạt Và Nâng Cấp Đấu Trường Khảo Nghiệm,Arena Uji Coba: Aktivasi dan Upgrade
选剑演武,選劍演武,Trial of Swordmancy,"<p=""せんけんえんぶ"" padding=0>選剣演武</p>",선검 연무,Épreuve de spadamancie,Prüfung der Schwertkunst,Prova di Spadamanzia,Prueba del Arte de la espada,Desafio de Espadomancia,Испытание меча,บท​ทดสอบ​แห่ง​วิชาดา​บ,Khảo Nghiệm Kiếm Thuật,Ujian Ilmu Pedang
三相纳米片,三相奈米片,Triphasic Nanoflake,三相ナノフレーク,3상 나노 플레이크 칩,Nanoflocon triphasique,Dreiphasige Nanoflocke,Nanoscheggia trifase,Nanohoja trifásica,Nanofloco Trifásico,Трехфазная нанопластина,นา​โน​เฟล​ค​สาม​เฟส,Mảnh Nano Ba Pha,Nanoflake Tiga Fase
助人为乐奖章,助人為樂獎章,True Altruist,人助け勲章,남을 돕는 즐거움 훈장,Altruisme véritable,Wahrer Altruismus,Altruismo vero,Verdadero altruismo,Verdadeiro Altruísta,Истинный альтруист,ผู้​มี​จิต​สาธารณะ​อย่างแท้จริง,Tấm Lòng Vị Tha,Altruis Sejati
志趣,志趣,True Calling,趣深し,의지와 취향,Vocation,Wahre Berufung,Autentica vocazione,Llamamiento auténtico,A Verdadeira Vocação,Истинное призвание,พันธกิจ​แท้จริง,Tiếng Gọi Đích Thực,Panggilan Sejati
充气教授,充氣教授,Tube Professor,バルーン教授,풍선 교수,Professeur gonflable,Röhrchen-Professor,Professor Tubo,Profesor de tuberías,Professor de Tubos,Надувной профессор,ศาสตราจารย์​ท่อ,Giáo Sư Ống,Profesor Tabung
软管残块,軟管殘塊,Tubular Fragment,チューブの欠片,파이프 조각,Fragment tubulaire,Röhrenfragment,Frammento tubolare,Fragmento Tubular,Fragmento Tubular,Трубчатый фрагмент,เศษ​ท่อ,Mảnh Ống,Fragmen Berbentuk Tabung
潜地虬兽,潛地虯獸,Tunneling Nidwyrm,潜地蛟獣,터널링 니드웜,Nidwyrm tunnelier,Tunnel-Nidwurm,Drago delle sabbie,Nidwyrm Subterráneo,Verminídeo Escavador de Túneis,Роющий нидвурм,นิด​เ​วิ​ร์​ม​ใต้พิภพ,Nidwyrm Đào Hầm,Nidwyrm Penggali
浊流切割炬,濁流切割炬,Turbid Cutting Torch,濁流ホットカッター,탁류 화염 절단기,Chalumeau trouble,Trüber Schneidbrenner,Torcia tagliente torbida,Antorcha de corte turbia,Maçarico de Corte Turvo,Антиморовый газовый резак,หัว​ตัด​พ่น​ไฟ​ที่​ขุ่นมัว,Đuốc Cắt U Ám,Obor Pemotong Arus Keruh
浑浊基质,渾濁基質,Turbid Essence,混濁基質,혼탁 기질,Essence trouble,Trübe Essenz,Essenza torbida,Esencia turbia,Essência Turva,Мутная эссенция,แก่นแท้​ขุ่นมัว,Tinh Chất Đục,Esensi Keruh
蚀影牙兽,蝕影牙獸,Tuskbeast Blightshade,牙獣の蝕影,그림자에 물든 터스크비스트,Gangrénombre hyenard,Reißbiest-Verderbnisschatten,Ombra contaminante di bestia feroce,Sombra contaminada de Bestia colmilluda,Sombra da Praga de Besta Carnívora,Моротень звероклыка,เงา​เสื่อมโทรม​ทั​ส​ก์​บี​ส​ต์,Bóng Nhiễm Khuẩn Thú Ngà,Bayang-bayang Hawar Tuskbeast
十二问,十二問,Twelve Questions,十二問,십이문,Douze questions,Zwölf Fragen,Dodici domande,Doce Preguntas,Doze Perguntas,Двенадцать вопросов,สิบสอง​คำถาม,Thập Nhị Vấn,Twelve Questions
树枝源石虫,樹枝源石蟲,Twiggly Originium Slug,枝オリジムシ,나뭇가지 원석충,Limace d'originium dentriforme,Zweigige Originium-Schnecke,Origilumaca arborea,Babosa de Originio con ramas,Lesma Ramosa do Originium,Ветвистый ориджиниевый слизень,ทาก​ออ​ริ​จิ​เนียม​ดุ๊กดิ๊ก,Cành Sên Originium,Siput Originium Ranting
扭曲面具残块,扭曲面具殘塊,Twisted Mask Fragment,歪んだマスクの欠片,왜곡된 마스크 조각,Fragment de masque tordu,Verzerrtes Maskenfragment,Frammento di maschera ritorto,Fragmento de máscara retorcida,Fragmento de Máscara Distorcido,Искаженный фрагмент маски,เศษ​หน้ากาก​บิดเบี้ยว,Mảnh Mặt Nạ Biến Dạng,Fragmen Topeng Bengkok
四二式·肃阵,四二式·肅陣,Type 42: Solemn Phalanx,四二式・粛陣,42식 · 척결,Type 42 : phalange solennelle,Typ 42: Feierliche Phalanx,Tipo 42: Falange solenne,Tipo 42: Falange solemne,Tipo 42: Falange Solene,Тип 42: Чинная фаланга,Type 42: โซ​เล็ม​ ฟา​ลัง​ซ์,Loại 42: Phương Trận Trang Nghiêm,Type 42: Solemn Phalanx
50式应龙护手,50式應龍護手,Type 50 Yinglung Gloves,50式応龍プロテクター,응룡 50식 보호 장갑,Gants de Yinglung type 50,Yinglung-Typ-50-Handschuhe,Guanti Yinglung tipo 50,Guantes Yinglung tipo 50,Luvas de Yinglung Tipo 50,Перчатки «Инлун-50»,ถุงมือ​ไทป์​ 50 ห​ยิง​หลง,Găng Tay Yinglung Loại 50,Sarung Tangan Type 50 Yinglung
50式应龙护手·壹型,50式應龍護手·I,Type 50 Yinglung Gloves T1,50式応龍プロテクターⅠ,응룡 50식 보호 장갑 · I,Gants de Yinglung type 50 G1,Yinglung-Typ-50-Handschuhe S1,Guanti Yinglung tipo 50 O1,Guantes Yinglung tipo 50 T1,Luvas de Yinglung Tipo 50 T1,Перчатки «Инлун-50» К1,ถุงมือ​ไทป์​ 50 ห​ยิง​หลง​ T1,Găng Tay Yinglung Loại 50 T1,Sarung Tangan Type 50 Yinglung T1
50式应龙重甲,50式應龍重甲,Type 50 Yinglung Heavy Armor,50式応龍重防具,응룡 50식 중갑,Armure lourde de Yinglung type 50,Schwere Yinglung-Typ-50-Rüstung,Armatura pesante Yinglung tipo 50,Armadura pesada Yinglung tipo 50,Armadura Pesada de Yinglung Tipo 50,Тяжелая броня «Инлун-50»,เกราะ​หนัก​ไทป์​ 50 ห​ยิง​หลง,Giáp Hạng Nặng Yinglung Loại 50,Armor Berat Type 50 Yinglung
50式应龙重甲·壹型,50式應龍重甲·I,Type 50 Yinglung Heavy Armor T1,50式応龍重防具Ⅰ,응룡 50식 중갑 · I,Armure lourde de Yinglung type 50 G1,Schwere Yinglung-Typ-50-Rüstung S1,Armatura pesante Yinglung tipo 50 O1,Armadura pesada Yinglung tipo 50 T1,Armadura Pesada de Yinglung Tipo 50 T1,Тяжелая броня «Инлун-50» К1,เกราะ​หนัก​ไทป์​ 50 ห​ยิง​หลง​ T1,Giáp Hạng Nặng Yinglung Loại 50 T1,Armor Berat Type 50 Yinglung T1
50式应龙重甲·贰型,50式應龍重甲·II,Type 50 Yinglung Heavy Armor T2,50式応龍重防具Ⅱ,응룡 50식 중갑 · II,Armure lourde de Yinglung type 50 G2,Schwere Yinglung-Typ-50-Rüstung S2,Armatura pesante Yinglung tipo 50 O2,Armadura pesada Yinglung tipo 50 T2,Armadura Pesada de Yinglung Tipo 50 T2,Тяжелая броня «Инлун-50» К2,เกราะ​หนัก​ไทป์​ 50 ห​ยิง​หลง​ T2,Giáp Hạng Nặng Yinglung Loại 50 T2,Armor Berat Type 50 Yinglung T2
50式应龙短刃,50式應龍短刃,Type 50 Yinglung Knife,50式応龍短剣,응룡 50식 단검,Poignard de Yinglung type 50,Yinglung-Typ-50-Messer,Coltello Yinglung tipo 50,Cuchillo Yinglung tipo 50,Faca de Yinglung Tipo 50,Нож «Инлун-50»,มีด​ไทป์​ 50 ห​ยิง​หลง,Dao Găm Yinglung Loại 50,Pisau Type 50 Yinglung
50式应龙短刃·壹型,50式應龍短刃·I,Type 50 Yinglung Knife T1,50式応龍短剣Ⅰ,응룡 50식 단검 · I,Poignard de Yinglung type 50 G1,Yinglung-Typ-50-Messer S1,Coltello Yinglung tipo 50 O1,Cuchillo Yinglung tipo 50 T1,Faca de Yinglung Tipo 50 T1,Нож «Инлун-50» К1,มีด​ไทป์​ 50 ห​ยิง​หลง​ T1,Dao Găm Yinglung Loại 50 T1,Pisau Type 50 Yinglung T1
50式应龙轻甲,50式應龍輕甲,Type 50 Yinglung Light Armor,50式応龍軽防具,응룡 50식 경갑,Armure légère de Yinglung type 50,Leichte Yinglung-Typ-50-Rüstung,Armatura leggera Yinglung tipo 50,Armadura ligera Yinglung tipo 50,Armadura Leve de Yinglung Tipo 50,Легкая броня «Инлун-50»,เกราะ​เบา​ไทป์​ 50 ห​ยิง​หลง,Giáp Hạng Nhẹ Yinglung Loại 50,Armor Ringan Type 50 Yinglung
50式应龙雷达,50式應龍雷達,Type 50 Yinglung Radar,50式応龍レーダー,응룡 50식 탐지기,Radar de Yinglung type 50,Yinglung-Typ-50-Radar,Radar Yinglung tipo 50,Radar Yinglung tipo 50,Radar de Yinglung Tipo 50,Радар «Инлун-50»,เรดาร์​ไทป์​ 50 ห​ยิง​หลง,Radar Yinglung Loại 50,Radar Type 50 Yinglung
50式应龙雷达·壹型,50式應龍雷達·I,Type 50 Yinglung Radar T1,50式応龍レーダーⅠ,응룡 50식 탐지기 · I,Radar de Yinglung type 50 G1,Yinglung-Typ-50-Radar S1,Radar Yinglung tipo 50 O1,Radar Yinglung tipo 50 T1,Radar de Yinglung Tipo 50 T1,Радар «Инлун-50» К1,เรดาร์​ไทป์​ 50 ห​ยิง​หลง​ T1,Radar Yinglung Loại 50 T1,Radar Type 50 Yinglung T1
50式应龙雷达·贰型,50式應龍雷達·II,Type 50 Yinglung Radar T2,50式応龍レーダーⅡ,응룡 50식 탐지기 · II,Radar de Yinglung type 50 G2,Yinglung-Typ-50-Radar S2,Radar Yinglung tipo 50 O2,Radar Yinglung tipo 50 T2,Radar de Yinglung Tipo 50 T2,Радар «Инлун-50» К2,เรดาร์​ไทป์​ 50 ห​ยิง​หลง​ T2,Radar Yinglung Loại 50 T2,Radar Type 50 Yinglung T2
一号丙型辅桩区,一號丙型輔樁區,Type-C Auxiliary Pillar Area 1,丙型補杭エリア1,1번 C형 보조 기둥 구역,Pilier auxiliaire de type C - Zone 1,Typ-C-Hilfssäule in Bereich 1,Area 1 della colonna secondaria di tipo C,Área 1 de pilares auxiliares de tipo C,Área do Pilar Auxiliar Tipo-C 1,Зона 1 вспомогательного столба типа C,เขต​เสา​เสริม​ Type-C 1,Cột Phụ Loại C Khu 1,Area 1 Pilar Sokong Tipe C
二号丙型辅桩区,二號丙型輔樁區,Type-C Auxiliary Pillar Area 2,丙型補杭エリア2,2번 C형 보조 기둥 구역,Pilier auxiliaire de type C - Zone 2,Typ-C-Hilfssäule in Bereich 2,Area 2 della colonna secondaria di tipo C,Área 2 de pilares auxiliares de tipo C,Área do Pilar Auxiliar Tipo-C 2,Зона 2 вспомогательного столба типа C,เขต​เสา​เสริม​ Type-C 2,Cột Phụ Loại C Khu 2,Area 2 Pilar Sokong Tipe C
三号丙型辅桩区,三號丙型輔樁區,Type-C Auxiliary Pillar Area 3,丙型補杭エリア3,3번 C형 보조 기둥 구역,Pilier auxiliaire de type C - Zone 3,Typ-C-Hilfssäule in Bereich 3,Area 3 della colonna secondaria di tipo C,Área 3 de pilares auxiliares de tipo C,Área do Pilar Auxiliar Tipo-C 3,Зона 3 вспомогательного столба типа C,เขต​เสา​เสริม​ Type-C 3,Cột Phụ Loại C Khu 3,Area 3 Pilar Sokong Tipe C
多维禁锢奖章,多維禁錮獎章,Ultimate Immobilizer,行動牽制勲章,다차원 구속 훈장,Immobilisation ultime,Ultimativer Festsetzer,Immobilizzazione duratura,Inmovilizador máximo,Imobilizador Supremo,Мастер обездвиживания,ยอด​นัก​หยุด​การเคลื่อนไหว​ชั้นสูง,Khống Chế Tối Thượng,Pelumpuh Pemungkas
终极武器奖章,終極武器獎章,Ultimate Weapon,究極武器勲章,궁극의 무기 훈장,Arme ultime,Ultimative Waffen,Armamenti supremi,Arma máxima,Armamento Supremo,Совершенное оружие,อาวุธ​ขั้น​สุดยอด,Vũ Khí Tuyệt Kỹ,Persenjataan Pemungkas
黯色火炬,黯色火炬,Umbral Torch,ダークトーチ,암흑의 횃불,Flambeau de l'ombre,Schattenfackel,Torcia d'ombra,Antorcha del umbral,Chama Sombria,Ночной факел,คบเพลิง​แห่ง​เงามืด,Ngọn Đuốc Bóng Tối,Umbral Torch
黯银柑实,黯銀柑實,Umbraline,黒銀シトローム,다크 시트론,Ombraline,Umbralin,Ombralina,Umbralina,Umbralina,Умбралин,ส้ม​อัม​บราลี​น,Cam Kim Ngân,Umbraline
黯银柑实样本,黯銀柑實樣本,Umbraline Sample,黒銀シトロームのサンプル,다크 시트론 표본,Échantillon d'ombraline,Probe: Umbralin,Campione di ombralina,Muestra de Umbralina,Amostra de Umbralina,Образец умбралина,ตัวอย่าง​ส้ม​อัม​บราลี​น,Mẫu Cam Kim Ngân,Sampel Umbraline
重黯石,重黯石,Umbronyx,重闇石,진한 흑암석,Ombronyx,Umbronyx,Umbronyxite,Umbrónix,Umbronix,Умброникс,อัม​โบร​นิก​ซ์,Ám Thạch,Umbronyx
重黯石子簇,重黯石子簇,Umbronyx Seed,純重闇石塊,진한 흑암석 덩이,Graine d'ombronyx,Umbronyx-Saat,Seme di umbronyxite,Semilla de umbrónix,Sementes de Umbronix,Умброниксовое семя,เมล็ด​อัม​โบร​นิก​ซ์,Hạt Ám Thạch,Benih Umbronyx
重黯石,重黯石,Umbronyx Spot,重闇石,진한 흑암석,Ombronyx,Umbronyx,Umbronyxite,Umbrónix,Umbronix,Умброникс,อัม​โบร​นิก​ซ์,Ám Thạch,Umbronyx
不灭晶壁残块,不滅晶壁殘塊,Unbreachable Crystal Fragment,不滅晶壁の欠片,불멸의 결정벽 조각,Fragment de cristal incassable,Unkaputtbares Kristallfragment,Frammento di cristallo inattaccabile,Fragmento de cristal irrompible,Fragmento de Cristal Inquebrável,Фрагмент несокрушимого кристалла,เศษ​คริสตัล​ไร้​ทาง​เจาะ​ทะลุ,Mảnh Pha Lê Vững Chắc,Fragmen Kristal Antiretak
待建造组,待建造組,Unconstructed Set,製造待ち,건설대기 상태,Ensemble à construire,Platzhalter-Set,Set non costruito,Conjunto sin construir,Conjunto Não Construído,Комплект «Не построено»,เซ็ต​ที่​ยัง​ไม่ได้​สร้าง,Bộ Chưa Xây Dựng,Set yang Belum Dibangun
天井院地下的“钥匙”,天井院地下的「鑰匙」,Underground Key of Tianjing Courtyard,観天院地下の「鍵」,천정원 지하의 '열쇠',Clé trouvée sous la cour de Tianjing,Schlüssel aus dem Untergrund des Tianjing-Hofs,Chiave sotterranea del Cortile Tianjing,Llave subterránea del Patio de Tianjing.,Chave Subterrânea do Jardim de Tianjing,"Ключ, найденный под двором Тяньцзин",กุญแจ​ลาน​เทียน​จิง​ใต้ดิน,Chìa Khóa Ngầm của Thiên Tỉnh Viện,Kunci Bawah Tanah Halaman Tianjing
未写完的测评稿,未寫完的評測稿,Unfinished Review Draft,書きかけの評価コメント,쓰다 만 평가 원고,Brouillon de compte-rendu inachevé,Unvollendeter Entwurf,Bozza di recensione incompleta,Borrador de revisión sin terminar,Rascunho de Avaliação Inacabado,Черновик рецензии,ร่าง​การ​ตรวจสอบ​ที่​ยัง​ไม่เสร็จ,Bản Thảo Đánh Giá Chưa Hoàn Thành,Draf Tinjauan yang Tidak Selesai
联盟停车场,聯盟停車場,United Parking Lot,工業団駐車場,연맹 주차장,Parking uni,GBT-Parkplatz,Parcheggio condiviso,Estacionamiento unificado,Estacionamento do Sindicato,Объединенная парковка,ลานจอดรถ​รวม,Bãi Đỗ Xe Công Đoàn,Tempat Parkir Serikat
团结牌口服液货组,團結牌口服液貨組,Unity Syrup [pkg],ユナイト製のシロップ剤セット,단결 브랜드 물약 상품군,Sirop d'unité [colis],Einheitssirup [Paket],Sciroppo dell'unità (pacco),Jarabe de la unidad [paq.],Xarope da Unidade [pct],Сироп «Единство» [упак.],ยาน้ำ​เชื่อม​ยู​นิ​ตี้​ [แพ็ก​],Siro Tỉnh Táo [bộ],Sirop Unity [pkt]
无限的未来,無限的未來,Unlimited Future,無限の未来,무한한 미래,Avenir sans limites,Grenzenlose Zukunft,Futuro illimitato,Futuro sin límites,Futuro Ilimitado,Безграничное будущее,อนาคต​ไร้​ที่​สิ้นสุด,Tương Lai Vô Hạn,Masa Depan Tanpa Batas
尚未录入的家信,尚未錄入的家信,Unrecorded Letter for the Family,入力されていない手紙,보내지지 못한 편지,Lettre à la famille non documentée,Nicht aufgezeichneter Brief für die Familie,Lettera alla famiglia mai registrata,Carta no registrada para la familia,Carta Não Registrada para a Família,Незаписанное письмо семье,จดหมาย​ที่​ไม่มี​ใน​ระบบ​ส่ง​ถึง​ครอบครัว,Thư không ghi vào hồ sơ cho Gia Tộc,Surat Tak Tercatat untuk Keluarga
购买升级项,購買升級項目,Upgrade Purchase,集成工業エリアの発展項目,업그레이드 항목 구매,Achat d'amélioration,Verbesserungen kaufen,Acquisto di potenziamento,Compra de mejoras,Compra de Upgrades,Покупка улучшений,การ​ซื้อ​อัป​เกรด,Nâng Cấp Mua Hàng,Pembelian Upgrade
城建馆,城建館,Urban Development Hall,都市建設館,도시 건설관,Salle de développement urbain,Stadtentwicklungs-Halle,Sala di sviluppo urbano,Salón de Desarrollo Urbano,Salão do Desenvolvimento Urbano,Зал городского развития,หอ​การพัฒนา​เมือง,Sảnh Phát Triển Đô Thị,Balai Pengembangan Kota
分享欲,分享欲,Urge to Share,おすそわけ,공유욕,Une petite gorgée ?,Wunsch zu teilen,Condividere è bello,Necesidad de Compartir,Desejo de Compartilhar,Угощение,แรงกระตุ้น​อยาก​แบ่งปัน,Khao Khát Chia Sẻ,Dorongan Berbagi
”烙铁“发信器,「烙鐵」發訊器,Utjug Signal Emitter,「烙鉄」通信機,'인두' 발신기,Émetteur de signal d'Utjug,Utjug-Sender,Trasmettitore di segnale Utjug,Emisor de señal de Utjug,Emissor de Sinais de Utjug,Передатчик сигнала «Прижигание»,ตัว​ปล่อย​สัญญาณ​อั​ท​จุ๊ก,Máy Phát Tín Hiệu Utjug,Pemancar Sinyal Utjug
工团大会预算申报宣讲草稿（第八版）,工團大會預算申報宣講草稿（第八版）,UWST Assembly Budget Proposal Briefing Draft (Version 8),工業団大会予算申請説明会の下書き（第8版）,공단 대회 예산 신청 설명회 초안(8차 수정본),Projet de briefing pour la proposition de budget à l'Assemblée du STUT (Version 8),"GBT – Budgetvorschlag für die Montage, Zusammenfassung (Entwurf, Ver. 8)",Bozza di una proposta di bilancio per l'assemblea dell'USLT (versione 8),Borrador del Informe de la Propuesta del presupuesto de la asamblea de los S.T.U.T. (Versión 8),Rascunho do Informativo da Proposta Orçamentária da Assembleia do STUT (Versão 8),Черновик проекта бюджета с брифинга СОРТ (версия 8),ร่าง​การบรรยาย​สรุป​ข้อเสนอ​เรื่อง​งบประมาณ​การประชุม​ของ​ UWST (ฉบับ​ที่​ 8),Bản Dự Thảo Tóm Tắt Đề Xuất Ngân Sách Công Đoàn (Phiên bản 8),Draf Briefing Usulan Anggaran Majelis UWST (Ver 8)
工人们的讨论（一）,工人們的討論（一）,UWST Crew Discussions (1),作業員の会話記録（1）,작업자들의 토론(1),Discussions du personnel du STUT (1),Gespräche der GBT-Crew (1),Discussioni tra i membri dell'USLT (1),Discusiones de la tripulación de los S.T.U.T. (1),Discussões da Equipe do STUT (1),Совещание персонала СОРТ (1),การ​พูดคุย​กัน​ของ​ลูกเรือ​ UWST (1),Thảo Luận Của Thành Viên Công Đoàn (1),Diskusi Kru UWST (1)
工人们的讨论（二）,工人們的討論（二）,UWST Crew Discussions (2),作業員の会話記録（2）,작업자들의 토론(2),Discussions du personnel du STUT (2),Gespräche der GBT-Crew (2),Discussioni tra i membri dell'USLT (2),Discusiones de la tripulación de los S.T.U.T. (2),Discussões da Equipe do STUT (2),Совещание персонала СОРТ (2),การ​พูดคุย​กัน​ของ​ลูกเรือ​ UWST (2),Thảo Luận Của Thành Viên Công Đoàn (2),Diskusi Kru UWST (2)
工人们的讨论（三）,工人們的討論（三）,UWST Crew Discussions (3),作業員の会話記録（3）,작업자들의 토론(3),Discussions du personnel du STUT (3),Gespräche der GBT-Crew (3),Discussioni tra i membri dell'USLT (3),Discusiones de la tripulación de los S.T.U.T. (3),Discussões da Equipe do STUT (3),Совещание персонала СОРТ (3),การ​พูดคุย​กัน​ของ​ลูกเรือ​ UWST (3),Thảo Luận Của Thành Viên Công Đoàn (3),Diskusi Kru UWST (3)
《四号谷地工作指南:阿伯莉采石场篇》,《四號谷地工作指南：阿伯莉採石場篇》,V4 Worker's Guide: Aburrey Quarry,『四号谷地作業ガイド：アブリー採石場編』,<4번 협곡 업무 가이드: 아부레이 채석장 편>,Guide du travailleur de la V4 : la carrière d'Aburrey,Arbeiterhandbuch aus T4: Aburrey-Steinbruch,Guida del lavoratore di V4: Cava di Aburrey,Guía para trabajadores del V4: Cantera Aburrey,Guia do Trabalhador de V4: Pedreira de Aburrey,Справочник рабочего Долины IV: карьер Эберрей,คู่มือ​สำหรับ​คนงาน​ V4: เหมือง​หิน​อ​เบอร์​เรย์,Hướng Dẫn Của Công Nhân V4: Mỏ Đá Aburrey,Panduan Pekerja V4: Tambang Batu Aburrey
骁勇,驍勇,Valiant,勇猛,용사,Vaillance,Tapferkeit,Audace,Valiente,Valente,Доблесть,ผู้​กล้า,Dũng Khí,Valiant
锚定谷地奖章,錨定谷地獎章,Valley Anchorer,谷地定着勲章,협곡 정착자 훈장,Ancre de la Vallée,Tal-Verankerung,Collante della Valle,Anclador del Valle,Âncora do Vale,Связующее звено Долины,ผู้​ยึดหลัก​หุบเขา,Kẻ Neo Giữ Thung Lũng,Penambat Lembah
谷地协定凭证,谷地協定憑證,Valley Convention Certificate,谷地協定取引証,협곡 협정 허가증,Certificat de convention de Vallée-IV,Tal-IV-Abkommenszertifikat,Certificato della convenzione della Valle,Certificado de convención del valle,Certificado da Convenção do Vale,Сертификат соглашения Долины,ใบรับรอง​ข้อตกลง​แห่ง​หุบเขา,Chứng Nhận Công Ước Thung Lũng,Sertifikat Konvensi Lembah
谷地储藏家奖章,谷地儲藏家獎章,Valley Crate Master,谷地資源コレクター勲章,협곡 수집가 훈장,Virtuose des caisses de la Vallée,Tal-Kisten-Koryphäe,Rompicasse della Valle,Maestro de las cajas del Valle,Mestre dos Caixotes do Vale,Спец по ящикам Долины,เจ้า​แห่ง​ลัง​หุบเขา,Chuyên Gia Thùng Hàng Thung Lũng,Pembuka Kerat Lembah
谷地刻写券,谷地刻寫券,Valley Engraving Permit,谷地刻印券,협곡 각인권,Permis de gravure de la Vallée,Tal-Gravur-Genehmigung,Permesso di incisione della Valle,Permiso de grabado del Valle,Permissão para Gravar do Vale,Разрешение на чеканку в Долине,ใบอนุญาต​แกะสลัก​หุบเขา,Giấy Phép Khắc Thung Lũng,Izin Ukir Lembah
谷地工业先驱奖章,谷地工業先驅獎章,Valley Factory Pioneer,谷地工業開拓勲章,협곡 공업 선구자 훈장,Pionnier de l'industrie de la Vallée,Tal-Fabrikpionier,Pionierismo industriale della Valle,Especialista de fábrica del Valle,Pioneiro da Fábrica do Vale,Индустриализация Долины,ผู้บุกเบิก​โรงงาน​หุบเขา,Nhà Máy Tiên Phong Thung Lũng,Perintis Pabrik Lembah
谷地要塞,谷地要塞,Valley Fort,谷地要塞,협곡 요새,Forteresse de la Vallée,Talfort,Forte della Valle,Fuerte del valle,Forte do Vale,Форт Долины,ป้อม​หุบเขา,Pháo Đài Thung Lũng,Benteng Lembah
谷地灰面包·升级,谷地灰麵包·升級,Valley Graybread Upgrade,谷地の灰パン（強化）,협곡 호밀빵 · 업그레이드,Amélioration de pain brun de la vallée,Verbesserung: Tal-Graubrot,Potenziamento: pane bigio della Valle,Mejora de pan gris del valle,Upgrade de Pão Misto do Vale,Улучшение долинного серого хлеба,อัป​เกรด​ขนมปัง​เทา​แห่ง​หุบเขา,Nâng Cấp Bánh Mì Hắc Mạch Thung Lũng,Upgrade untuk Graybread Lembah
谷地水培肉货组,谷地水培肉貨組,Valley Hydroculture Fillets [pkg],谷地水培養肉セット,협곡 수경 배양육 상품군,Filets hydroponiques de la Vallée [colis],Hydrokultur-Filet aus dem Tal [Paket],Filetti da idrocoltura della Valle (pacco),Filetes de hidrocultivo del Valle [paq.],Filés de Hidrocultura do Vale [pct],Долинные гидропонные стейки [упак.],เนื้อ​แล่​ไฮ​โดร​คัล​เจอร์​หุบเขา​ [แพ็ก​],Thịt Thủy Canh Thung Lũng [bộ],Filet Hidrokultur Lembah [pkt]
谷地调查者奖章,谷地調查者獎章,Valley Investigator,谷地調査勲章,협곡 조사원 훈장,Enquêtes dans la Vallée,Tal-Untersuchungsbeauftragter,Detective della Valle,Investigación del Valle,Investigador do Vale,Расследование в Долине,นักสืบ​สวน​หุบเขา,Thám Tử Thung Lũng,Penyelidik Lembah
四号谷地,四號谷地,Valley IV,四号谷地,4번 협곡,Vallée-IV,Tal IV,Valle IV,Valle IV,Vale IV,Долина IV,หุบเขา​ IV,Thung Lũng IV,Lembah IV
谷地多痕刻写箱,谷地多痕刻寫箱,Valley Multi-Line Engraving Kit,谷地・多軌道刻印ボックス,협곡 다중 흔적 각인 상자,Kit de gravure pluriligne de la Vallée,Mehrzeiliges Gravur-Kit des Tals,Kit d'incisione multi-linea della Valle,Kit de grabado multilínea del Valle,Kit de Gravação Multilinhas do Vale,Мультилинейный комплект чеканки Долины,ชุด​อุปกรณ์​แกะสลัก​หลาย​เส้น​ของ​หุบเขา,Bộ Dụng Cụ Khắc Nhiều Dòng Thung Lũng,Kit Ukiran Multibaris Lembah
谷地据点开拓奖章,谷地據點開拓獎章,Valley Outpost Builder,谷地拠点開拓勲章,협곡 거점 개척자 훈장,Construction d'avant-postes dans la Vallée,Tal-Außenpostenbauer,Avamposti della Valle,Constructor del puesto de avanzada del Valle,Construtor de Posto Avançado do Vale,Строительство аванпостов Долины,ผู้สร้าง​ด่าน​หน้า​หุบเขา,Công Trình Tiền Đồn Thung Lũng,Pembangun Pos Depan Lembah
谷地通道,谷地通道,Valley Pass,谷地通路,협곡길,Col de la Vallée,Talpass,Passo della Valle,Senda del valle,Garganta do Vale,Перевал,ทางผ่าน​หุบเขา,Đèo Thung Lũng,Terusan Lembah
谷地馅饼,谷地餡餅,Valley Pie,谷地パイ,협곡 파이,Tourte de la Vallée,Talpastete,Tortino della Valle,Pay del Valle,Torta do Vale,Пирог Долины,พาย​หุบเขา,Bánh Thung Lũng,Pai Lembah
谷地馅饼·升级,谷地餡餅·升級,Valley Pie Upgrade,谷地パイ（強化）,협곡 파이 · 업그레이드,Amélioration de tourte de la Vallée,Verbesserung: Talpastete,Potenziamento: tortino della Valle,Mejora de Pay del Valle,Upgrade da Torta do Vale,Улучшение пирога Долины,อัป​เกรด​พาย​หุบเขา,Nâng Cấp Bánh Thung Lũng,Upgrade untuk Pai Lembah
谷地地区建设值,谷地地區建設值,Valley Regional Development Metric,谷地建設値,협곡 지역 건설치,Indicateur de développement régional de la Vallée,Tal-Regionsentwicklungsmetrik,Metrica dello sviluppo regionale della Valle,Métrica de desarrollo regional del Valle,Métrica de Desenvolvimento Regional do Vale,Показатель развития региона: Долина,เมทริก​การพัฒนา​ระดับ​ภูมิภาค​หุบเขา,Chỉ Số Phát Triển Khu Vực Thung Lũng,Metrik Perkembangan Regional Lembah
谷地调度券,谷地調度券,Valley Stock Bill,谷地取引券,협곡 관리권,Billet de réserves de la Vallée,Tal-Aktiennote,Buono acquisto della Valle,Vale de crédito del Valle,Letra de Câmbio do Vale,Облигация Долины,ธนบัตร​คลัง​หุบเขา,Phiếu Hàng Thung Lũng,Surat Saham Lembah
谷地调度专家奖章,谷地調度專家獎章,Valley Stock Redistributor,谷地取引専門家勲章,협곡 관리 전문가 훈장,Redistribution de la Vallée,Tal-Vorratneuverteilung,Ridistribuzione scorte della Valle,Redistribuidor de existencias del Valle,Redistribuidor de Estoque do Vale,Перераспределитель резервов Долины,ผู้​กระจาย​สินค้า​ใน​สต็อก​หุบเขา,Chuyên Gia Điều Phối Thung Lũng,Redistributor Stok Lembah
谷地中转站,谷地中轉站,Valley Transfer,谷地中継所,협곡 환승역,Transfert de la Vallée,Tal-Zwischenstation,Stazione di scambio della Valle,Transferencia del valle,Transferência do Vale,Трансфер Долины,จุด​ส่งต่อ​หุบเขา,Trạm Trung Chuyển Thung Lũng,Transfer Lembah
珍贵材料,珍貴材料,Valuable,貴重素材,희귀 재료,Objet de valeur,Wertgegenstand,Risorsa chiave,material valioso,Item de Valor,Редкие материалы,สิ่งของ​มีค่า,Giá Trị,Barang Berharga
贵重芯片,貴重晶片,Valuable Chip,貴重なチップ,귀중한 칩,Puce de valeur,Wertvoller Chip,Chip pregiato,Chip valioso,Chip Valioso,Ценный чип,ชิป​มีค่า,Chip Giá Trị,Chip Berharga
贵重品库,貴重品庫,Valuables Stash,貴重品倉庫,귀중품 창고,Coffre d'objets de valeur,Lager für Wertgegenstände,Scorta delle risorse chiave,Reserva de obj. val.,Reserva de Itens de Valor,Запасник ценностей,ที่เก็บ​ของมีค่า,Kho Đồ Giá Trị,Simpanan Barang Berharga
老成天师的嘱托,老成天師的囑託,Venerable Tianshi's Reminder,経験豊富な天師の申し送り,성숙한 천사의 당부,Rappel du vénérable Tianshi,Erinnerung eines ehrwürdigen Tianshi,Promemoria del Venerabile Tianshi,Recordatorio del venerable Tianshi,Lembrete do Venerável Tianshi,Напоминание почтенного Тяньши,คำเตือน​จาก​ท่าน​เทียน​ซือ,Lời Nhắc Nhở của Thiên Sư Tôn Kính,Pengingat dari Tianshi Terhormat
验收回复,驗收回覆,Verification Response,データ確認の返信,데이터 확인 결과 송부,Réponse à la vérification,Verifizierungsantwort,Verifica della risposta,Respuesta de verificación,Resposta da Verificação,Ответ по проверке,การตอบรับ​การ​ยืนยัน,Phản hồi Xác thực,Verifikasi Respons
潜心,潛心,Very Deep Focus,深淵を覗く,전념,Concentration inébranlable,Unglaublich konzentriert,Massima concentrazione,Enfoque profundo,Foco Muito Profundo,Глубокая сосредоточенность,สมาธิ​สุดขั้ว,Tập Trung Rất Sâu,Fokus Sangat Mendalam
极度陈旧的信笺,極度陳舊的信箋,Very Old Letter,かなり古びた手紙,매우 오래된 편지,Très vieille lettre,Sehr alter Brief,Lettera vecchissima,Carta muy antigua,Carta Muito Antiga,Очень старое письмо,จดหมาย​ที่​เก่า​สุ​ดๆ,Lá Thư Cũ Kỹ,Surat Sangat Tua
空天视线,View from the Void Skies,View from the Void Skies,View from the Void Skies,View from the Void Skies,View from the Void Skies,View from the Void Skies,View from the Void Skies,View from the Void Skies,View from the Void Skies,View from the Void Skies,View from the Void Skies,View from the Void Skies,View from the Void Skies
警惕者的询问,警惕者的詢問,Vigilant One's Inquiry,警戒する人の質問,경계하고 있는 사람의 질문,Demande d'un vigilant,Anfrage einer aufmerksamen Patrouille,Indagine della sentinella,Investigación del Vigilante,Pergunta do Vigilante Um,Запрос бдительного,คำถาม​จาก​ผู้​เฝ้า​ระวัง,Cuộc Điều Tra Của Người Cảnh Giác,Pertanyaan dari si Waspada
警戒者矿镐货组,警戒者礦鎬貨組,Vigilant Pickaxes [pkg],警戒者のツルハシセット,경계자의 곡괭이 상품군,Pioches vigilantes [colis],Bürgerwehr-Spitzhacken [Paket],Picconi sentinella (pacco),Picos Vigilantes [paq.],Picaretas Vigilante [pct],Сенсорные кирки [упак.],อีเต้อ​ระวัง​ภัย​ [แพ็ก​],Cuốc Báo Động [bộ],Beliung Waspada [pkt]
唱片解锁,唱片解鎖,Vinyl: Unlocking,レコード解放,음반 잠금 해제,Vinyle : déblocage,Schallplatte: Freischalten,Vinile: Sbocco,Vinilo: desbloqueo,Vinil: Desbloqueio,Пластинка: открытие,ไว​นิล​: กำลัง​ปลดล็อก,Đĩa Than: Mở Khóa,Piringan Hitam: Membuka
晶化硬币,晶化硬幣,Vitrified Coin,結晶コイン,결정화 화폐,Pièce vitrifiée,Kristallisierte Münze,Moneta vetrificata,Moneda vitrificada,Moeda Vitrificada,Кристаллизованная монета,เหรียญ​ผลึก​แก้ว,Xu Thủy Tinh Hóa,Koin Vitrifikasi
至晶多齿叶,至晶多齒葉,Vitrodendra,至晶鋭葉,비트로덴드라,Vitrodendron,Vitrodendra,Vitrodendri,Vitrodendro,Vitrodendra,Витродендра,วิ​โตร​เดน​ดรา,Tinh Cốt,Vitrodendra
至晶多齿叶,至晶多齒葉,Vitrodendra Spot,至晶鋭葉,비트로덴드라,Vitrodendron,Vitrodendra,Vitrodendro,Vitrodendro,Vitrodendra,Витродендра,วิ​โตร​เดน​ดรา,Tinh Cốt,Vitrodendra
至晶多齿叶根茎,至晶多齒葉根莖,Vitrodendra Tuber,至晶鋭葉の茎,비트로덴드라 줄기,Tubercule de vitrodendron,Vitrodendra-Knolle,Tubero di vitrodendro,Tubérculo de vitrodendro,Tubérculo de Vitrodendra,Клубень витродендры,หัว​วิ​โตร​เดน​ดรา,Củ Tinh Cốt,Umbi Vitrodendra
涡流团,渦流團,Vortex,風の渦,와류 덩어리,Vortex,Wirbel,Vortice,Vórtice,Vórtice,Вихрь,กระแส​วน,Vòng Xoáy,Vorteks
破防,破防,Vulnerable,クラッシュ,방어 불능,Vulnérable,Anfällig,Vulnerabilità,Vulnerable,Vulnerável,Уязвимость,เปราะบาง,Yếu Đuối,Vulnerable
等待乌啪,等待烏啪,Waiting for Oopa,わくわくウーパ,움파를 기다리며,En attendant Oopa,Warten auf Oopa,Aspettando Oopa,Esperando a Oopa,Espera por Oopa,В ожидании Oopa,รอคอย​โอ​ปา,Chờ Oopa,Menunggu Oopa
跂步晶城,跂步晶城,Walking Chrysopolis,歩行晶城,결정아겔로스,Chrysopolis ambulant,Laufender Chrysopolis,Chrysopolis ambulante,Crisópolis andante,Crisópolis Caminhante,Ходячий хризополис,คริ​โซ​โป​ลิส​เดิน​ได้,Chrysopolis Biết Đi,Chrysopolis Berjalan
守卫的警告,守衛的警告,Warning from a Guard,警備員の警告,경비원의 경고,Avertissement d'un garde,Warnung von einem Wächter,Avvertimento da parte di una guardia,Advertencia de un guardia,Aviso de um Guarda,Предупреждение стража,คำเตือน​จาก​ยาม,Cảnh báo từ Vệ Binh,Peringatan dari Penjaga
警示投影,警示投影,Warning Projection,警告投影,홀로그램 경고,Projection d'avertissement,Warnungsprojektion,Proiezione di avvertimento,Proyección de advertencia,Projeção de Aviso,Знаки на воротах,การคาดการณ์​คำเตือน,Chiếu Cảnh Báo,Proyeksi Peringatan
驯兽者的警示,馴獸者的警示,Warning: From a Beast Tamer,調教師の警告,조련사의 경고,Avertissement d'un dompteur de bêtes,Warnung eines Bestienzähmers,Avvertimento da un domatore di bestie,Advertencia: De un domador de bestias,Aviso: De um Domador de Feras,Предупреждение укротителя,คำเตือน​: จาก​คนเลี้ยง​สัตว์ร้าย,Cảnh Báo: Từ Đại Sư Quái Thú,Peringatan: Dari Penjinak Hewan Buas
望楼蓄水站,望樓蓄水站,Watchtower Reservoir Station,貯水施設,망루 저수 시설,Station du réservoir de la tour de guet,Wachturmreservoir-Station,Stazione di accumulo idrico della torre di sorveglianza,Estación de embalse de la Atalaya,Estação do Reservatório da Torre de Observação,Сторожевая станция водохранилища,สถานี​อ่างเก็บน้ำ​หอ​สังเกตการณ์,Trạm Trữ Nước Tháp Canh,Stasiun Waduk Menara Pengawas
水位控制阀,水位控制閥,Water Level Control Valve,水位調節器,수위 제어 밸브,Valve de contrôle du niveau d'eau,Wasserspiegel-Steuerventil,Valvola per il controllo dell'acqua,Válvula de control del nivel del agua,Válvula de Controle de Nível de Água,Регулирующий клапан уровня воды,วาล์ว​ควบคุม​ระดับน้ำ,Van Điều Khiển Mực Nước,Katup Kontrol Ketinggian Air
污水处理区,汙水處理區,Water Treatment Sector,汚水処理エリア,오염수 처리 구역,Secteur du traitement de l'eau,Wasseraufbereitungs-Sektor,Settore per il trattamento delle acque,Sector de tratamiento de aguas,Setor de Tratamento de Água,Сектор очистки воды,ส่วน​บำบัด​น้ำ,Khu Xử Lý Nước,Sektor Pengolahan Air
废水处理机,廢水處理機,Water Treatment Unit,廃水処理機,오염수 처리기,Unité de traitement de l'eau,"Wasseraufbereitungs-
einheit",Unità di trattamento delle acque,Unidad de tratamiento de agua,Unidade de Tratamento de Água,Модуль очистки воды,หน่วย​บำบัด​น้ำ,Bộ Xử Lý Nước Thải,Unit Pengolah Air
废水处理机模板,廢水處理機模板,Water Treatment Unit Template,廃水処理機の設計図,오염수 처리기 템플릿,Modèle d'unité de traitement de l'eau,Vorlage: Wasseraufbereitungseinheit,Schema: unità di trattamento delle acque,Molde de la Unidad de tratamiento de agua,Gabarito de Unidade de Tratamento de Água,Шаблон модуля очистки воды,เทม​เพล​ต​หน่วย​บำบัด​น้ำ,Mẫu Bộ Xử Lý Nước Thải,Templat Unit Pengolah Air
水铃的思绪,水鈴的思緒,Waterbell's Thoughts,スイリンの想い,수영의 생각,Pensées d'Ondecloche,Wasserklangs Gedanken,Pensieri di Campana d'acqua,Reflexiones de Cascabel,Reflexões de Sino d'Água,Размышления Капели,ความคิด​ของ​ระฆัง​น้ำ,Suy Nghĩ Của Waterbell,Renungan Lonceng Air
水灯虫,水燈蟲,Waterlamp,水灯虫,수등충,Aqualampe,Wasserlampe,Idrolampa,Lámpara de agua,Lamparina,Плавучий фонарь,โคมไฟ​น้ำ,Đèn Nước,Waterlamp
水灯虫的灯坠,水燈蟲的燈墜,Waterlamp Glowbulb,水灯虫の発光器,수등충 등추,Lumibulbe d'aqualampe,Wasserlampen-Glühbirne,Bulbo di idrolampa,Bulbo luminoso de Lámpara de agua,Bulbo de Lamparina,Светошар плавучего фонаря,โคมไฟ​น้ำ​เรืองแสง,Bóng Đèn Đèn Nước,Bola Pijar Waterlamp
水车旋转,水車旋轉,Waterwheel and Rotations,水車回転,물레방아를 회전시키기,Roue à aubes et rotations,Wasserrad und Drehung,Ruota idraulica e rotazioni,Rueda hidráulica y rotaciones,Roda d'Água e Rotações,Активация водяного колеса,กังหันน้ำ​และ​การ​หมุน,Bánh Xe Nước và Cơ Chế Xoay,Kincir Air dan Perputarannya
水利枢纽,水利樞紐,Waterworks Hub,水管理施設,수자원 관리 거점,Hub hydraulique,Wasserwerk-Hub,Centro dell'acquedotto,Centro Hidráulico,Centro Hídrico,Центр водоснабжения,ศูนย์กลาง​ระบบ​ประปา,Đầu Mối Cấp Nước,Hub Pengairan
浪潮,浪潮,Wave Tide,潮流,거대한 격랑,Marée montante,Flutwelle,Alta marea,Marea ondulante,Onda da Maré,Морской вал,กระแส​คลื่น,Sóng Triều,Wave Tide
虚弱,虛弱,Weaken,弱体化,허약,Affaiblissement,Schwächen,Indebolimento,Debilitar,Enfraquecer,Ослабление,อ่อนแรง,Suy Yếu,Weaken
武器,武器,Weapon,武器,무기,Arme,Waffe,Arma,Arma,Arma,Оружие,อาวุธ,Vũ Khí,Senjata
武器名录,武器名錄,Weapon Anthology,武器名録,무기 명부,Recueil d'armes,Waffen-Anthologie,Compendio delle armi,Antología de armas,Antologia de Armas,Антология оружия,บันทึก​รวม​อาวุธ,Binh Khí Lục,Antologi Senjata
培养素材的返还,培養材料的返還,Weapon Progression Material: Returns,強化素材の返還,육성 재료 반환,Matériau de progression d'arme : retours,Waffen-Fortschrittsmaterial: Rückerstattung,Materiale di sviluppo delle armi: restituzione,Material de Progresión de Armas: devoluciones,Material de Progressão de Armas: Devoluções,Материалы для развития оружия: излишки,วัสดุ​พัฒนา​อาวุธ​: การ​ส่งคืน,Vật Liệu Thăng Cấp Vũ Khí: Hoàn Trả,Material Progresi Senjata: Pengembalian
武器补给·唤醒,武器補給·喚醒,Weapon Supply: Awakening,武器補給・覚醒,무기 보급 · 각성,Approvisionnement en armes : éveil,Waffenvorrat: Erwachen,Scorta di armi: Risveglio,Suministro de armas: Despertar,Suprimento de Armas: Despertar,Ящик оружия: пробуждение,เสบียง​อาวุธ​: การตื่น​รู้,Tiếp Tế Vũ Khí: Thức Tỉnh,Suplai Senjata: Kebangkitan
武器补给·蚀海,武器補給·蝕海,Weapon Supply: Blighted Sea,武器補給・蝕海,무기 보급 · 침식 조류,Approvisionnement en armes : Marée gangrénée,Waffenvorrat: Verderbtes Meer,Scorta di armi: Mare contaminato,Suministro de armas: Mar contaminado,Suprimento de Armas: Mar Contaminado pela Praga,Ящик оружия «Моровые волны»,เสบียง​อาวุธ​: ทะเล​เสื่อมสลาย,Tiếp Tế Vũ Khí: Biển Nhiễm Khuẩn,Suplai Senjata: Laut Hawar
武器补给·暗流,武器補給·暗流,Weapon Supply: Dark Currents,武器補給・暗流,무기 보급 · 암류,Approvisionnement en armes : Courants sombres,Waffenvorrat: Dunkle Strömungen,Scorta di armi: Correnti oscure,Suministro de armas: Corrientes oscuras,Suprimento de Armas: Correntes da Escuridão,Ящик оружия «Темные течения»,เสบียง​อาวุธ​: กระแส​ดำมืด,Tiếp Tế Vũ Khí: Dòng Chảy U Tối,Suplai Senjata: Arus Kelam
武器补给·苍山,武器補給·蒼山,Weapon Supply: Viridian Mont,武器補給・蒼山,무기 보급 · 푸른 산맥,Approvisionnement en armes : Mont viride,Waffenvorrat: Viridian Mont,Scorta di armi: Monte Viridiano,Suministro de armas: Viridian Mont,Suprimento de Armas: Monte Viridian,Ящик оружия «Изумрудная гора»,เสบียง​อาวุธ​: วิ​ริ​เดียน​ มองต์,Tiếp Tế Vũ Khí: Cổ Vật Thúy Sơn,Suplai Senjata: Viridian Mont
武器补给·怒潮,武器補給·怒潮,Weapon Supply: Wrothful Tide,武器補給・怒潮,무기 보급 · 노도,Approvisionnement en armes : marée furieuse,Waffenvorrat: Zornige Flut,Scorta di armi: Marea furiosa,Suministro de armas: Marea iracunda,Suprimento de Armas: Maré da Ira,Ящик оружия «Грозный прилив»,เสบียง​อาวุธ​: กระแส​โกรธ​เกรี้ยว,Tiếp Tế Vũ Khí: Cuồng Triều,Suplai Senjata: Ombak Murka
武器培养,武器培養,Weapon: Progression,武器強化,무기 육성,Arme : progression,Waffen: Fortschritt,Arma: sviluppo,Arma: progresión,Arma: Progressão,Оружие: развитие,อาวุธ​: ความก้าวหน้า,Vũ Khí: Thăng Cấp,Senjata: Progresi
楔子,楔子,Wedge,楔,쐐기,Pivot,Keil,Cuneo,Cuña,Cunha,Клин,เว​ด​จ์,Cái Nêm,Wedge
西谷峡道,西谷峽道,West Gorge Path,谷西の通路,서쪽 골짜기 좁은 길,Chemin de la gorge occidentale,Westschluchtpfad,Sentiero della gola ovest,Sendero del desfiladero oeste,Trilha do Desfiladeiro Oeste,Путь западного ущелья,เส้นทาง​หุบเขา​ตะวันตก,Lối Hẻm Núi Phía Tây,Jalan Ngarai Barat
白色自动贩售机,白色自動販賣機,White Auto-Vender,白自動販売機,흰색자동판매기,Blanc Distributeur automatique,Weiß Verkaufsautomat,Bianco Distributore automatico,Blanco Máquina expendedora,Branco Máquina de venda automática,Белая Торговый автомат,สีขาว ตู้จำหน่ายสินค้าอัตโนมัติ,Trắng Máy bán hàng tự động,Putih Mesin penjual otomatis
白色百叶箱,白色百葉箱,White Instrument Safe,白百葉箱,흰색백엽상,Blanc Coffre d'instruments,Weiß Werkzeugsafe,Bianco Cassaforte per strumenti,Blanco Caja fuerte para instrumentos,Branco Cofre para Instrumentos,Белая Сейф с инструментами,สีขาว ตู้เซฟ​อุปกรณ์,Trắng Két Dụng Cụ,Putih Brankas Instrumen
白夜新星,白夜新星,White Night Nova,白夜新星,백야의 별,Nova des nuits blanches,Polarnacht-Nova,Esplosione notturna,Nova de la noche blanca,Nova da Noite Branca,Звезда белых ночей,ไวท์​ไนท์​โน​วา,Sao Băng Đêm Trắng,White Night Nova
白色包裹,白色包裹,White Package,白荷物,흰색소포,Blanc Colis,Weiß Paket,Bianco Pacco,Blanco Paquete,Branco Pacote,Белая Посылка,สีขาว พัสดุ,Trắng Gói hàng,Putih Paket
油焖整笋罐头,油燜整筍罐頭,Wholly-Braised Sprout [can],丸ごと筍の缶詰,죽순 볶음 통조림,Pousse braisée entière [conserve],Ganze Schmorsprossen [Dose],Germogli brasati (barattolo),Brote estofado completo [lata],Broto Grelhado [lata],Тушенный целиком побег [консерв.],หน่อไม้​ทั้ง​หัว​ตุ๋น​น้ำมัน​ [กระป๋อง​],Măng Hầm Nguyên Cây (Đóng Hộp),Semur Rebung Empuk [kalengan]
野生牙兽,野生牙獸,Wild Tuskbeast,野生牙獣,야생의 터스크비스트,Hyenard sauvage,Wildes Reißbiest,Bestia feroce selvatica,Bestia colmilluda salvaje,Besta Carnívora Selvagem,Дикий звероклык,ทั​ส​ก์​บี​ส​ต์​ป่า,Quái Thú Ngà Hoang Dã,Tuskbeast Liar
迷失荒野,迷失荒野,Wild Wanderer,荒野迷走,황무지의 방랑자,Vagabond sauvage,Wilder Wanderer,Girovago folle,Errante salvaje,Andarilho Selvagem,Дикий странник,นัก​พเนจร​ป่า,Vệ Tinh Hoang Dã,Wild Wanderer
野外水源样本,野外水源樣本,Wilderness Water Sample,野外水源サンプル,야외 수원 표본,Échantillon d'eau des terres sauvages,Wildnis-Wasserprobe,Campione di acqua delle terre selvagge,Muestra de agua del Área silvestre,Amostra de Água de Área Selvagem,Образец воды с бездорожья,ตัวอย่าง​น้ำ​จาก​ที่​รกร้าง,Mẫu Nước Hoang Địa,Sampel Air Alam Liar
野外生物,野外生物,Wildlife,野生の生物,야외 생물,Faune,Fauna,Fauna,Vida silvestre,Vida Selvagem,Дикая фауна,สัตว์ป่า,Động Vật Hoang Dã,Margasatwa
被扔在垃圾桶上的遗书,被丟在垃圾桶上的遺書,Will Left on a Trash Bin,ゴミ箱に捨てられた遺書,쓰레기통에 버려진 유서,Dernières volontés abandonnées sur une poubelle,Auf einem Mülleimer hinterlassener letzter Wille,Testamento abbandonato nella spazzatura,Testamento dejado en un bote de basura,Testamento Deixado em uma Lata de Lixo,Записка из мусорки,พินัยกรรม​ที่​ถูก​ทิ้ง​ไว้​บน​ถังขยะ,Tờ Di Chúc trên Thùng Rác,Wasiat yang Tertinggal di Tempat Sampah
Win-Win!,Win-Win!,Win-Win!,Win-Win！,Win-Win!,Win-Win!,Win-Win!,Win-Win!,Win-Win!,Win-Win!,Win-Win!,Win-Win!,Win-Win!,Win-Win!
巫术矿钻货组,巫術礦鑽貨組,Witchcraft Mining Drill [pkg],巫術ドリルセット,주술 광산 다이아 상품군,Foreuses ensorcelées [colis],Zauber-Abbaubohrer [Paket],Trivelle di estrazione stregonesche (pacco),Taladro minero de hechicería [paq.],Perfuradora de Mineração Witchcraft [pct],Колдовской бур [упак.],สว่าน​มนตรา​ [แพ็ก​],Khoan Phù Thủy [bộ],Bor Tambang Sihir [pkt]
原木,原木,Wood,木材,원목,Bois,Holz,Legno,Madera,Madeira,Древесина,ไม้,Gỗ,Kayu
木箱,木箱,Wooden Box,木箱,나무 상자,Caisse en bois,Holzkiste,Cassa di legno,Caja de madera,Caixote de Madeira,Деревянный ящик,กล่องไม้,Thùng gỗ,Kotak Kayu
边缘林地,邊緣林地,Woodland Fringes,外れの森,변두리 숲지대,Orée du bois,Waldrand,Margini boschivi,Linderos del bosque,Fronteiras da Floresta,Окраина леса,ชายป่า,Bìa Rừng,Tepian Hutan
笔迹丑陋的工作记录,筆跡醜陋的工作紀錄,Work Records with Ugly Handwriting,読みにくい字で書かれた作業記録,못난 필체의 작업 기록,Fiches de travail très mal écrites,Arbeitsunterlagen in schlechter Handschrift,Registri di lavoro dalla pessima grafia,Registros de trabajo con letra fea,Registros de Trabalho com Caligrafia Feia,Рабочие заметки уродливым почерком,บันทึก​การทำงาน​ที่​มี​ลายมือ​อ่าน​ยาก,Hồ Sơ Công Việc với Nét Chữ Xấu Xí,Catatan Kerja Berisi Tulisan Jelek
工人之家,工人之家,Worker Dorms,従業員寮,직원 숙소 구역,Dortoirs des ouvriers,Arbeiter-Schlafsäle,Dormitori degli operai,Dormitorios de trabajadores,Alojamento,Общежитие рабочих,หอพัก​คนงาน,KTX Công Nhân,Asrama Pekerja
基建区,基建區,Working Sector,基礎建設区画,기초 건설 구역,Zone de travail,Arbeitssektor,Settore operativo,Sector laboral,Setor de Trabalho,Рабочий сектор,ภาค​ส่วน​การทำงาน,Khu Làm Việc,Sektor Kerja
世界相连,世界相連,Worlds Connected,世界は繋がる,이어진 세계,Mondes reliés,Verbundene Welten,Mondi collegati,Mundos conectados,Mundos Conectados,Связанные миры,โลก​ที่​เชื่อม​ถึงกัน,Vạn Giới Tương Liên,Jalinan Dunia
陈旧的钥匙卡,陳舊的鑰匙卡,Worn Key Card,古びたアクセスカード,낡은 키 카드,Carte magnétique usée,Abgenutzte Schlüsselkarte,Scheda d'accesso consunta,Tarjeta de acceso desgastada,Cartão de Acesso Desgastado,Потертая карта доступа,คีย์​การ์ด​เ​ก่าๆ,Thẻ chìa khóa bị mòn,Kartu Kunci Usang
草编天使,草編天使,Woven Aggelos,草で編んだアンゲロス,짚으로 엮은 아겔로스,Aggelos tissé,Geflochtener Aggelos,Aggelos intrecciato,Aggelos tejido,Aggelos de Tecido,Плетеный аггел,แอง​เกลอ​ย​ถัก​ทอ,Aggeloi Đan Dệt,Aggelos Anyam
皱巴巴的纸条,皺巴巴的紙條,Wrinkled Note,しわくちゃのメモ,구겨진 쪽지,Note froissée,Verknitterte Notiz,Biglietto spiegazzato,Nota arrugada,Bilhete Amassado,Смятая записка,บันทึก​ยั​บๆ,Mảnh Giấy Nhàu Nát,Catatan Lecek
狼卫,狼衛,Wulfgard,ウルフガード,울프가드,Wulfgard,Wulfgard,Wulfgard,Wulfgard,Wulfgard,Вулфгард,วู​ล์​ฟ​การ์ด,Wulfgard,Wulfgard
狼卫的信物,狼衛的信物,Wulfgard's Token,ウルフガードの印,울프가드의 증표,Jeton de Wulfgard,Wulfgards Token,Gettone di Wulfgard,Ficha de Wulfgard,Símbolo de Wulfgard,Жетон Вулфгарда,โท​เคน​ของ​วู​ล์​ฟ​การ์ด,Tín Vật của Wulfgard,Token Wulfgard
武陵,武陵,Wuling,武陵,무릉,Wuling,Wuling,Wuling,Wuling,Wuling,Улин,อู่​หลิง,Võ Lăng,Wuling
武陵工业点数,武陵工業點數,Wuling AIC Index,武陵工業ポイント,무릉 공업 포인트,Répertoire du GIA de Wuling,Wuling-AIK-Index,Indice SIA di Wuling,Índice del CAI de Wuling,Índice do CAI de Wuling,Индекс АПК Улина,ดัชนี​ AIC อู่​หลิง,Chỉ số KPH Võ Lăng,Indeks AIC Wuling
武陵工业计划,武陵工業計劃,Wuling AIC Plan,"<p=""ぶりょう"" padding=0>武陵</p>工業計画",무릉 공업 계획,Plan du GIA de Wuling,Wuling-AIK-Plan,Progetto del SIA di Wuling,Plan del CAI de Wuling,Plano do CAI de Wuling,План АПК Улина,แบบแปลน​ AIC อู่​หลิง,Sơ Đồ KPH Võ Lăng,Bagan AIC Wuling
武陵精锻助剂,武陵精鍛助劑,Wuling Artificing Catalyst,武陵加工強化剤,무릉 정밀 단조제,Catalyseur de renforcement de Wuling,Wuling-Veredelungskatalysator,Catalizzatore per artifici di Wuling,Catalizador de elaboración de Wuling,Catalisador de Aprimoramento de Wuling,Катализатор доработки Улина,ตัวเร่ง​การ​อาร์​ติ​ไฟ​ซ์​อู่​หลิง,Chất Xúc Tác Chế Tác Võ Lăng,Katalis Penyempurna Wuling
武陵城,武陵城,Wuling City,武陵城,무릉성,Ville de Wuling,Wuling City,Wuling City,Ciudad de Wuling,Cidade de Wuling,Улин,เมือง​อู่​หลิง,Thành Phố Võ Lăng,Kota Wuling
武陵协定凭证,武陵協定憑證,Wuling Convention Certificate,武陵協定取引証,무릉 협정 허가증,Certificat de convention de Wuling,Wuling-Abkommenszertifikat,Certificato convenzionato di Wuling,Certificado de convención de Wuling,Certificado da Convenção de Wuling,Сертификат соглашения Улина,ใบรับรอง​ข้อตกลง​แห่ง​อู่​หลิง,Chứng Nhận Theo Công Ước Võ Lăng,Sertifikat Konvensi Wuling
武陵储藏家奖章·Ⅰ,武陵儲藏家獎章·I,Wuling Crate Master Ⅰ,武陵資源勲章Ⅰ,무릉 수집가 훈장 I,Virtuose des caisses de Wuling I,Wuling-Kisten-Koryphäe I,Rompicasse di Wuling I,Cajas abiertas en Wuling Ⅰ,Mestre dos Caixotes de Wuling I,Спец по ящикам Улина Ⅰ,เจ้า​แห่ง​ลัง​อู่​หลิง​ I,Chuyên Gia Thùng Hàng Võ Lăng I,Pembuka Kerat Wuling Ⅰ
武陵储藏家奖章·Ⅱ,武陵儲藏家獎章·II,Wuling Crate Master Ⅱ,武陵資源勲章Ⅱ,무릉 수집가 훈장 II,Virtuose des caisses de Wuling II,Wuling-Kisten-Koryphäe II,Rompicasse di Wuling Ⅱ,Cajas abiertas en Wuling II,Mestre dos Caixotes de Wuling II,Спец по ящикам Улина II,เจ้า​แห่ง​ลัง​อู่​หลิง​ II,Chuyên Gia Thùng Hàng Võ Lăng II,Pembuka Kerat Wuling ⅠI
武陵储藏家奖章·Ⅲ,武陵儲藏家獎章·III,Wuling Crate Master Ⅲ,武陵資源勲章Ⅲ,무릉 수집가 훈장 III,Virtuose des caisses de Wuling III,Wuling-Kisten-Koryphäe III,Rompicasse di Wuling Ⅲ,Cajas abiertas en Wuling III,Mestre dos Caixotes de Wuling III,Спец по ящикам Улина III,เจ้า​แห่ง​ลัง​อู่​หลิง​ Ⅲ,Chuyên Gia Thùng Hàng Võ Lăng Ⅲ,Pembuka Kerat Wuling III
武陵仓库存取线 - 一,武陵倉庫存取線 - 一,Wuling Depot Bus (1),"<p=""ぶりょう"" padding=0>武陵</p>倉庫連結ハブ - 1",무릉 창고 입출력 라인 - 1,Bande d'entrepôt de Wuling (1),Wuling-Depot-Bus (1),Bus deposito di Wuling (1),Unidad de transporte de Depósito de Wuling (1),Transportador do Depósito de Wuling (1),Звено склада Улина (1),บัส​คลัง​อู่​หลิง​ (1),Tổng Tuyến Kho Hàng Võ Lăng (1),Bus Depot Wuling (1)
武陵仓库存取线 - 二,武陵倉庫存取線 - 二,Wuling Depot Bus (2),"<p=""ぶりょう"" padding=0>武陵</p>倉庫連結ハブ - 2",무릉 창고 입출력 라인 - 2,Bande d'entrepôt de Wuling (2),Wuling-Depot-Bus (2),Bus deposito di Wuling (2),Unidad de transporte de Depósito de Wuling (2),Transportador do Depósito de Wuling (2),Звено склада Улина (2),บัส​คลัง​อู่​หลิง​ (2),Tổng Tuyến Kho Hàng Võ Lăng (2),Bus Depot Wuling (2)
武陵刻写券,武陵刻寫券,Wuling Engraving Permit,武陵刻印券,무릉 각인권,Permis de gravure de Wuling,Wuling-Gravur-Genehmigung,Permesso di incisione di Wuling,Permiso de grabado de Wuling,Permissão para Gravar de Wuling,Разрешение на чеканку в Улине,ใบอนุญาต​แกะสลัก​สลัก​อู่​หลิง,Giấy Phép Khắc Võ Lăng,Izin Ukir Wuling
武陵拓展核心,武陵拓展核心,Wuling Expansion Core,武陵拡張核心,무릉 확장 코어,Noyau d'extension de Wuling,Wuling-Erweiterungskern,Nucleo di espansione di Wuling,Núcleo de expansión de Wuling,Núcleo de Expansão de Wuling,Улинское ядро расширения,แกน​ขยาย​อู่​หลิง,Lõi Bản Mở Rộng Võ Lăng,Inti Perluasan Wuling
武陵工业先驱奖章·Ⅰ,武陵工業先驅獎章·I,Wuling Factory Pioneer Ⅰ,武陵工業開拓勲章Ⅰ,무릉 공업 선구자 훈장 I,Pionnier de l'industrie de Wuling I,Wuling-Fabrikpionier I,Pionierismo industriale di Wuling I,Especialista de fábrica de Wuling Ⅰ,Pioneiro da Fábrica de Wuling I,Индустриализация Улина Ⅰ,ผู้บุกเบิก​โรงงาน​อู่​หลิง​ I,Nhà Máy Tiên Phong Võ Lăng I,Perintis Pabrik Wuling Ⅰ
武陵工业先驱奖章·Ⅱ,武陵工業先驅獎章·II,Wuling Factory Pioneer Ⅱ,武陵工業開拓勲章Ⅱ,무릉 공업 선구자 훈장 II,Pionnier de l'industrie de Wuling II,Wuling-Fabrikpionier II,Pionierismo industriale di Wuling II,Especialista de fábrica de Wuling Ⅱ,Pioneiro da Fábrica de Wuling II,Индустриализация Улина II,ผู้บุกเบิก​โรงงาน​อู่​หลิง​ II,Nhà Máy Tiên Phong Võ Lăng II,Perintis Pabrik Wuling Ⅱ
武陵工业先驱奖章·Ⅲ,武陵工業先驅獎章·III,Wuling Factory Pioneer Ⅲ,武陵工業開拓勲章Ⅲ,무릉 공업 선구자 훈장 III,Pionnier de l'industrie de Wuling III,Wuling-Fabrikpionier III,Pionierismo industriale di Wuling Ⅲ,Especialista de fábrica de Wuling III,Pioneiro da Fábrica de Wuling III,Индустриализация Улина III,ผู้บุกเบิก​โรงงาน​อู่​หลิง​ III,Nhà Máy Tiên Phong Võ Lăng III,Perintis Pabrik Wuling Ⅲ
武陵工业先驱奖章·Ⅳ,武陵工業先驅獎章·IV,Wuling Factory Pioneer Ⅳ,武陵工業開拓勲章Ⅳ,무릉 공업 선구자 훈장 IV,Pionnier de l'industrie de Wuling IV,Wuling-Fabrikpionier IV,Pionierismo industriale di Wuling Ⅳ,Especialista de fábrica de Wuling IV,Pioneiro da Fábrica de Wuling IV,Индустриализация Улина IV,ผู้บุกเบิก​โรงงาน​อู่​หลิง​ Ⅳ,Nhà Máy Tiên Phong Võ Lăng IV,Perintis Pabrik Wuling IV
武陵乱炒,武陵亂炒,Wuling Flame-Boyance,武陵炒め,무릉 볶음,Flamme-boyance de Wuling,Flammendes Wuling,Flambrulé di Wuling,Flame-Boyance de Wuling,Flamboiã de Wuling,Улинская огнеразбериха,อู่​หลิง​บี​ยอน​เซ่​ไฟ​ลุก,Lửa Rực Rỡ Võ Lăng,Flame-Boyance Wuling
武陵炒饭,武陵炒飯,Wuling Fried Rice,武陵チャーハン,무릉 볶음밥,Riz frit de Wuling,Wuling-Reispfanne,Riso fritto di Wuling,Arroz frito Wuling,Arroz Frito de Wuling,Жареный рис по-улински,ข้าวผัด​อู่​หลิง,Cơm Chiên Võ Lăng,Nasi Goreng Wuling
武陵炒饭·升级,武陵炒飯·升級,Wuling Fried Rice Upgrade,武陵チャーハン（強化）,무릉 볶음밥 · 업그레이드,Amélioration de riz frit de Wuling,Verbesserung: Wuling-Reispfanne,Potenziamento: riso fritto di Wuling,Mejora de arroz frito Wuling,Upgrade de Arroz Frito de Wuling,Улучшение жареного риса по-улински,อัป​เกรด​ข้าวผัด​อู่​หลิง,Nâng Cấp Cơm Chiên Võ Lăng,Upgrade untuk Nasi Goreng Wuling
武陵冻梨货组,武陵凍梨貨組,Wuling Frozen Pears [pkg],武陵冷凍梨セット,무릉 얼린 배 상품군,Poires glacées de Wuling [colis],Wuling-Tiefkühlerbsen [Paket],Pere di Wuling surgelate (pacco),Peras congeladas de Wuling [paq.],Peras Congeladas de Wuling [pct],Улинские замороженные груши [упак.],ลูก​แพ​ร์​แช่แข็ง​อู่​หลิง​ [แพ็ก​],Lê Đông Lạnh Võ Lăng [bộ],Pir Beku Wuling [pkt]
武陵调查者奖章·Ⅰ,武陵調查者獎章·I,Wuling Investigator Ⅰ,武陵調査勲章Ⅰ,무릉 조사원 훈장 I,Enquêtes à Wuling I,Wuling-Untersuchungsbeauftragter I,Detective di Wuling I,Investigación de Wuling Ⅰ,Investigador de Wuling I,Расследование в Улине Ⅰ,นักสืบ​สวน​อู่​หลิง​ I,Thám Tử Võ Lăng I,Penyelidik Wuling Ⅰ
武陵北,武陵北,Wuling North,武陵北,무릉 북쪽,Wuling Nord,Wuling Nord,Wuling nord,Wuling Norte,Norte de Wuling,Северный Улин,ด้าน​เหนือ​ของ​อู่​หลิง,Bắc Võ Lăng,Utara Wuling
武陵据点开拓奖章·Ⅰ,武陵據點開拓獎章·I,Wuling Outpost Builder Ⅰ,武陵拠点開拓勲章Ⅰ,무릉 거점 개척자 훈장 I,Construction d'avant-postes à Wuling I,Wuling-Außenpostenbauer I,Avamposti di Wuling Ⅰ,Construcción de puestos de avanzada de Wuling I,Construtor de Posto Avançado de Wuling Ⅰ,Строительство аванпостов Улина I,นัก​สร้าง​ค่าย​อู่​หลิง​ I,Kỹ Sư Xây Tiền Đồn Võ Lăng I,Pembangun Pos Depan Wuling I
武陵据点开拓奖章·Ⅱ,武陵據點開拓獎章·II,Wuling Outpost Builder Ⅱ,武陵拠点開拓勲章Ⅱ,무릉 거점 개척자 훈장 II,Construction d'avant-postes à Wuling II,Wuling-Außenpostenbauer II,Avamposti di Wuling Ⅱ,Construcción de puestos de avanzada de Wuling II,Construtor de Posto Avançado de Wuling II,Строительство аванпостов Улина II,นัก​สร้าง​ค่าย​อู่​หลิง​ Ⅱ,Kỹ Sư Xây Tiền Đồn Võ Lăng II,Pembangun Pos Depan Wuling II
武陵地区建设值,武陵地區建設值,Wuling Regional Development Metric,武陵建設値,무릉 지역 건설치,Indicateur de développement régional de Wuling,Wuling-Regionsentwicklungsmetrik,Metrica dello sviluppo regionale di Wuling,Métrica de desarrollo regional del Wuling,Métrica de Desenvolvimento Regional de Wuling,Показатель развития региона: Улин,เมทริก​การพัฒนา​ระดับ​ภูมิภาค​อู่​หลิง,Chỉ Số Phát Triển Khu Vực Võ Lăng,Metrik Perkembangan Regional Wuling
武陵调度券,武陵調度券,Wuling Stock Bill,武陵取引券,무릉 관리권,Billet de réserves de Wuling,Wuling-Aktiennote,Buono acquisto di Wuling,Vale de crédito de Wuling,Letra de Câmbio de Wuling,Облигация Улина,ธนบัตร​คลัง​อู่​หลิง,Phiếu Hàng Võ Lăng,Surat Saham Wuling
武陵调度专家奖章,武陵調度專家獎章,Wuling Stock Redistributor,武陵取引専門家勲章,무릉 관리 전문가 훈장,Redistribution de Wuling,Wuling-Vorratneuverteilung,Ridistribuzione scorte di Wuling,Redistribuidor de existencias de Wuling,Redistribuidor de Estoque de Wuling,Перераспределитель резервов Улина,ผู้​กระจาย​สินค้า​ใน​สต็อก​อู่​หลิง,Chuyên Gia Điều Phối Võ Lăng,Redistributor Stok Wuling
武陵调度专家奖章·Ⅱ,武陵調度專家獎章·II,Wuling Stock Redistributor Ⅱ,武陵取引専門家勲章Ⅱ,무릉 관리 전문가 훈장 II,Redistribution de Wuling II,Wuling-Vorratneuverteilung II,Ridistribuzione scorte di Wuling II,Redistribuidor de existencias de Wuling Ⅱ,Redistribuidor de Estoque de Wuling II,Перераспределитель резервов Улина II,ผู้​กระจาย​สินค้า​ใน​สต็อก​อู่​หลิง​ II,Chuyên Gia Điều Phối Võ Lăng II,Redistributor Stok Wuling Ⅱ
武陵调度专家奖章·Ⅲ,武陵調度專家獎章·III,Wuling Stock Redistributor Ⅲ,武陵取引専門家勲章Ⅲ,무릉 관리 전문가 훈장 III,Redistribution de Wuling III,Wuling-Vorratneuverteilung III,Ridistribuzione scorte di Wuling Ⅲ,Redistribuidor de existencias de Wuling III,Redistribuidor de Estoque de Wuling III,Перераспределитель резервов Улина III,ผู้​กระจาย​สินค้า​ใน​สต็อก​อู่​หลิง​ III,Chuyên Gia Điều Phối Võ Lăng III,Redistributor Stok Wuling Ⅲ
武陵调度专家奖章·Ⅳ,武陵調度專家獎章·IV,Wuling Stock Redistributor Ⅳ,武陵取引専門家勲章Ⅳ,무릉 관리 전문가 훈장 IV,Redistribution de Wuling IV,Wuling-Vorratneuverteilung IV,Ridistribuzione scorte di Wuling IV,“Redistribuidor de existencias de Wuling IV”,Redistribuidor de Estoque de Wuling IV,Перераспределитель резервов Улина IV,ผู้​กระจาย​สินค้า​ใน​สต็อก​อู่​หลิง​ IV,Chuyên Gia Điều Phối Võ Lăng Ⅳ,Redistributor Stok Wuling IV
武陵塔晶探针,武陵塔晶探針,Wuling Talosite Probe,武陵タロサイト探査機,무릉 유령수정 탐침기,Sonde à talosite de Wuling,Wuling-Talosit-Sonde,Sonda di talosite di Wuling,Sonda de Talosita de Wuling,Sonda de Talosita de Wuling,Улинский зонд для талозита,หัว​สำรวจ​ทา​โล​ไซต์​แห่ง​อู่​หลิง,Máy Dò Talosite Võ Lăng,Sensor Sidik Talosite Wuling
武陵甚大裂隙上层,武陵甚大裂隙上層,"Wuling VLR, Upper Area",巨大な裂け目上層,무릉 대균열 상층,FI de Wuling,"Wuling RR, oberer Bereich","Area superiore, VS di Wuling",Zona sup. GG de Wuling,"FG Wuling, Área Sup.",Верхний уровень улинского разлома,อู่​หลิง​ VLR โซน​บน,"KNCL Võ Lăng, Khu Trên","CR Wuling, Area Atas"
武陵的过活跃侵蚀,武陵的超活躍侵蝕,Wuling: Superactive Blight,"<p=""ぶりょう"" padding=0>武陵</p>の過剰活性化侵蝕",무릉의 과활성 침식,Wuling : Gangrène superactive,Wuling: Superaktive Verderbnis,Wuling: Contaminazione superattiva,Wuling: Plaga hiperactiva,Wuling: Praga Superativa,Улин: сверхактивный мор,อู่​หลิง​: ไบ​ล​ท์​ซู​เปอร์​แอค​ทีฟ,Võ Lăng: Nhiễm Khuẩn Quá Mức,Wuling: Hawar Superaktif
武陵地区的过活跃动态侵蚀 - 小规模,武陵地區的超活躍動態侵蝕 - 小規模,Wuling: Superactive Blight (Small),"<p=""ぶりょう"" padding=0>武陵</p>の過剰活性化動的侵蝕 - 小規模",무릉 지역의 과활성 동적 침식 - 소규모,Wuling : Gangrène superactive (petite),Wuling: Superaktive Verderbnis (Klein),Wuling: Contaminazione superattiva (piccola),Wuling: Plaga hiperactiva (Pequeña),Wuling: Praga Superativa (Pequena),Улин: сверхактивный мор (малый),อู่​หลิง​: ไบ​ล​ท์​ซู​เปอร์​แอค​ทีฟ​ (เล็ก​),Võ Lăng: Nhiễm Khuẩn Quá Mức (Nhỏ),Wuling: Hawar Superaktif (Kecil)
武陵石,武陵石,Wulingstone,武陵石,무릉석,Pierre de Wuling,Wulingstein,Pietra di Wuling,Piedra de Wuling,Pedra de Wuling,Улинит,หิน​อู่​หลิง,Đá Võ Lăng,Wulingstone
武陵石子簇,武陵石子簇,Wulingstone Seed,純武陵石塊,무릉석 덩이,Graine de pierre de Wuling,Wulingstein-Saat,Seme di pietra di Wuling,Semilla de Piedra de Wuling,Semente de Pedra de Wuling,Улинитовое семя,เมล็ดพันธุ์​หิน​อู่​หลิง,Hạt Đá Võ Lăng,Benih Wulingstone
武陵石,武陵石,Wulingstone Spot,武陵石,무릉석,Pierre de Wuling,Wulingstein,Pietra di Wuling,Piedra de Wuling,Pedra de Wuling,Улинит,หิน​อู่​หลิง,Đá Võ Lăng,Wulingstone
武侠电影货组,武俠電影貨組,Wuxia Movies [pkg],武侠映画セット,무협 영화 상품군,Films de Wuxia [colis],Wuxia-Filme [Paket],Film wuxia (pacco),Películas Wuxia [paq.],Filmes de Wuxia [pct],Фильмы в жанре уся [упак.],หนัง​กำลังภายใน​ [แพ็ก​],Phim Võ Hiệp [bộ],Film Wuxia [pkt]
赛希,賽希,Xaihi,ザイヒ,자이히,Xaihi,Xaihi,Xaihi,Xaihi,Xaihi,Сайхи,ไซ​ฮี,Xaihi,Xaihi
赛希的信物,賽希的信物,Xaihi's Token,ザイヒの印,자이히의 증표,Jeton de Xaihi,Xaihis Token,Gettone di Xaihi,Ficha de Xaihi,Símbolo de Xaihi,Жетон Сайхи,โท​เคน​ของ​ไซ​ฮี,Tín Vật của Xaihi,Token Xaihi
息壤气,息壤氣,Xiragen,息壌ガス,식양 기체,Xiragène,Xiragen,Xirageno,Xiragen,Xiragênio,Ксираген,ซี​รา​เจน,Khí Xiranite,Xiragen
息壤气灌装,息壤氣灌裝,Xiragen Bottling,息壌ガス充填,식양 기체(주입),Mise en bouteille de xiragène,Xiragen-Abfüllung,Xirageno in bottiglia,Embotellado de Xiragen,Engarrafamento de Xiragênio,Наполнение ксирагеном,การบรรจุ​ขวด​ซี​รา​เจน,Khí Xiranite Đóng Chai,Pembotolan Xiragen
息壤气囤积点,息壤氣囤積點,Xiragen Reservoir,息壌ガス蓄積スポット,식양 기체 비축 지점,Réservoir de xiragène,Xiragen-Reservoir,Riserva di xirageno,Embalse de Xiragen,Reservatório de Xiragênio,Запасы ксирагена,แหล่ง​กักเก็บ​ซี​รา​เจน,Hồ Chứa Khí Xiranite,Waduk Xiragen
息壤气,息壤氣,Xiragen Spot,息壌ガス,식양 기체,Xiragène,Xiragen,Xirageno,Xiragen,Xiragênio,Ксираген,ซี​รา​เจน,Khí Xiranite,Xiragen
息壤色烟花货组,息壤色煙火貨組,Xiran-Hue Fireworks [pkg],息壌色の花火セット,식양색을 띤 폭죽 상품군,Feux d'artifice de Xiran-Hue [colis],Xiranit-farbene Feuerwerkskörper [Paket],Fuochi d'artificio color xiranite (pacco),Fuegos artificiales Xiran-Hue [paq.],Fogos de Artifício Xiran-Hue [pct],Фейерверки цвета ксиранита [упак.],ดอกไม้ไฟ​ซี​เรน​ฮิว​ [แพ็ก​],Pháo Hoa Xiran-Hue [bộ],Kembang Api Xiranite Warna [pkt]
壤流短棍,壤流短棍,Xiranflow Baton,壌流棍棒,식양의 흐름 단봉,Bâton à Xiranflux,Xiranfluss-Schlagstock,Randello Xiranflow,Bastón de Flujo Xiran,Bastão do Fluxo de Xiranita,Дубинка «Ксиранад»,กระบอง​ซี​เรน​โฟลว์,Gậy Xiranflow,Pentungan Xiranflow
息流行道,息流行道,Xiranflow Channel,息流道路,식류 통로,Canal de Xiranflux,Xiranfluss-Kanal,Canale Xiranflow,Canal de Flujo Xiran,Canal de Fluxo de Xiranita,Ксиранадовый канал,ช่อง​การ​ไหล​ของ​ซี​เรน​โฟลว์,Dòng Chảy Xiranflow,Kanal Xiranflow
盈天台,盈天台,Xiranflow Cloudseeder,満天台,영천대,Séminimbus à Xiranflux,Xiranfluss-Wolkensäer,Semina delle nuvole di Xiranflow,Siembranubes de Flujo Xiran,Semeador de Nuvens de Fluxo de Xiranita,Ксиранадовый засевщик облаков,เครื่อง​โปรย​เมฆ​ซี​เรน​โฟลว์,Trạm Gieo Mây Xiranflow,Pengisi Awan Xiranflow
盈天台建设站,盈天台建設站,Xiranflow Cloudseeder Station,満天台建設基地,영천대 건설 기지,Station du séminimbus à Xiranflux,Xiranfluss-Wolkensäer-Station,Stazione di semina delle nuvole di Xiranflow,Estación del Siembranubes de Flujo Xiran,Estação Semeadora de Nuvens de Fluxo de Xiranita,Станция засева облаков,สถานี​โปรย​เมฆ​ซี​เรน​โฟลว์,Trạm Gieo Mây Xiranflow,Stasiun Pengisi Awan Xiranflow
壤流护手,壤流護手,Xiranflow Gloves,壌流プロテクター,식양의 흐름 보호 장갑,Gants à Xiranflux,Xiranfluss-Handschuhe,Guanti Xiranflow,Guantes de Flujo Xiran,Luvas do Fluxo de Xiranita,Перчатки «Ксиранад»,ถุงมือ​ซี​เรน​โฟลว์,Găng Xiranflow,Sarung Tangan Xiranflow
壤流轻甲,壤流輕甲,Xiranflow Light Armor,壌流軽防具,식양의 흐름 경갑,Armure légère à Xiranflux,Leichte Xiranfluss-Rüstung,Armatura leggera Xiranflow,Armadura ligera de Flujo Xiran,Armadura Leve do Fluxo de Xiranita,Легкая броня «Ксиранад»,เกราะ​เบา​ซี​เรน​โฟลว์,Giáp Nhẹ Xiranflow,Armor Ringan Xiranflow
复位息壤导流轨道系统,復位息壤導流軌道系統,Xiranflow Track System: Restoration,"<p=""そくじょう"" padding=0>息壌</p>導流軌道システムの復帰",식양 유도 궤도 시스템 복구,Système de suivi de Xiranflux : restauration,Xiranfluss-Schienensystem: Wiederherstellung,Sistema di binari Xiranflow: ripristino,Sistema de rastreo de Flujo Xiran: Restauración,Sistema de Rastreamento de Fluxo de Xiranita: Restauração,Восстановление системы отведения ксиранада,ระบบ​ราง​นำทาง​ซี​เรน​โฟลว์​: การกู้​คืน,Hệ Thống Đường Dẫn Lưu Xiranflow: Phục Hồi,Sistem Jalur Xiranflow: Pemulihan
息壤,息壤,Xiranite,息壌,식양,Xiranite,Xiranit,Xiranite,Xiranita,Xiranita,Ксиранит,ซี​เรน​ไนต์,Xiranite,Xiranite
息壤桥,息壤橋,Xiranite Bridge,"<p=""そくじょうきょう"" padding=0>息壌橋</p>",식양 다리,Pont de xiranite,Xiranit-Brücke,Ponte a xiranite,Puente de Xiranita,Ponte de Xiranita,Ксиранитовый мост,สะพาน​ซี​เรน​ไนต์,Cầu Xiranite,Jembatan Xiranite
息壤桥梁货组,息壤橋梁貨組,Xiranite Bridge [pkg],息壌橋セット,식양 다리 상품군,Pont de xiranite [colis],Xiranit-Brücke [Paket],Ponte a xiranite (pacco),Puente de Xiranita [paq.],Ponte de Xiranita [pct],Ксиранитовый мост [упак.],สะพาน​ซี​เรน​ไนต์​ [แพ็กเกจ​],Cầu Xiranite [bộ],Jembatan Xiranite [pkt]
息壤装备原件,息壤裝備原件,Xiranite Component,息壌装備部品,식양 장비 부품,Composant en xiranite,Xiranit-Komponente,Componente di xiranite,Componente de Xiranita,Componente de Xiranita,Ксиранитовый компонент,ส่วนประกอบ​ซี​เรน​ไนต์,Linh Kiện Xiranite,Komponen Xiranite
息壤装备与电池,息壤裝備與電池,Xiranite Components and Batteries,息壌装備&バッテリー,식양 장비 및 배터리,Batteries et composants en xiranite,Xiranit-Komponenten und Batterien,Produzione di componenti e batterie di xiranite,Componentes de Xiranita y baterías,Componentes de Xiranita e Baterias,Ксиранитовые компоненты и батареи,ส่วนประกอบ​ซี​เรน​ไนต์​และ​แบตเตอรี่,Linh Kiện và Pin Xiranite,Komponen dan Baterai Xiranite
息壤净水芯货组,息壤淨水濾心貨組,Xiranite Filter Cores [pkg],息壌浄水カートリッジセット,식양 정수 필터 상품군,Noyaux de filtre en xiranite [colis],Xiranit-Filterkerne [Paket],Nuclei filtranti di xiranite (pacco),Núcleos de filtro de Xiranita [paq.],Miolos de Filtro de Xiranita [pct],Ксиранитовые фильтрующие элементы [упак.],แกน​กรอง​ซี​เรน​ไนต์​ [แพ็ก​],Lõi Lọc Xiranite [bộ],Inti Filter Xiranite [pkt]
息壤控流节点,息壤控流節點,Xiranite Flow Control Node,"<p=""そくじょうせいりゅうそうち"" padding=0>息壌制流装置</p>",식양 유량 제어 노드,Nœud de contrôle des flux de xiranite,Xiranit-Strömungssteuerungsknoten,Nodo di controllo del flusso di xiranite,Nodo de control de flujo de Xiranita,Nó de Controle de Fluxo de Xiranita,Узел регулирования потока ксиранита,โหนด​ควบคุม​การ​ไหล​ซี​เรน​ไนต์,Điểm Kiểm Soát Dòng Xiranite,Nodus Kontrol Aliran Xiranite
激活息壤控流节点,啟動息壤控流節點,Xiranite Flow Control Node: Activation,"<p=""そくじょうせいりゅうそうち"" padding=0>息壌制流装置</p>の起動",식양 유량 제어 노드를 활성화하기,Nœud de contrôle des flux de xiranite : activation,Xiranit-Strömungssteuerungsknoten: Aktivierung,Nodo di controllo del flusso di xiranite: attivazione,Nodo de control de flujo de Xiranita: activación,Nó de Controle de Fluxo de Xiranita: Ativação,Узел регулирования потока ксиранита: активация,โหนด​ควบคุม​การ​ไหล​ซี​เรน​ไนต์​ การ​เปิด​ใช้งาน,Điểm Kiểm Soát Dòng Xiranite: Kích Hoạt,Nodus Kontrol Aliran Xiranite: Aktivasi
息壤葫芦,息壤葫蘆,Xiranite Gourd,息壌ひょうたん,식양 호리병,Gourde en xiranite,Xiranit-Kalebasse,Fiasco di xiranite,Calabaza de Xiranita,Cabaça de Xiranita,Тыквенная фляга с ксиранитом,ฝัก​ซี​เรน​ไนต์,Quả Bầu Xiranite,Botol Cembung Xiranite
息壤葫芦设计稿,息壤葫蘆設計稿,Xiranite Gourd Design Draft,息壌ひょうたん設計案,식양 호리병 설계도,Croquis de gourde en xiranite,Entwurf für ein Xiranit-Kalebasse-Design,Bozza di progetto del fiasco di xiranite,Boceto de diseño de calabaza de Xiranita,Rascunho de Desenho de Cabaça de Xiranita,Чертеж тыквенной фляги с ксиранитом,แบบ​ร่าง​การ​ออกแบบ​ฝัก​ซี​เรน​ไนต์,Bản Thảo Thiết Kế Quả Bầu Xiranite,Draf Desain Botol Cembung Xiranite
息壤葫芦样品,息壤葫蘆樣品,Xiranite Gourd Sample,息壌ひょうたんのサンプル,식양 호리병 시제품,Échantillon de gourde en xiranite,Probe: Xiranit-Kalebasse,Campione di fiasco di xiranite,Muestra de Calabaza de Xiranita,Amostra de Cabaça de Xiranita,Образец тыквенной фляги с ксиранитом,ตัวอย่าง​ฝัก​ซี​เรน​ไนต์,Mẫu Quả Bầu Xiranite,Sampel Botol Cembung Xiranite
息壤栽培技术,息壤栽培技術,Xiranite Horticultural Technique,息壌栽培技術,식양 재배 기술,Technique d'horticulture à la xiranite,Techniken des Xiranit-Gartenbaus,Tecnica orticultrice della xiranite,Técnica hortícola de Xiranita,Técnica de Horticultura de Xiranita,Технология выращивания ксиранита,เทคนิค​การ​เพาะเลี้ยง​ซี​เรน​ไนต์,Kỹ Thuật Làm Vườn Xiranite,Teknik Hortikultura Xiranite
息壤玉葫芦,息壤玉葫蘆,Xiranite Jade Gourd,息壌玉ひょうたん,식양 옥 호리병,Gourde de jade en xiranite,Xiranit-Jadekalebasse,Fiasco di giada e xiranite,Calabaza de jade de Xiranita,Cabaça de Jade de Xiranita,Нефритовая фляга с ксиранитом,ฝัก​หยก​ซี​เรน​ไนต์,Quả Bầu Ngọc Xiranite,Botol Cembung Giok Xiranite
息壤玉葫芦设计稿,息壤玉葫蘆設計稿,Xiranite Jade Gourd Design Draft,息壌玉ひょうたん設計案,식양 옥 호리병 설계도,Croquis de gourde de jade en xiranite,Entwurf für ein Xiranit-Jadekalebasse-Design,Bozza di progetto del fiasco di giada e xiranite,Boceto de diseño de calabaza de jade de Xiranita,Rascunho de Desenho de Cabaça de Jade de Xiranita,Чертеж нефритовой фляги с ксиранитом,แบบ​ร่าง​การ​ออกแบบ​ฝัก​หยก​ซี​เรน​ไนต์,Bản Thảo Thiết Kế Quả Bầu Ngọc Xiranite,Draf Desain Botol Cembung Giok Xiranite
息壤玉葫芦样品,息壤玉葫蘆樣品,Xiranite Jade Gourd Sample,息壌玉ひょうたんのサンプル,식양 옥 호리병 시제품,Échantillon de gourde de jade en xiranite,Probe: Xiranit-Jadekalebasse,Campione di fiasco di giada e xiranite,Muestra de Calabaza de jade de Xiranita,Amostra de Cabaça de Jade de Xiranita,Образец нефритовой фляги с ксиранитом,ตัวอย่าง​ฝัก​หยก​ซี​เรน​ไนต์,Mẫu Quả Bầu Ngọc Xiranite,Sampel Botol Cembung Giok Xiranite
枢壤仪,樞壤儀,Xiranite Nexus,枢壌儀,중추 식양 장치,Nexus en xiranite,Xiranit-Nexus,Nexus di xiranite,Nexus de Xiranita,Nexus de Xiranita,Ксиранитовый нексус,เ​น็​ก​ซัส​ซี​เรน​ไนต์,Trung Tâm Xiranite,Nexus Xiranite
枢壤仪·扩容Ⅰ型,樞壤儀·擴容I型,Xiranite Nexus XC-Ⅰ,枢壌儀・拡張Ⅰ,중추 식양 장치 · 확장 I형,Nexus en xiranite CA-I,Xiranit-Nexus XC-I,Nexus di xiranite XC-Ⅰ,Nexus de Xiranita XC-I,Nexus de Xiranita XC-I,Ксиранитовый нексус XC-I,เ​น็​ก​ซัส​ซี​เรน​ไนต์​ XC-I,Trung Tâm Xiranite XC-Ⅰ,Nexus Xiranite XC-I
枢壤仪·扩容Ⅱ型,樞壤儀·擴容II型,Xiranite Nexus XC-Ⅱ,枢壌儀・拡張Ⅱ,중추 식양 장치 · 확장 II형,Nexus en xiranite CA-II,Xiranit-Nexus XC-II,Nexus di xiranite XC-Ⅱ,Nexus de Xiranita XC-II,Nexus de Xiranita XC-II,Ксиранитовый нексус XC-II,เ​น็​ก​ซัส​ซี​เรน​ไนต์​ XC-II,Trung Tâm Xiranite XC-II,Nexus Xiranite XC-II
枢壤仪扫描,樞壤儀掃描,Xiranite Nexus: Scanner,"<p=""すうじょうぎ"" padding=0>枢壌儀</p>スキャン",중추 식양 장치 스캔,Nexus en xiranite : scanner,Xiranit-Nexus: Scanner,Nexus di xiranite: scansione,Nexus de Xiranita: Escáner,Nexus de Xiranita: Scanner,Ксиранитовый нексус: сканер,เ​น็​ก​ซัส​ซี​เรน​ไนต์​: เครื่อง​สแกน,Trung Tâm Xiranite: Máy Quét,Nexus Xiranite: Pemindai
枢壤仪升级,樞壤儀升級,Xiranite Nexus: Upgrade,"<p=""すうじょうぎ"" padding=0>枢壌儀</p>のランクアップ",중추 식양 장치 업그레이드,Nexus en xiranite : amélioration,Xiranit-Nexus: Verbesserung,Nexus di xiranite: potenziamento,Nexus de Xiranita: Mejora,Nexus de Xiranita: Upgrade,Ксиранитовый нексус: улучшение,เ​น็​ก​ซัส​ซี​เรน​ไนต์​: อัป​เกรด,Trung Tâm Xiranite: Nâng Cấp,Nexus Xiranite: Upgrade
息壤供电桩,息壤供電樁,Xiranite Pylon,息壌送電スタンド,식양 전력 공급기,Pylône de xiranite,Xiranit-Mast,Pilone di xiranite,Atalaya de Xiranita,Poste de Xiranita,Ксиранитовый пилон,เสา​ซี​เรน​ไนต์,Cột Xiranite,Tiang Xiranite
息壤供电桩模板,息壤供電樁模板,Xiranite Pylon Template,息壌送電スタンドの設計図,식양 전력 공급기 템플릿,Modèle de pylône de xiranite,Vorlage: Xiranit-Mast,Schema: pilone di xiranite,Molde de la Atalaya de Xiranita,Gabarito de Poste de Xiranita,Шаблон ксиранитового пилона,เทม​เพล​ต​เสา​ซี​เรน​ไนต์,Mẫu Cột Xiranite,Templat Tiang Xiranite
息壤中继器,息壤中繼器,Xiranite Relay,息壌中継タワー,식양 중계기,Relais de xiranite,Xiranit-Verteiler,Ripetitore di xiranite,Relé de Xiranita,Relé de Xiranita,Ксиранитовая вышка,รี​เลย์​ซี​เรน​ไนต์,Tiếp Điện Xiranite,Relai Xiranite
息壤中继器模板,息壤中繼器模板,Xiranite Relay Template,息壌中継タワーの設計図,식양 중계기 템플릿,Modèle de relais de xiranite,Vorlage: Xiranit-Verteiler,Schema: ripetitore di xiranite,Molde de relé de Xiranita,Gabarito de Relé de Xiranita,Шаблон ксиранитовой вышки,เทม​เพล​ตรี​เลย์​ซี​เรน​ไนต์,Mẫu Tiếp Điện Xiranite,Templat Relai Xiranite
息壤研究所,息壤研究所,Xiranite Research Labs,息壌研究所,식양 연구소,Laboratoire de recherche sur la xiranite,Xiranit-Forschungslabors,Laboratori di ricerca sulla xiranite,Laboratorios de investigación de Xiranita,Laboratórios de Pesquisa de Xiranita,Лаборатории исследования ксиранита,ห้อง​วิจัย​ซี​เรน​ไนต์,Phòng Nghiên Cứu Xiranite,Lab Penelitian Xiranite
壤晶,壤晶,Xircon,壌晶,양정,Xircon,Xircon,Xircone,Xirconio,Xircônio,Ксиркон,ซิ​ร์​คอน,Xircon,Xircon
壤晶废液,壤晶廢液,Xircon Effluent,壌晶廃液,양정 폐액,Xircon résiduel,Xircon-Abwasser,Xircone refluo,Efluente de xirconio,Efluente de Xircônio,Элюат ксиркона,น้ำทิ้ง​ซิ​ร์​คอน,Xircon Thải,Cairan Sisa Proses Xircon
寻龙渡,尋龍渡,Xunlung Ford,尋龍桟橋,심룡도,Gué de Xunlung,Xunglung-Furt,Guado di Xunlung,Vado de Xunlung,Vau de Xunlung,Переправа Сюньлун,ท่า​ข้าม​ซ​วิ่น​หลง,Bến Cạn Xunlung,Arungan Xunlung
彦宁的忧虑,彥寧的憂慮,Yan Ning's Concern,イェン・ニンの悩み,언녕의 염려,Préoccupation de Yan Ning,Yan Nings Sorge,Preoccupazione di Yan Ning,Preocupación de Yan Ning,Preocupação de Yan Ning,Заботы Янь Нин,ความกังวล​ของ​หยา​น​หนิง,Sự Quan Tâm Của Yan Ning,Kekhawatiran Yan Ning
藏剑谷炎国遗迹,藏劍谷炎國遺跡,Yanese Ruins of Sword Vault Dale,蔵剣谷の炎国遺跡,장검 골짜기 염국 유적,Ruines yanaises du Val du caveau des lames,Yanesische Ruinen im Tal des Schwertverlieses,Rovine yanesi della Valletta di Voltaspada,Ruinas yanesas del Valle Ocultaespadas,Ruínas Yanesas no Vale do Cofre de Espadas,Йенские руины в долине Залежи Клинков,ซาก​โบราณสถาน​หยา​น​แห่ง​เดล​คลัง​ดาบ,Di Chỉ Người Viêm ở Cốc Tàng Kiếm,Reruntuhan Yan di Lembah Benteng Pedang
芽针,芽針,Yazhen,芽針,야침,Chardille,Yazhen,Yazhen,Yazhen,Broto-Agulha,Ячжэнь,หน่อ​เข็ม,Mầm Lá Kim,Yazhen
芽针田块,芽針田塊,Yazhen Plot,芽針畑,야침 논배미,Parcelle de chardille,Yazhen-Beet,Terreno per yazhen,Terreno de Yazhen,Lote de Broto-Agulha,Участок ячжэня,แปลง​หน่อ​เข็ม,Ô Đất Mầm Lá Kim,Petak Yazhen
模拟芽针田块,模擬芽針田塊,Yazhen Plot (SIM),芽針模擬畑,시뮬레이션 야침 논배미,Parcelle de chardille (SIMU),Yazhen-Beet (SIM),Terreno per yazhen (SIM),Terreno de Yazhen (SIM),Lote de Broto-Agulha (SIM),Участок ячжэня (СИМ),แปลง​หน่อ​เข็ม​ (เทียม​),Ô Đất Mầm Lá Kim (Mô Phỏng),Petak Yazhen (SIM)
芽针粉末,芽針粉末,Yazhen Powder,芽針粉末,야침 가루,Poudre de chardille,Yazhen-Pulver,Polvere di yazhen,Polvo de Yazhen,Pó de Broto-Agulha,Молотый ячжэнь,ผง​หน่อ​เข็ม,Bột Mầm Lá Kim,Bubuk Yazhen
芽针种子,芽針種子,Yazhen Seed,芽針の種,야침 씨앗,Graine de chardille,Yazhen-Saat,Semi di yazhen,Semilla de Yazhen,Semente de Broto-Agulha,Семя ячжэня,เมล็ด​หน่อ​เข็ม,Hạt Mầm Lá Kim,Benih Yazhen
芽针溶液,芽針溶液,Yazhen Solution,芽針エキス,야침 용액,Solution de chardille,Yazhen-Lösung,Soluzione di yazhen,Solución de Yazhen,Solução de Broto-Agulha,Раствор ячжэня,สาร​สกัด​จาก​หน่อ​เข็ม,Dung Dịch Mầm Lá Kim,Larutan Yazhen
芽针溶液存放点,芽針溶液存放點,Yazhen Solution Storage,芽針エキス貯蔵スポット,야침 용액 보관 지점,Réserve de solution de chardille,Yazhen-Lösung-Lager,Stoccaggio di soluzione di yazhen,Almacenamiento de Solución de Yazhen,Armazenamento de Solução de Broto-Agulha,Хранилище раствора ячжэня,ที่เก็บ​สาร​สกัด​จาก​หน่อ​เข็ม,Lưu Trữ Dung Dịch Mầm Lá Kim,Penyimpanan Larutan Yazhen
大瓶芽针喷剂,大瓶芽針噴劑,Yazhen Spray [L],芽針スプレーⅡ,야침 스프레이(대),Vaporisateur de chardille [G],Yazhen-Spray [L],Spray di yazhen (L),Spray de Yazhen [G],Spray de Broto-Agulha [G],Ячжэневый спрей [бол.],สเปรย์​หน่อ​เข็ม​ [L],Bình Phun Mầm Lá Kim [Lớn],Semprotan Yazhen [L]
芽针喷剂,芽針噴劑,Yazhen Spray [S],芽針スプレーⅠ,야침 스프레이,Vaporisateur de chardille [P],Yazhen-Spray [S],Spray di yazhen (S),Spray de Yazhen [P],Spray de Broto-Agulha [P],Ячжэневый спрей [мал.],สเปรย์​หน่อ​เข็ม​ [S],Bình Phun Mầm Lá Kim [Nhỏ],Semprotan Yazhen [S]
优质芽针针剂,優質芽針針劑,Yazhen Syringe [A],芽針注射剤Ⅱ,고급 야침 주사약,Seringue de chardille [A],Yazhen-Spritze [A],Siringa di yazhen (A),Jeringa de Yazhen [A],Seringa de Broto-Agulha [A],Инъектор ячжэня [A],เข็ม​ฉีด​หน่อ​เข็ม​ [A],Ống Tiêm Mầm Lá Kim [A],Alat Suntik Yazhen [A]
芽针针剂,芽針針劑,Yazhen Syringe [C],芽針注射剤Ⅰ,야침 주사약,Seringue de chardille [C],Yazhen-Spritze [C],Siringa di yazhen (C),Jeringa de Yazhen [C],Seringa de Broto-Agulha [C],Инъектор ячжэня [C],เข็ม​ฉีด​หน่อ​เข็ม​ [C],Ống Tiêm Mầm Lá Kim [C],Alat Suntik Yazhen [C]
第一年的生日蛋糕,第一年的生日蛋糕,Year 1 Birthday Cake,1年目の誕生日ケーキ,첫 번째 생일 케이크,Gâteau d'anniversaire (1 an),1. Geburtstagskuchen,Torta del primo compleanno,Pastel de cumpleaños del primer año,Bolo de Aniversário de 1 Ano,Торт на первую годовщину,เค้ก​วันเกิด​ปี​ที่​ 1,Bánh Sinh Nhật Năm Thứ Nhất,Kue Ulang Tahun ke-1
黄色自动贩售机,黃色自動販賣機,Yellow Auto-Vender,黄自動販売機,노란색자동판매기,Jaune Distributeur automatique,Gelb Verkaufsautomat,Giallo Distributore automatico,Amarillo Máquina expendedora,Amarelo Máquina de venda automática,Желтая Торговый автомат,สีเหลือง ตู้จำหน่ายสินค้าอัตโนมัติ,Vàng Máy bán hàng tự động,Kuning Mesin penjual otomatis
黄色百叶箱,黃色百葉箱,Yellow Instrument Safe,黄百葉箱,노란색백엽상,Jaune Coffre d'instruments,Gelb Werkzeugsafe,Giallo Cassaforte per strumenti,Amarillo Caja fuerte para instrumentos,Amarelo Cofre para Instrumentos,Желтая Сейф с инструментами,สีเหลือง ตู้เซฟ​อุปกรณ์,Vàng Két Dụng Cụ,Kuning Brankas Instrumen
黄色包裹,黃色包裹,Yellow Package,黄荷物,노란색소포,Jaune Colis,Gelb Paket,Giallo Pacco,Amarillo Paquete,Amarelo Pacote,Желтая Посылка,สีเหลือง พัสดุ,Vàng Gói hàng,Kuning Paket
应龙哑铃,應龍啞鈴,Yinglung Dumbbells,応龍ダンベル,응룡의 아령,Haltères de Yinglung,Yinglung-Hantel,Manubrio di Yinglung,Mancuernas de Yinglung,Halteres de Yinglung,Умные гантели «Инлун»,ดั​ม​เบล​ของ​ห​ยิง​หลง,Tạ Tay Yinglung,Dumbel Yinglung
应龙队员的执勤记录,應龍隊員的執勤紀錄,Yinglung Duty Log,応龍隊員の勤務中の記録,응룡 대원의 근무 기록,Journal de fonction Yinglung,Yinglung-Dienstprotokoll,Registro di lavoro di Yinglung,Registro de deberes de Yinglung,Log de Tarefas de Yinglung,Поручения «Инлуна»,บันทึก​หน้าที่​ห​ยิง​หลง,Nhật Ký Nhiệm Vụ Yinglung,Log Tugas Yinglung
应龙队员的望远记录,應龍隊員的望遠紀錄,Yinglung Observation Log,応龍隊員の遠望記録,응룡 대원의 망원 기록,Journal d'observation Yinglung,Yinglung-Überwachungs-Logbuch,Registro di osservazione di Yinglung,Registro de observación Yinglung,Log de Observação de Yinglung,Журнал наблюдений группы «Инлун»,บันทึก​การ​สังเกตการณ์​หน่วย​ห​ยิง​หลง,Nhật Ký Quan Sát Yinglung,Log Pengamatan Yinglung
应龙关,應龍關,Yinglung Pass,応龍関,응룡 관문,Col de Yinglung,Yinglung-Pass,Valico di Yinglung,Paso de Yinglung,Passagem de Yinglung,Застава «Инлуна»,ทางผ่าน​ห​ยิง​หลง,Đèo Yinglung,Terusan Yinglung
应龙关渡口,應龍關渡口,Yinglung Pass Raft Station,応龍関の渡し場,응룡 관문 나루터,Col de Yinglung - Quai,Yinglung-Pass-Floßstation,Stazione per zattere del Valico di Yinglung,Estación de balsas del Paso de Yinglung,Estação de Jangadas da Passagem de Yinglung,Причал на заставе «Инлуна»,ท่า​แพ​ทางผ่าน​ห​ยิง​หลง,Trạm Bè Đèo Yinglung,Stasiun Rakit Terusan Yinglung
应龙桩,應龍樁,Yinglung Pillar,"<p=""おうりゅうこう"" padding=0>応龍杭</p>",응룡장,Pilier des Yinglungs,Yinglung-Säule,Colonna Yinglung,Pilar de Yinglung,Pilar de Yinglung,Столб «Инлуна»,เสา​ห​ยิง​หลง,Cột Đặc Nhiệm,Pilar Yinglung
应龙桩 - 指引线,應龍樁 - 指引線,Yinglung Pillar: Guiding Line,"<p=""おうりゅうこう"" padding=0>応龍杭</p> - 導きの線",응룡장 - 안내선,Pilier des Yinglungs : ligne directrice,Yinglung-Säule: Führungslinie,Colonna Yinglung: linea guida,Pilar de Yinglung: Línea guía,Pilar de Yinglung: Linha Guia,Столб «Инлуна»: указатель,เสา​ห​ยิง​หลง​: เส้น​นำทาง,Cột Đặc Nhiệm: Đường Dẫn Hướng,Pilar Yinglung: Garis Pandu
新笋,新筍,Young Bamboo Sprout,新筍,파릇파릇한 죽순,Jeune pousse de bambou,Junge Bambussprosse,Germoglio giovane di bambù,Brote de bambú joven,Broto de Bambu Jovem,Побег молодого бамбука,หน่อไม้​อ่อน,Mầm Tre Non,Rebung Muda
年轻的理想,年輕的理想,Youthful Dreams,若き理想,어린 시절의 꿈,Rêves de jeunesse,Träume der Jugend,Sogni di gioventù,Sueños de juventud,Sonhos Juvenis,Мечты юности,ความฝัน​แห่ง​วัยเยาว์,Giấc Mơ Tuổi Trẻ,Mimpi Masa Muda
蚀影应龙队长,蝕影應龍隊長,YSTF Captain Blightshade,応龍隊長の蝕影,그림자에 물든 응룡 대장,Gangrénombre capitaine des FSY,YSE-Hauptmann-Verderbnisschatten,Ombra contaminante Capitano STEY,Sombra contaminada de capitán del EFEY,Sombra da Praga de Capitão da FTEY,Моротень капитана спецопергруппы «Инлун»,เงา​เสื่อมโทรม​ผู้กอง​ YSTF,Bóng Nhiễm Khuẩn ĐĐNY Trưởng Nhóm,Bayang-bayang Hawar Kapten Satgassus Yinglung
蚀影应龙尖兵,蝕影應龍尖兵,YSTF Elite Blightshade,応龍精鋭先鋒の蝕影,그림자에 물든 응룡 대원 · 정예,Gangrénombre élite des FSY,YSE-Elite-Verderbnisschatten,Ombra contaminante élite STEY,Sombra contaminada de élite del EFEY,Sombra da Praga de Elite da FTEY,Моротень элитного бойца спецопергруппы «Инлун»,เงา​เสื่อมโทรม​ YSTF ระดับสูง,Bóng Nhiễm Khuẩn ĐĐNY Tinh Anh,Bayang-bayang Hawar Elite Satgassus Yinglung
应龙档案室,應龍檔案室,YSTF Filing Room,応龍資料室,응룡 자료실,Salle d'archives des FSY,YSE-Archiv,Archivio della STEY,Sala de archivos del EFEY,Arquivos da FTEY,Архив спецопергруппы «Инлун»,ห้อง​เอกสาร​ของ​ YSTF,Phòng Lưu Trữ ĐĐNY,Ruang Arsip Satgassus Yinglung
蚀影应龙破阵手,蝕影應龍破陣手,YSTF Glaiver Blightshade,応龍突撃兵の蝕影,그림자에 물든 응룡 대원 · 돌파,Gangrénombre lancier des FSY,YSE-Glefenträger-Verderbnisschatten,Ombra contaminante Maestro di falcione STEY,Sombra contaminada con guja del EFEY,Sombra da Praga de Guja da FTEY,Моротень спецопергруппы «Инлун» с глевией,เงา​เสื่อมโทรม​พล​เกล​ฟ​ YSTF,Bóng Nhiễm Khuẩn ĐĐNY Đao Thủ,Bayang-bayang Hawar Glaiver Satgassus Yinglung
应龙主营,應龍主營,YSTF Main Camp,応龍本陣,응룡 주 영지,Camp principal des FSY,YSE-Hauptquartier,Accampamento principale della STEY,Campamento base EFEY,Acampamento Base FTEY,Главный лагерь спецопергруппы «Инлун»,ค่าย​หลัก​ของ​ YSTF,Trại Chính ĐĐNY,Kamp Utama Satgassus Yinglung
蚀影应龙前锋,蝕影應龍前鋒,YSTF Vanguard Blightshade,応龍先鋒の蝕影,그림자에 물든 응룡 대원 · 선봉,Gangrénombre avant-garde des FSY,YSE-Vorhut-Verderbnisschatten,Ombra contaminante di avanguardia STEY,Sombra contaminada de vanguardia del EFEY,Sombra da Praga de Vanguarda da FTEY,Моротень авангарда спецопергруппы «Инлун»,เงา​เสื่อมโทรม​แนวหน้า​ YSTF,Bóng Nhiễm Khuẩn ĐĐNY Tiên Phong,Bayang-bayang Hawar Garda Depan Satgassus Yinglung
伊冯,伊馮,Yvonne,イヴォンヌ,이본,Yvonne,Yvonne,Yvonne,Yvonne,Yvonne,Ивонна,อี​วอน,Yvonne,Yvonne
伊冯发来的消息,伊馮傳來的訊息,Yvonne's Message,イヴォンヌからのメッセージ,이본이 보낸 메시지,Message d'Yvonne,Yvonnes Nachricht,Messaggio di Yvonne,Mensaje de Yvonne,Mensagem de Yvonne,Сообщение Ивонны,ข้อความ​ของ​อี​วอน,Tin Nhắn Của Yvonne,Pesan Yvonne
伊冯的信物,伊馮的信物,Yvonne's Token,イヴォンヌの印,이본의 증표,Jeton d'Yvonne,Yvonnes Token,Gettone di Yvonne,Ficha de Yvonne,Símbolo de Yvonne,Жетон Ивонны,โท​เคน​ของ​อี​วอน,Tín Vật của Yvonne,Token Yvonne
摘菱屿,摘菱嶼,Zhailing Islet,菱摘島,적릉서,Îlot de Zhailing,Zhailing-Insel,Isola di Zhailing,Islote Zhailing,Ilhota Zhailing,Островок Чжайлин,เกาะ​จ้าย​หลิง,Cồn Hái Ấu,Gili Zhailing
庄方宜,莊方宜,Zhuang Fangyi,ゾアン・ファンイ,장방이,Zhuang Fangyi,Zhuang Fangyi,Zhuang Fangyi,Zhuang Fangyi,Zhuang Fangyi,Чжуан Фанъи,จวง​ฟาง​อี้,Zhuang Fangyi,Zhuang Fangyi
庄方宜的信物,莊方宜的信物,Zhuang Fangyi's Token,ゾアン・ファンイの印,장방이의 증표,Jeton de Zhuang Fangyi,Zhuang Fangyis Token,Gettone di Zhuang Fangyi,Ficha de Zhuang Fangyi,Símbolo de Zhuang Fangyi,Жетон Чжуан Фанъи,โท​เคน​ของ​จวง​ฟาง​อี้,Tín Vật của Zhuang Fangyi,Token Zhuang Fangyi
滑索架,滑索架,Zipline Pylon,ジップライン,집라인 후크,Pylône à tyrolienne,Seilbahnmast,Pilone della teleferica,Atalaya de tirolesa,Poste de Tirolesa,Зиплайн-пилон,เสา​ซิป​ไลน์,Cột Zipline,Tiang Luncur Gantung
滑索架 - 一,滑索架 - 一,Zipline Pylon (1),ジップライン - 1,집라인 후크 - 1,Pylône à tyrolienne (1),Seilbahnmast (1),Pilone della teleferica (1),Atalaya de tirolesa (1),Poste de Tirolesa (1),Зиплайн-пилон (1),เสา​ซิป​ไลน์​ (1),Cột Zipline (1),Tiang Luncur Gantung (1)
滑索架 - 二,滑索架 - 二,Zipline Pylon (2),ジップライン - 2,집라인 후크 - 2,Pylône à tyrolienne (2),Seilbahnmast (2),Pilone della teleferica (2),Atalaya de tirolesa (2),Poste de Tirolesa (2),Зиплайн-пилон (2),เสา​ซิป​ไลน์​ (2),Cột Zipline (2),Tiang Luncur Gantung (2)
滑索架模板,滑索架模板,Zipline Pylon Template,ジップラインの設計図,집라인 후크 템플릿,Modèle de pylône à tyrolienne,Vorlage: Seilbahnmast,Schema: pilone della teleferica,Molde de la Atalaya de tirolesa,Gabarito de Poste de Tirolesa,Шаблон зиплайн-пилона,เทม​เพล​ต​เสา​ซิป​ไลน์,Mẫu Cột Zipline,Templat Tiang Luncur Gantung
长距滑索架,長距滑索架,Zipline Tower,長距離ジップライン,장거리 집라인 후크,Tour à tyrolienne,Seilbahnstütze,Torre della teleferica,Torre de tirolesa,Torre de Tirolesa,Зиплайн-вышка,หอ​ซิป​ไลน์,Tháp Zipline,Menara Luncur Gantung
长距滑索架 - 一,長距滑索架 - 一,Zipline Tower (1),長距離ジップライン - 1,장거리 집라인 후크 - 1,Tour à tyrolienne (1),Seilbahnstütze (1),Torre della teleferica (1),Torre de tirolesa (1),Torre de Tirolesa (1),Зиплайн-вышка (1),หอ​ซิป​ไลน์​ (1),Tháp Zipline (1),Menara Luncur Gantung (1)
长距滑索架 - 二,長距滑索架 - 二,Zipline Tower (2),長距離ジップライン - 2,장거리 집라인 후크 - 2,Tour à tyrolienne (2),Seilbahnstütze (2),Torre della teleferica (2),Torre de tirolesa (2),Torre de Tirolesa (2),Зиплайн-вышка (2),หอ​ซิป​ไลน์​ (2),Tháp Zipline (2),Menara Luncur Gantung (2)
长距滑索架 - 三,長距滑索架 - 三,Zipline Tower (3),長距離ジップライン - 3,장거리 집라인 후크 - 3,Tour à tyrolienne (3),Seilbahnstütze (3),Torre della teleferica (3),Torre de tirolesa (3),Torre de Tirolesa (3),Зиплайн-вышка (3),หอ​ซิป​ไลน์​ (3),Tháp Zipline (3),Menara Luncur Gantung (3)
长距滑索架模板,長距滑索架模板,Zipline Tower Template,長距離ジップラインの設計図,장거리 집라인 후크 템플릿,Modèle de tour à tyrolienne,Vorlage: Seilbahnstütze,Schema: torre teleferica,Molde de la Torre de tirolesa,Gabarito de Torre de Tirolesa,Шаблон зиплайн-вышки,เทม​เพล​ต​หอ​ซิป​ไลน์,Mẫu Tháp Zipline,Templat Menara Luncur Gantung
超域实体,超域實體,Æther Manifest,超域実体,초자연 실체,Manifestation æthérique,Æther-Manifest,Sfera di Æther,Manifestación de éter,Manifestação do Æther,Воплощение эфира,ภูต​สำแดง​เอ​เทอร์,Thực Thể Æther,Manifestasi Æther
超域实体碎片,超域實體碎片,Æther Manifest Shard,超域実体の欠片,초자연 실체 조각,Éclat de manifestation æthérique,Æther-Manifest-Splitter,Frammento di sfera di Æther,Fragmento de Manifestación de éter,Fragmento de Manifestação do Æther,Фрагмент воплощения эфира,เศษ​ภูต​สำแดง​เอ​เทอร์,Mảnh Thực Thể Æther,Serpihan Manifestasi Æther
超域试验场,超域實驗場,Æther Test Site,超域実験場,초자연 실험장,Site d'essais æthériques,Æther-Testgelände,Area test dell'Æther,Zona de pruebas de éter,Local de Teste do Æther,Лаборатория исследования эфира,พื้นที่​ทดสอบ​เอ​เทอร์,Khu Thử Nghiệm Æther,Lokasi Uji Coba Æther
轻超域分析环,輕超域分析環,Æthertech Analysis Band,軽量超域分析バンド,경량 초자연 분석 반지,Bande d'analyse Æthertech,Æthertech-Analyseband,Fascia di analisi Æthertech,Banda de análisis de etertecnología,Faixa de Análise de Æthertech,Аналитический обруч «Эфиртех»,แถบ​วิเคราะห์​เอ​เทอร์​เทค,Vòng Tay Phân Tích Æthertech,Pita Analisis Æthertech
轻超域护手,輕超域護手,Æthertech Gloves,軽量超域ガントレット,경량 초자연 보호 장갑,Gants Æthertech,Æthertech-Handschuhe,Guanti Æthertech,Guantes de etertecnología,Luvas Æthertech,Перчатки «Эфиртех»,ถุงมือ​เอ​เทอร์​เทค,Găng Tay Æthertech,Sarung Tangan Æthertech
轻超域轻护手,輕超域輕護手,Æthertech Light Gloves,軽量超域プロテクター,경량 초자연 경량 보호 장갑,Gants légers Æthertech,Leichte Æthertech-Handschuhe,Guanti leggeri Æthertech,Guantes livianos de etertecnología,Luvas Leves Æthertech,Легкие перчатки «Эфиртех»,ถุงมือ​เบา​เอ​เทอร์​เทค,Găng Tay Nhẹ Æthertech,Sarung Tangan Ringan Æthertech
轻超域护板,輕超域護板,Æthertech Plating,軽量超域プレート,경량 초자연 보호판,Revêtement Æthertech,Æthertech-Panzerung,Piastre Æthertech,Blindaje de etertecnología,Revestimento Æthertech,Латы «Эфиртех»,แผ่น​เกราะ​เอ​เทอร์​เทค,Tấm Giáp Æthertech,Lapisan Æthertech
轻超域稳定盘,輕超域穩定器,Æthertech Stabilizer,軽量超域安定器,경량 초자연 안정판,Stabilisateur Æthertech,Æthertech-Stabilisator,Stabilizzatore Æthertech,Estabilizador de etertecnología,Estabilizador Æthertech,Стабилизатор «Эфиртех»,ตัว​ปรับ​สมดุล​เอ​เทอร์​เทค,Bộ Ổn Định Æthertech,Stabilisator Æthertech
轻超域稳定盘·壹型,輕超域穩定器·I,Æthertech Stabilizer T1,軽量超域安定器Ⅰ,경량 초자연 안정판 · I,Stabilisateur Æthertech G1,Æthertech-Stabilisator S1,Stabilizzatore Æthertech O1,Estabilizador de etertecnología T1,Estabilizador Æthertech T1,Стабилизатор «Эфиртех» К1,ตัว​ปรับ​สมดุล​เอ​เทอร์​เทค​ T1,Bộ Ổn Định Æthertech T1,Stabilisator Æthertech T1
轻超域腕表,輕超域腕錶,Æthertech Watch,軽量超域腕時計,경량 초자연 손목시계,Montre Æthertech,Æthertech-Armbanduhr,Orologio Æthertech,Reloj de etertecnología,Relógio Æthertech,Часы «Эфиртех»,นาฬิกา​เอ​เทอร์​เทค,Đồng Hồ Æthertech,Jam Tangan Æthertech
表象,表象,Æthillu,イーサルー,잔영,Æthillu,Æthillu,Æthillu,Éthillu,Æthillu,Эфирлюзия,เงา​มายา,Æthillu,Æthillu
